{
"type": "FeatureCollection",
"name": "settlement_estimates",
"crs": { "type": "name", "properties": { "name": "urn:ogc:def:crs:OGC::CRS84" } },
"features": [
{ "type": "Feature", "properties": { "codigo_ai": 2823004, "nombre_ai": "AFE", "nombre_dep": "Artigas", "nombre_loc": "Cuareim", "fecha_desde": 2020, "footprints_all": 26, "footprints_min6": 26, "footprints_min10": 24, "oai_viviendas": null, "oai_personas": null, "est_dwellings": 23.0, "est_population": 78.0, "meets_definition": true }, "geometry": { "type": "Polygon", "coordinates": [ [ [ -57.577356515795152, -30.23595587280581 ], [ -57.575423513192405, -30.233304151647971 ], [ -57.574361134157158, -30.233742268052723 ], [ -57.576359010816248, -30.236333794374371 ], [ -57.577356515795152, -30.23595587280581 ] ] ] } },
{ "type": "Feature", "properties": { "codigo_ai": 2220004, "nombre_ai": "Atras De La Bomba De Ose", "nombre_dep": "Artigas", "nombre_loc": "Artigas", "fecha_desde": 1985, "footprints_all": 186, "footprints_min6": 186, "footprints_min10": 178, "oai_viviendas": null, "oai_personas": null, "est_dwellings": 167.0, "est_population": 568.0, "meets_definition": true }, "geometry": { "type": "MultiPolygon", "coordinates": [ [ [ [ -56.455249520524553, -30.401451658472102 ], [ -56.455129705996768, -30.401800779014884 ], [ -56.455264474092033, -30.401831954596279 ], [ -56.455258134383534, -30.401848618680759 ], [ -56.455239600181429, -30.40190539528535 ], [ -56.455169113201073, -30.402152718603212 ], [ -56.455112436687109, -30.402351583628089 ], [ -56.455052619575525, -30.402520373443657 ], [ -56.454968394711656, -30.402750158289425 ], [ -56.454986691087434, -30.402786311111246 ], [ -56.455040116782897, -30.402869802568478 ], [ -56.455012324139247, -30.402907110333128 ], [ -56.454992219783229, -30.402923007689306 ], [ -56.45496834210735, -30.402949694460215 ], [ -56.454959913690935, -30.402971465433559 ], [ -56.454952188575874, -30.403011496404812 ], [ -56.45495429524663, -30.403038183321332 ], [ -56.454954296018585, -30.403092962636169 ], [ -56.454947272968923, -30.403109114904172 ], [ -56.45505919942056, -30.403455950885224 ], [ -56.455242972136098, -30.403416737342109 ], [ -56.455506233950572, -30.403359647519178 ], [ -56.455488330116864, -30.403229995733071 ], [ -56.455489948014957, -30.403104082700018 ], [ -56.455560347515473, -30.402977405121575 ], [ -56.455634555577042, -30.402887022884894 ], [ -56.455730225397609, -30.402796104687994 ], [ -56.455943973525081, -30.40261245016903 ], [ -56.456486449557154, -30.402178200432058 ], [ -56.456528052685783, -30.402145048446336 ], [ -56.455980682200007, -30.401602372354155 ], [ -56.455983910523472, -30.401599724665083 ], [ -56.45597689858063, -30.401590825006764 ], [ -56.455800736407852, -30.401452056790454 ], [ -56.455797272921558, -30.401434972830117 ], [ -56.455815004389223, -30.401397665377477 ], [ -56.455952763778711, -30.401236596707275 ], [ -56.456072780259518, -30.401102638369661 ], [ -56.456544665383973, -30.400703162753249 ], [ -56.456060313803277, -30.400236413292479 ], [ -56.455971226168742, -30.400298007297224 ], [ -56.455586107282244, -30.400720759537997 ], [ -56.455505455096599, -30.400688010544933 ], [ -56.455422432434581, -30.400824509425735 ], [ -56.455522756175178, -30.400870508991847 ], [ -56.455249520524553, -30.401451658472102 ] ] ], [ [ [ -56.456023935250627, -30.400211883832821 ], [ -56.455862303403016, -30.400066236855906 ], [ -56.455389838852007, -30.400629286728719 ], [ -56.455553943057453, -30.400697292477421 ], [ -56.456023935250627, -30.400211883832821 ] ] ] ] } },
{ "type": "Feature", "properties": { "codigo_ai": 2220008, "nombre_ai": "Ayui", "nombre_dep": "Artigas", "nombre_loc": "Artigas", "fecha_desde": 2000, "footprints_all": 146, "footprints_min6": 146, "footprints_min10": 133, "oai_viviendas": null, "oai_personas": null, "est_dwellings": 131.0, "est_population": 445.0, "meets_definition": true }, "geometry": { "type": "MultiPolygon", "coordinates": [ [ [ [ -56.456473777631679, -30.414345584398287 ], [ -56.456049391644221, -30.41427413151705 ], [ -56.455821989185957, -30.415402679066251 ], [ -56.455776847700896, -30.415396563170319 ], [ -56.455664034694912, -30.41537985272867 ], [ -56.455570769674466, -30.415764190731256 ], [ -56.455705089665138, -30.415793467267147 ], [ -56.455612260355302, -30.416306916545548 ], [ -56.455479632371578, -30.416294757064893 ], [ -56.455460063896062, -30.416422371777653 ], [ -56.455435693367264, -30.416581313461673 ], [ -56.45552404609996, -30.416597651398369 ], [ -56.455577955375354, -30.41660762012306 ], [ -56.455511772476171, -30.41677191006222 ], [ -56.45540911096834, -30.416883196114441 ], [ -56.455398350071214, -30.416894861464733 ], [ -56.455297478993678, -30.416894440703061 ], [ -56.455255877172412, -30.417065612650127 ], [ -56.455283347393127, -30.417079768341846 ], [ -56.455265204274333, -30.417126703227098 ], [ -56.455209524184255, -30.417328267350918 ], [ -56.455205633546427, -30.41735501761876 ], [ -56.455217364820605, -30.417366423965365 ], [ -56.45552666274596, -30.417402603847481 ], [ -56.455473941912267, -30.417707719905501 ], [ -56.455980896991171, -30.417776687106265 ], [ -56.456011913596328, -30.417494104972754 ], [ -56.455931973336376, -30.41748424362925 ], [ -56.455939012841228, -30.417450085256757 ], [ -56.456120497395368, -30.416521193045025 ], [ -56.4561166629938, -30.416484341769099 ], [ -56.456473777631679, -30.414345584398287 ] ] ], [ [ [ -56.456372692445861, -30.419313349937607 ], [ -56.456415342490821, -30.419314880182256 ], [ -56.456437499236522, -30.419371099769137 ], [ -56.456478983114948, -30.419501325760962 ], [ -56.456563111659783, -30.419573782693586 ], [ -56.45671978387815, -30.419636303907108 ], [ -56.456849897254131, -30.419683347765247 ], [ -56.456968669394314, -30.419760363912772 ], [ -56.456999793857143, -30.419794711735662 ], [ -56.457038663358411, -30.419813749437875 ], [ -56.457034292987927, -30.41985876289969 ], [ -56.456900592194202, -30.419912322751102 ], [ -56.456711584409739, -30.419899972369073 ], [ -56.456559423152733, -30.419915468324518 ], [ -56.456538861864047, -30.420144182024529 ], [ -56.456543213541345, -30.4202051714683 ], [ -56.456539124173659, -30.420292625163071 ], [ -56.456550014257722, -30.420364412667244 ], [ -56.456525827759187, -30.420446119349236 ], [ -56.457486657211135, -30.420557952821618 ], [ -56.457589444503775, -30.41992290348929 ], [ -56.457596345249364, -30.419878182965292 ], [ -56.457702623752731, -30.419191643530475 ], [ -56.456383433284913, -30.419030150046201 ], [ -56.45631697326391, -30.419023305775017 ], [ -56.455989920648165, -30.418983141924674 ], [ -56.455670096370639, -30.419249879996276 ], [ -56.455755229687682, -30.419277161106042 ], [ -56.455788048455567, -30.419291283039112 ], [ -56.45580457690037, -30.419297622592136 ], [ -56.455847746411287, -30.419313429086841 ], [ -56.455883051794608, -30.419329396807168 ], [ -56.455988405877427, -30.419385724927302 ], [ -56.456042968245278, -30.419409636207327 ], [ -56.456199595489572, -30.419491801837506 ], [ -56.456211952995503, -30.419495492617518 ], [ -56.456232332936523, -30.419500146262678 ], [ -56.456239634707082, -30.419501510394859 ], [ -56.456372692445861, -30.419313349937607 ] ] ] ] } },
{ "type": "Feature", "properties": { "codigo_ai": 2925001, "nombre_ai": "Cainsa", "nombre_dep": "Artigas", "nombre_loc": "Cainsa", "fecha_desde": 2004, "footprints_all": 84, "footprints_min6": 84, "footprints_min10": 80, "oai_viviendas": null, "oai_personas": null, "est_dwellings": 76.0, "est_population": 258.0, "meets_definition": true }, "geometry": { "type": "Polygon", "coordinates": [ [ [ -57.614622902282306, -30.382329449283173 ], [ -57.614279928840183, -30.382089830874747 ], [ -57.613837635958049, -30.382198138044 ], [ -57.613622738881588, -30.382354353719951 ], [ -57.613580670466114, -30.382355401327654 ], [ -57.612902992703994, -30.382415318421526 ], [ -57.612735479821573, -30.382488090801367 ], [ -57.612808251257164, -30.383126565363433 ], [ -57.613343795038674, -30.383107479279886 ], [ -57.614568429530145, -30.384515371251876 ], [ -57.614955096797274, -30.38581932275396 ], [ -57.615398809149305, -30.387497169600831 ], [ -57.615430679862733, -30.388517060396353 ], [ -57.615762999595518, -30.388354053840974 ], [ -57.616099062125684, -30.387983996202276 ], [ -57.616275776075625, -30.386958152378128 ], [ -57.618660935398395, -30.385122999385914 ], [ -57.617232689118865, -30.384875960504438 ], [ -57.617000871753383, -30.384386910236426 ], [ -57.616348010312478, -30.383090865841169 ], [ -57.616028085628912, -30.383247394951344 ], [ -57.615280227390045, -30.382313082394379 ], [ -57.614622902282306, -30.382329449283173 ] ] ] } },
{ "type": "Feature", "properties": { "codigo_ai": 2220014, "nombre_ai": "Cala", "nombre_dep": "Artigas", "nombre_loc": "Artigas", "fecha_desde": 2002, "footprints_all": 36, "footprints_min6": 36, "footprints_min10": 32, "oai_viviendas": null, "oai_personas": null, "est_dwellings": 32.0, "est_population": 109.0, "meets_definition": true }, "geometry": { "type": "Polygon", "coordinates": [ [ [ -56.487299835784967, -30.411562154110765 ], [ -56.487378614440196, -30.411225993173311 ], [ -56.487175753435402, -30.410823255592199 ], [ -56.487392878164705, -30.410761496868513 ], [ -56.48731942349422, -30.410602345125092 ], [ -56.48721169072487, -30.410438295943976 ], [ -56.487117624783913, -30.410282870316625 ], [ -56.486959495887945, -30.410083264764399 ], [ -56.486817072683507, -30.409888670331263 ], [ -56.486680368131971, -30.409752719074714 ], [ -56.486545118843196, -30.409650698630685 ], [ -56.486349394884883, -30.409773153470002 ], [ -56.486467437185524, -30.409945863503239 ], [ -56.486508610973118, -30.410106442709996 ], [ -56.48654325186051, -30.410604793863879 ], [ -56.486573126292321, -30.411179626061614 ], [ -56.486575472835021, -30.411263009496224 ], [ -56.486589674990668, -30.41128706340389 ], [ -56.486664151975859, -30.411315775958972 ], [ -56.486894216189732, -30.411416256700804 ], [ -56.48712218968155, -30.411508488233203 ], [ -56.487202542323473, -30.411536164157333 ], [ -56.487233449073265, -30.411544197647398 ], [ -56.487299835784967, -30.411562154110765 ] ] ] } },
{ "type": "Feature", "properties": { "codigo_ai": 2220013, "nombre_ai": "Camino Al Pintadito", "nombre_dep": "Artigas", "nombre_loc": "Pintadito", "fecha_desde": 2004, "footprints_all": 393, "footprints_min6": 393, "footprints_min10": 346, "oai_viviendas": null, "oai_personas": null, "est_dwellings": 354.0, "est_population": 1204.0, "meets_definition": true }, "geometry": { "type": "Polygon", "coordinates": [ [ [ -56.478874103399882, -30.432797692546604 ], [ -56.477761280730967, -30.432468481895071 ], [ -56.477791854932306, -30.432240571997632 ], [ -56.477819076037413, -30.432037644684431 ], [ -56.477104517085188, -30.431927308609534 ], [ -56.476731473837553, -30.432200522609847 ], [ -56.476699949557101, -30.432662884687169 ], [ -56.477719099174529, -30.432954990877306 ], [ -56.477812934424065, -30.433025684494048 ], [ -56.477881427599669, -30.433262083242017 ], [ -56.477981954414531, -30.433493035139229 ], [ -56.477981130312713, -30.433526346018347 ], [ -56.478002751422849, -30.433697193120288 ], [ -56.478012407901097, -30.433810237153565 ], [ -56.477967787483571, -30.433945696789181 ], [ -56.477934171149592, -30.433997866259631 ], [ -56.475604814067353, -30.434298346707443 ], [ -56.474572754638238, -30.434690355841358 ], [ -56.473094003286931, -30.434965043927502 ], [ -56.473027321785793, -30.434643686300863 ], [ -56.473448008170323, -30.434605911125871 ], [ -56.473437429521887, -30.434402255760752 ], [ -56.473873261280765, -30.43415210229519 ], [ -56.473492866385968, -30.433752788289905 ], [ -56.471862859294902, -30.433724936825914 ], [ -56.471859709526726, -30.434394499094463 ], [ -56.47156825160102, -30.434406265053511 ], [ -56.471502509326832, -30.434152546735326 ], [ -56.470521108179675, -30.434281152875062 ], [ -56.469974680692175, -30.434223357457256 ], [ -56.469601637782638, -30.434086750095648 ], [ -56.468988967776177, -30.434504955107016 ], [ -56.468128735763301, -30.434319031619147 ], [ -56.468105411157843, -30.433617649333385 ], [ -56.46713351864171, -30.433611834573433 ], [ -56.465861954319827, -30.433567816948216 ], [ -56.464515935283835, -30.433482709195896 ], [ -56.464362338152867, -30.433476606044675 ], [ -56.464194737908464, -30.433596591919105 ], [ -56.464097606578385, -30.433680391728068 ], [ -56.464008092669481, -30.433785141760236 ], [ -56.463956670828878, -30.43387656026335 ], [ -56.46392048403969, -30.434025114263864 ], [ -56.464404237750536, -30.434047493066629 ], [ -56.46447851519509, -30.434072727932676 ], [ -56.464552792321612, -30.434133673618241 ], [ -56.464600406474709, -30.434240328340938 ], [ -56.464615642331395, -30.434346981991563 ], [ -56.46457755131761, -30.434423164550619 ], [ -56.464628973999872, -30.434539341475219 ], [ -56.464979410710875, -30.434665040855631 ], [ -56.465249288794439, -30.434780915326733 ], [ -56.465321744673979, -30.434806136839121 ], [ -56.465374258026621, -30.43491443021944 ], [ -56.465421027048535, -30.434979418207035 ], [ -56.465532398732897, -30.435091865295632 ], [ -56.465644291056208, -30.435214682788377 ], [ -56.465743132322395, -30.435300568224267 ], [ -56.465895035455937, -30.435444355483931 ], [ -56.465979529464839, -30.435513900356153 ], [ -56.46599071206812, -30.435577317677364 ], [ -56.465987491330111, -30.435662890003432 ], [ -56.465974480797392, -30.435729293584984 ], [ -56.465951860993925, -30.435771108550661 ], [ -56.46591985400908, -30.43619226084002 ], [ -56.46709543715771, -30.43608301380177 ], [ -56.467555774618347, -30.435961260732736 ], [ -56.467697531184918, -30.43532273231483 ], [ -56.467949848854886, -30.435351020216277 ], [ -56.468194187930294, -30.435388839470708 ], [ -56.468400897745269, -30.435428581400156 ], [ -56.468579885766637, -30.435463185676443 ], [ -56.468718289801586, -30.435483041127284 ], [ -56.468721200451306, -30.435510516972283 ], [ -56.468905986293045, -30.435999769880635 ], [ -56.468702271133552, -30.436723796246618 ], [ -56.468718527846598, -30.436954611388842 ], [ -56.468817957278752, -30.436999859037964 ], [ -56.469380878670918, -30.436835118756299 ], [ -56.469474164608727, -30.436837937103309 ], [ -56.469921186531408, -30.436512070460005 ], [ -56.471156765915325, -30.436282291756061 ], [ -56.471910509236935, -30.436019615445343 ], [ -56.472604559950817, -30.435766865213392 ], [ -56.472787057983936, -30.435952769526477 ], [ -56.472698454541344, -30.436833759290625 ], [ -56.473477261846831, -30.43687997581879 ], [ -56.474784907672017, -30.437258065334806 ], [ -56.475450741557523, -30.435779652810588 ], [ -56.475711155861291, -30.435765814299732 ], [ -56.476004727628606, -30.435662050607274 ], [ -56.477291510427179, -30.435067737426156 ], [ -56.47753916218246, -30.434834979324897 ], [ -56.47820788075024, -30.434165562250012 ], [ -56.478376012322698, -30.434228611472111 ], [ -56.47857566891129, -30.434002684581177 ], [ -56.478911932758187, -30.433577100997457 ], [ -56.478874103399882, -30.432797692546604 ] ] ] } },
{ "type": "Feature", "properties": { "codigo_ai": 2962001, "nombre_ai": "Cerro San Eugenio", "nombre_dep": "Artigas", "nombre_loc": "Artigas", "fecha_desde": 2003, "footprints_all": 568, "footprints_min6": 568, "footprints_min10": 505, "oai_viviendas": null, "oai_personas": null, "est_dwellings": 511.0, "est_population": 1737.0, "meets_definition": true }, "geometry": { "type": "Polygon", "coordinates": [ [ [ -56.472943201025629, -30.429235451123191 ], [ -56.47295503346546, -30.428711350489145 ], [ -56.472964294661871, -30.42830599939581 ], [ -56.472960625442923, -30.428265063302415 ], [ -56.473049166081857, -30.428272403377562 ], [ -56.473106955326067, -30.42827324394063 ], [ -56.473166938779045, -30.428272503333812 ], [ -56.473611916042884, -30.428269717869444 ], [ -56.473853167818419, -30.428251486821114 ], [ -56.473886246451578, -30.428245983851429 ], [ -56.473922412701789, -30.428160313841968 ], [ -56.473889405485629, -30.428109050874625 ], [ -56.473737075705451, -30.428024063121544 ], [ -56.473470702242096, -30.427887895901364 ], [ -56.473406781195521, -30.427850761269312 ], [ -56.473307367010094, -30.427820077126665 ], [ -56.473368337384315, -30.427786956572493 ], [ -56.473435371901338, -30.427777751953936 ], [ -56.47353574413922, -30.427689754781209 ], [ -56.473183905969371, -30.427474900964096 ], [ -56.473003554912523, -30.427667195558122 ], [ -56.472088761885459, -30.427270448292155 ], [ -56.472133093406285, -30.427186076935691 ], [ -56.472379191250802, -30.426724722094193 ], [ -56.472039426977766, -30.426609381934171 ], [ -56.471711854188356, -30.426459592108593 ], [ -56.471345223950287, -30.426300475994204 ], [ -56.471302848575533, -30.42636576328696 ], [ -56.470762059200077, -30.426105476857327 ], [ -56.470864838677628, -30.425953389765169 ], [ -56.471007330557811, -30.425729465032365 ], [ -56.471344807575292, -30.425923106541692 ], [ -56.471462575844811, -30.42584025007001 ], [ -56.471335498417446, -30.425712241362415 ], [ -56.471369478548631, -30.425678261642791 ], [ -56.471026581964928, -30.425399017981579 ], [ -56.470968813703998, -30.425351572994447 ], [ -56.470808573335042, -30.425471380030732 ], [ -56.46999951274924, -30.426076289987897 ], [ -56.469554218299109, -30.426447482499363 ], [ -56.469287419256844, -30.426657846425549 ], [ -56.469249036550977, -30.426688357879605 ], [ -56.468465044797135, -30.427320066009006 ], [ -56.468418389752564, -30.427377222487127 ], [ -56.468770741456979, -30.427472612922767 ], [ -56.468619266690411, -30.427748062506598 ], [ -56.469180575041527, -30.427911819441096 ], [ -56.469157671776259, -30.428003693587364 ], [ -56.469049821295968, -30.428230609497195 ], [ -56.469019729512397, -30.428340006628424 ], [ -56.468961907675116, -30.428392282901235 ], [ -56.468776195075961, -30.428335200556756 ], [ -56.468727606876719, -30.428318795124358 ], [ -56.468149246422797, -30.428092881012034 ], [ -56.468064495029807, -30.428088920750884 ], [ -56.468018555670753, -30.428119811621571 ], [ -56.467911153875171, -30.428318422444345 ], [ -56.467632026904376, -30.42811585089904 ], [ -56.467072562467699, -30.428822058748018 ], [ -56.467466781885065, -30.42894335778271 ], [ -56.46897543294228, -30.429284509536203 ], [ -56.46909925903541, -30.428973682045786 ], [ -56.469728494330667, -30.429004006800767 ], [ -56.469771454519659, -30.429072237223913 ], [ -56.471411512474546, -30.429132887063538 ], [ -56.472943201025629, -30.429235451123191 ] ] ] } },
{ "type": "Feature", "properties": { "codigo_ai": 2961001, "nombre_ai": "Cerro Signorelli", "nombre_dep": "Artigas", "nombre_loc": "Artigas", "fecha_desde": 2003, "footprints_all": 220, "footprints_min6": 220, "footprints_min10": 189, "oai_viviendas": null, "oai_personas": null, "est_dwellings": 198.0, "est_population": 673.0, "meets_definition": true }, "geometry": { "type": "Polygon", "coordinates": [ [ [ -56.476723430742076, -30.426226713526283 ], [ -56.47620122848911, -30.425717440795484 ], [ -56.476174653255519, -30.425763750990306 ], [ -56.476108050528822, -30.425825938625248 ], [ -56.475523691789583, -30.426202644046018 ], [ -56.475347988328842, -30.426325541159969 ], [ -56.475206848686227, -30.426421075932918 ], [ -56.47460346675134, -30.426907965638453 ], [ -56.474436810326758, -30.427019682178454 ], [ -56.47425348971948, -30.427159925219389 ], [ -56.473621657895841, -30.427651370026883 ], [ -56.473482222382231, -30.427794992359207 ], [ -56.473488258873203, -30.427840354254684 ], [ -56.473912880149626, -30.428089951783186 ], [ -56.473979099894819, -30.42814704171472 ], [ -56.474092503394616, -30.428221628517537 ], [ -56.474168605416601, -30.428228233716311 ], [ -56.474266129783508, -30.428229307809193 ], [ -56.474304919056394, -30.428231160499202 ], [ -56.474534703384066, -30.428242132769721 ], [ -56.474571415626897, -30.428243721645575 ], [ -56.474954967433185, -30.428250757660557 ], [ -56.475474400242469, -30.428274465087647 ], [ -56.475688369340119, -30.428268703855839 ], [ -56.475910475386833, -30.428263884543178 ], [ -56.475924815451343, -30.428262682385679 ], [ -56.475955971479173, -30.428648575516998 ], [ -56.476504164132322, -30.428593797607626 ], [ -56.477560023735528, -30.428514175302528 ], [ -56.477617167856245, -30.428786201028565 ], [ -56.47797392523934, -30.428753078594333 ], [ -56.477962120519194, -30.428379652101931 ], [ -56.477964096834349, -30.428220883789393 ], [ -56.47797697220394, -30.427591272651359 ], [ -56.477965397543805, -30.427533300545583 ], [ -56.477943471440263, -30.427461029378772 ], [ -56.477911548876257, -30.427408898238742 ], [ -56.47781519850686, -30.427299573487591 ], [ -56.477608756422804, -30.427086000641989 ], [ -56.477039836681335, -30.426517601500201 ], [ -56.476985502553276, -30.426470078162641 ], [ -56.476941380981202, -30.426452116307097 ], [ -56.476914056913266, -30.426423731530249 ], [ -56.47682747866947, -30.426333794119774 ], [ -56.476723430742076, -30.426226713526283 ] ] ] } },
{ "type": "Feature", "properties": { "codigo_ai": 2823005, "nombre_ai": "Cno.sanchez", "nombre_dep": "Artigas", "nombre_loc": "Cuareim", "fecha_desde": 2021, "footprints_all": 36, "footprints_min6": 36, "footprints_min10": 30, "oai_viviendas": null, "oai_personas": null, "est_dwellings": 32.0, "est_population": 109.0, "meets_definition": true }, "geometry": { "type": "Polygon", "coordinates": [ [ [ -57.578042952944855, -30.23925176611418 ], [ -57.577202183110053, -30.239030280967519 ], [ -57.575946127044666, -30.23869950961301 ], [ -57.574486071314091, -30.238378938959862 ], [ -57.57440884346569, -30.238534853199205 ], [ -57.574279157530739, -30.238902052878913 ], [ -57.574092643211856, -30.238845224548758 ], [ -57.573853672185336, -30.23947033728416 ], [ -57.574072243287176, -30.239519880241989 ], [ -57.574203386873556, -30.239541737581217 ], [ -57.574500642939832, -30.238631024386102 ], [ -57.577940952976043, -30.239515509078657 ], [ -57.577989039430221, -30.239384366067018 ], [ -57.578042952944855, -30.23925176611418 ] ] ] } },
{ "type": "Feature", "properties": { "codigo_ai": 2220003, "nombre_ai": "Cont. 12 De Octubre", "nombre_dep": "Artigas", "nombre_loc": "Artigas", "fecha_desde": 1995, "footprints_all": 64, "footprints_min6": 64, "footprints_min10": 59, "oai_viviendas": null, "oai_personas": null, "est_dwellings": 58.0, "est_population": 197.0, "meets_definition": true }, "geometry": { "type": "Polygon", "coordinates": [ [ [ -56.458986847701645, -30.399389032472374 ], [ -56.459065281314928, -30.399288678983009 ], [ -56.458862352858134, -30.399111727802893 ], [ -56.458764523155232, -30.399015395188183 ], [ -56.458738371442493, -30.398994773775236 ], [ -56.458712529708244, -30.398969101180562 ], [ -56.458707504718447, -30.398922306063135 ], [ -56.458320143084407, -30.398543965655968 ], [ -56.458048962357438, -30.398730582253123 ], [ -56.45792671922139, -30.398642008405268 ], [ -56.457866333121302, -30.398577946438937 ], [ -56.45780509970858, -30.398654091909279 ], [ -56.457740764622891, -30.398706201144723 ], [ -56.457694562986774, -30.398733177475091 ], [ -56.457638873809785, -30.398747887060082 ], [ -56.457590398641123, -30.398749989561111 ], [ -56.458234720013166, -30.399367018120262 ], [ -56.457943816315328, -30.399646132959759 ], [ -56.458370069863285, -30.400058218025801 ], [ -56.458649855999667, -30.399827921292822 ], [ -56.458634749135292, -30.399812026313651 ], [ -56.458586013803718, -30.399762502586288 ], [ -56.458621350192431, -30.399736374274912 ], [ -56.459007709885107, -30.399400652281219 ], [ -56.458986847701645, -30.399389032472374 ] ] ] } },
{ "type": "Feature", "properties": { "codigo_ai": 2220002, "nombre_ai": "Cont. 18 De Julio", "nombre_dep": "Artigas", "nombre_loc": "Artigas", "fecha_desde": 1995, "footprints_all": 49, "footprints_min6": 49, "footprints_min10": 43, "oai_viviendas": null, "oai_personas": null, "est_dwellings": 44.0, "est_population": 150.0, "meets_definition": true }, "geometry": { "type": "Polygon", "coordinates": [ [ [ -56.457434636359388, -30.397273784811393 ], [ -56.457246831108222, -30.397424388034626 ], [ -56.457170911069902, -30.397735007838012 ], [ -56.457087408117182, -30.398064798842416 ], [ -56.457286129088772, -30.39821965840245 ], [ -56.457723099181926, -30.398610817764123 ], [ -56.457957269463634, -30.398412762115285 ], [ -56.457763740004623, -30.398215789994367 ], [ -56.458116559651714, -30.397948032597263 ], [ -56.45802449473674, -30.397852263871098 ], [ -56.457891540378768, -30.397735524474793 ], [ -56.457878214412148, -30.397716734722973 ], [ -56.457434636359388, -30.397273784811393 ] ] ] } },
{ "type": "Feature", "properties": { "codigo_ai": 2823001, "nombre_ai": "Cuareim", "nombre_dep": "Artigas", "nombre_loc": "Cuareim", "fecha_desde": 1965, "footprints_all": 330, "footprints_min6": 330, "footprints_min10": 313, "oai_viviendas": null, "oai_personas": null, "est_dwellings": 297.0, "est_population": 1010.0, "meets_definition": true }, "geometry": { "type": "Polygon", "coordinates": [ [ [ -57.570095501426032, -30.227234044032013 ], [ -57.570197044353876, -30.227293538389944 ], [ -57.570254462550665, -30.227268009417877 ], [ -57.57054850917941, -30.226237425380496 ], [ -57.570545974668896, -30.226154986125081 ], [ -57.570527401030837, -30.226061643412667 ], [ -57.569929693797924, -30.225146753267005 ], [ -57.569105830671511, -30.223915996954933 ], [ -57.568273815729121, -30.222819579455702 ], [ -57.56786053705622, -30.22226555113053 ], [ -57.567752236412545, -30.222097397148822 ], [ -57.567644344715582, -30.222033325101631 ], [ -57.567350041640509, -30.221606343309624 ], [ -57.56644369927637, -30.221950933456455 ], [ -57.566810236178171, -30.223064613946853 ], [ -57.56680548519337, -30.223107372557834 ], [ -57.566609036682628, -30.223214981397305 ], [ -57.56651682631329, -30.223361436610684 ], [ -57.566461303954689, -30.223485823624735 ], [ -57.565872720983918, -30.22346002870454 ], [ -57.565855133789427, -30.223682799194012 ], [ -57.566418593384512, -30.223713989968971 ], [ -57.566317133761977, -30.225158436930542 ], [ -57.565980029122812, -30.225136111962662 ], [ -57.565959044080216, -30.225402653053255 ], [ -57.565937012911469, -30.22551609878133 ], [ -57.565880482322797, -30.225625892523972 ], [ -57.56584583024631, -30.225710098752632 ], [ -57.565729872250238, -30.226312356684129 ], [ -57.565692648088479, -30.226549832642721 ], [ -57.568493184943314, -30.227159064804244 ], [ -57.568553711429672, -30.22698392282976 ], [ -57.569672340324686, -30.227262695539164 ], [ -57.569891612559267, -30.227295430006592 ], [ -57.56998148246457, -30.227268648268289 ], [ -57.570095501426032, -30.227234044032013 ] ] ] } },
{ "type": "Feature", "properties": { "codigo_ai": 2220010, "nombre_ai": "Detras Del Hogar De Ancianos", "nombre_dep": "Artigas", "nombre_loc": "Artigas", "fecha_desde": 1998, "footprints_all": 32, "footprints_min6": 32, "footprints_min10": 32, "oai_viviendas": null, "oai_personas": null, "est_dwellings": 29.0, "est_population": 99.0, "meets_definition": true }, "geometry": { "type": "Polygon", "coordinates": [ [ [ -56.485592389563337, -30.399764512460596 ], [ -56.484028242382117, -30.3998533211129 ], [ -56.483935189515627, -30.400057467098947 ], [ -56.484271510786698, -30.400067656032661 ], [ -56.484311138622886, -30.400035430301909 ], [ -56.484383905022121, -30.400017852096955 ], [ -56.484813579256176, -30.399990890435401 ], [ -56.485326601933323, -30.399987922742014 ], [ -56.485876117210182, -30.399982576309458 ], [ -56.48613835188484, -30.399971075880813 ], [ -56.486570910294944, -30.399976121171296 ], [ -56.486793077035117, -30.39997345331599 ], [ -56.486802291835879, -30.399976284218265 ], [ -56.486830931886523, -30.399765287533469 ], [ -56.485884240052997, -30.399809116039751 ], [ -56.485875473959041, -30.399675126524016 ], [ -56.485806410796542, -30.399675444824304 ], [ -56.485581198671753, -30.39970017052411 ], [ -56.485592389563337, -30.399764512460596 ] ] ] } },
{ "type": "Feature", "properties": { "codigo_ai": 2220005, "nombre_ai": "Detras Del Hospital", "nombre_dep": "Artigas", "nombre_loc": "Artigas", "fecha_desde": 1970, "footprints_all": 113, "footprints_min6": 113, "footprints_min10": 106, "oai_viviendas": null, "oai_personas": null, "est_dwellings": 102.0, "est_population": 347.0, "meets_definition": true }, "geometry": { "type": "Polygon", "coordinates": [ [ [ -56.457026025202339, -30.404287072962468 ], [ -56.456444249176243, -30.403822764272999 ], [ -56.456346245907604, -30.403719588190302 ], [ -56.456248060617106, -30.403601765559294 ], [ -56.45617355029993, -30.403509809054786 ], [ -56.456202971607418, -30.403479319933862 ], [ -56.456269284894496, -30.403408537672782 ], [ -56.456319986914366, -30.40332905275719 ], [ -56.4563608474188, -30.403346990814246 ], [ -56.456428632712019, -30.403247609875883 ], [ -56.456494695142062, -30.403151388201294 ], [ -56.456460515747935, -30.403119793313021 ], [ -56.456446440992629, -30.403093080974571 ], [ -56.456410250815352, -30.403102558809277 ], [ -56.456322358268423, -30.403112611912171 ], [ -56.455897768733969, -30.402714865253806 ], [ -56.455767799130939, -30.402827349346413 ], [ -56.455632028458389, -30.402965749102144 ], [ -56.455591306082937, -30.403052634304728 ], [ -56.455566348248325, -30.403159952049695 ], [ -56.455575083665089, -30.403313441827727 ], [ -56.455632818659623, -30.403469438729719 ], [ -56.45579364229188, -30.403822764800857 ], [ -56.455859434568637, -30.403944601077274 ], [ -56.455965838704934, -30.404125727179011 ], [ -56.456113825586804, -30.404262800456767 ], [ -56.456205945555816, -30.404338091061984 ], [ -56.456283553772984, -30.404388504688082 ], [ -56.456426405063667, -30.404486273591097 ], [ -56.456662289708405, -30.404599269139307 ], [ -56.456760114153319, -30.404504791148984 ], [ -56.457026025202339, -30.404287072962468 ] ] ] } },
{ "type": "Feature", "properties": { "codigo_ai": 2521004, "nombre_ai": "El Farolito", "nombre_dep": "Artigas", "nombre_loc": "Bella Unión", "fecha_desde": 2003, "footprints_all": 61, "footprints_min6": 61, "footprints_min10": 53, "oai_viviendas": null, "oai_personas": null, "est_dwellings": 55.0, "est_population": 187.0, "meets_definition": true }, "geometry": { "type": "Polygon", "coordinates": [ [ [ -57.586577285495999, -30.263087176970402 ], [ -57.586822954614071, -30.261110037155813 ], [ -57.587238969728517, -30.261206092988239 ], [ -57.587265277706692, -30.260990230639031 ], [ -57.586161575127363, -30.260732286406132 ], [ -57.583173087319551, -30.26000463351032 ], [ -57.583636429470189, -30.258534224021972 ], [ -57.583387073703754, -30.258495495676218 ], [ -57.582846166842486, -30.260154061971136 ], [ -57.58618954652092, -30.260963605616876 ], [ -57.586240240417681, -30.260973567730233 ], [ -57.586453852336263, -30.261024456176276 ], [ -57.586237255258887, -30.262998577569089 ], [ -57.586304602292337, -30.263026115169843 ], [ -57.58636656235138, -30.263055747866215 ], [ -57.586402481199272, -30.263062931686502 ], [ -57.586504550450762, -30.263089571932433 ], [ -57.586520115425799, -30.263091966683994 ], [ -57.586553938514477, -30.263087776053986 ], [ -57.586577285495999, -30.263087176970402 ] ] ] } },
{ "type": "Feature", "properties": { "codigo_ai": 2521005, "nombre_ai": "El Muro", "nombre_dep": "Artigas", "nombre_loc": "Bella Unión", "fecha_desde": 2004, "footprints_all": 11, "footprints_min6": 11, "footprints_min10": 11, "oai_viviendas": null, "oai_personas": null, "est_dwellings": 10.0, "est_population": 34.0, "meets_definition": true }, "geometry": { "type": "Polygon", "coordinates": [ [ [ -57.586923694387998, -30.248026593635672 ], [ -57.58683745049818, -30.248047096380599 ], [ -57.586743514843334, -30.248112525385928 ], [ -57.586502585688521, -30.248923898483625 ], [ -57.586564753662408, -30.249176894079252 ], [ -57.5866270538667, -30.24909606297506 ], [ -57.586924573514075, -30.248130256905512 ], [ -57.586923694387998, -30.248026593635672 ] ] ] } },
{ "type": "Feature", "properties": { "codigo_ai": 2823006, "nombre_ai": "Escuela 20", "nombre_dep": "Artigas", "nombre_loc": "Cuareim", "fecha_desde": 2022, "footprints_all": 9, "footprints_min6": 9, "footprints_min10": 6, "oai_viviendas": null, "oai_personas": null, "est_dwellings": 8.0, "est_population": 27.0, "meets_definition": false }, "geometry": { "type": "Polygon", "coordinates": [ [ [ -57.570604199982313, -30.227751030395883 ], [ -57.570569984268971, -30.227785866105364 ], [ -57.570336044932802, -30.228008148404658 ], [ -57.570386511949998, -30.228006853999471 ], [ -57.571006497092711, -30.2291683950668 ], [ -57.571183367303775, -30.229085531406291 ], [ -57.571447001718546, -30.229551607966698 ], [ -57.571574563961661, -30.229483824133375 ], [ -57.570793468728915, -30.228097297385638 ], [ -57.570604199982313, -30.227751030395883 ] ] ] } },
{ "type": "Feature", "properties": { "codigo_ai": 2831002, "nombre_ai": "Juan Raul", "nombre_dep": "Artigas", "nombre_loc": "Portón De Hierro Y Campodónico", "fecha_desde": 2022, "footprints_all": 28, "footprints_min6": 28, "footprints_min10": 26, "oai_viviendas": null, "oai_personas": null, "est_dwellings": 25.0, "est_population": 85.0, "meets_definition": true }, "geometry": { "type": "Polygon", "coordinates": [ [ [ -57.574634700086037, -30.249334454275612 ], [ -57.57145084728495, -30.248588398258374 ], [ -57.571428990007071, -30.248438312715077 ], [ -57.571450846847696, -30.248196427068287 ], [ -57.571143389753637, -30.248117741730255 ], [ -57.571028662463831, -30.248492989783259 ], [ -57.570311737307598, -30.248324092864987 ], [ -57.570162871047501, -30.248585147801805 ], [ -57.571252768055501, -30.248845930406887 ], [ -57.571232978468238, -30.248906610463663 ], [ -57.574560385728127, -30.249691453716139 ], [ -57.574634700086037, -30.249334454275612 ] ] ] } },
{ "type": "Feature", "properties": { "codigo_ai": 2020002, "nombre_ai": "Juntos Zorrilla", "nombre_dep": "Artigas", "nombre_loc": "Artigas", "fecha_desde": 2019, "footprints_all": 27, "footprints_min6": 27, "footprints_min10": 24, "oai_viviendas": null, "oai_personas": null, "est_dwellings": 24.0, "est_population": 82.0, "meets_definition": true }, "geometry": { "type": "Polygon", "coordinates": [ [ [ -56.485484793226867, -30.408624010055242 ], [ -56.484197541490815, -30.407988564392234 ], [ -56.483711364951709, -30.407781102089693 ], [ -56.483604612393982, -30.407926859474074 ], [ -56.484118135950084, -30.408154315201411 ], [ -56.484314606572745, -30.408240300851151 ], [ -56.484643858432314, -30.408412879924043 ], [ -56.484531334052264, -30.408601162820489 ], [ -56.484851081400485, -30.408729284766729 ], [ -56.484796489654052, -30.408821755365999 ], [ -56.48489564494907, -30.4088785745619 ], [ -56.485106210675731, -30.40860896139715 ], [ -56.485196207954885, -30.408655547286557 ], [ -56.485426981452392, -30.408730480501923 ], [ -56.485484793226867, -30.408624010055242 ] ] ] } },
{ "type": "Feature", "properties": { "codigo_ai": 2823002, "nombre_ai": "La Aguja", "nombre_dep": "Artigas", "nombre_loc": "Cuareim", "fecha_desde": 2000, "footprints_all": 116, "footprints_min6": 116, "footprints_min10": 101, "oai_viviendas": null, "oai_personas": null, "est_dwellings": 104.0, "est_population": 354.0, "meets_definition": true }, "geometry": { "type": "Polygon", "coordinates": [ [ [ -57.570336044932802, -30.228008148404658 ], [ -57.570569984268971, -30.227785866105364 ], [ -57.570604199982313, -30.227751030395883 ], [ -57.570639124668226, -30.227660990418759 ], [ -57.57120589322755, -30.227832259178019 ], [ -57.571244627294583, -30.227684731718238 ], [ -57.570983058790176, -30.227632552838866 ], [ -57.570348136841794, -30.227377728904205 ], [ -57.570323536883173, -30.227380358189002 ], [ -57.570274503664223, -30.227349313965913 ], [ -57.570217514588769, -30.227352866551808 ], [ -57.570144918401233, -30.227374498164796 ], [ -57.570005885158963, -30.227379022097768 ], [ -57.569643688532835, -30.227326610375187 ], [ -57.568938609303139, -30.227128050902966 ], [ -57.568786498565615, -30.227580417660644 ], [ -57.569942652901112, -30.227900310251972 ], [ -57.569730185556772, -30.228501100469106 ], [ -57.569645877826794, -30.228504721037215 ], [ -57.569460519125101, -30.22857909898531 ], [ -57.569212443326954, -30.229175556294621 ], [ -57.568950335423146, -30.229644068440098 ], [ -57.568920375506956, -30.229840169808931 ], [ -57.568865902929218, -30.230008354216444 ], [ -57.568764447834418, -30.230327019507676 ], [ -57.568680014562297, -30.23054150552996 ], [ -57.568864540833879, -30.230583721502544 ], [ -57.568564920940325, -30.231680723740954 ], [ -57.568462736475482, -30.232035275222056 ], [ -57.568277193741693, -30.232695846032531 ], [ -57.568216555886536, -30.232913908527475 ], [ -57.568173250921966, -30.233086359478527 ], [ -57.568373364279331, -30.233096074192289 ], [ -57.568542393199664, -30.233127159811701 ], [ -57.569479306770482, -30.230305748624115 ], [ -57.569584070654891, -30.230297579545873 ], [ -57.570324146932506, -30.228008453759681 ], [ -57.570336044932802, -30.228008148404658 ] ] ] } },
{ "type": "Feature", "properties": { "codigo_ai": 2220012, "nombre_ai": "La Reductora", "nombre_dep": "Artigas", "nombre_loc": "Artigas", "fecha_desde": 2004, "footprints_all": 35, "footprints_min6": 35, "footprints_min10": 32, "oai_viviendas": null, "oai_personas": null, "est_dwellings": 32.0, "est_population": 109.0, "meets_definition": true }, "geometry": { "type": "Polygon", "coordinates": [ [ [ -56.493053793632257, -30.418239569494339 ], [ -56.491657534935833, -30.417350536199145 ], [ -56.49093871661379, -30.416900927332133 ], [ -56.490650146065434, -30.416699095042045 ], [ -56.490241095426633, -30.417071274289516 ], [ -56.490617876582498, -30.417320752902892 ], [ -56.491718258146079, -30.41810199187772 ], [ -56.49187266254183, -30.417876888048308 ], [ -56.49287157749589, -30.418479587824798 ], [ -56.492873114076453, -30.418480641463113 ], [ -56.493053793632257, -30.418239569494339 ] ] ] } },
{ "type": "Feature", "properties": { "codigo_ai": 2822002, "nombre_ai": "La Tablada", "nombre_dep": "Artigas", "nombre_loc": "Coronado", "fecha_desde": 2006, "footprints_all": 28, "footprints_min6": 28, "footprints_min10": 23, "oai_viviendas": null, "oai_personas": null, "est_dwellings": 25.0, "est_population": 85.0, "meets_definition": true }, "geometry": { "type": "Polygon", "coordinates": [ [ [ -57.598669799017692, -30.284109932350024 ], [ -57.598988610212224, -30.284184330428683 ], [ -57.599858723918651, -30.281405132235506 ], [ -57.59935541415016, -30.281377363219644 ], [ -57.598831830231511, -30.283450009631657 ], [ -57.598837382302584, -30.283563812677333 ], [ -57.598669799017692, -30.284109932350024 ] ] ] } },
{ "type": "Feature", "properties": { "codigo_ai": 2521007, "nombre_ai": "La Vía", "nombre_dep": "Artigas", "nombre_loc": "Bella Unión", "fecha_desde": 2013, "footprints_all": 181, "footprints_min6": 181, "footprints_min10": 163, "oai_viviendas": null, "oai_personas": null, "est_dwellings": 163.0, "est_population": 554.0, "meets_definition": true }, "geometry": { "type": "MultiPolygon", "coordinates": [ [ [ [ -57.58642311169956, -30.252527123222116 ], [ -57.586582535145311, -30.252557988099969 ], [ -57.586544255115001, -30.252636314823512 ], [ -57.586710425612701, -30.254233946118038 ], [ -57.586641392344745, -30.254237733171781 ], [ -57.586747823825227, -30.255594800179793 ], [ -57.58683854991537, -30.255594866592435 ], [ -57.586839146467874, -30.255602192330052 ], [ -57.5869064486361, -30.256254861037558 ], [ -57.586916138460928, -30.256355169271977 ], [ -57.586935749999512, -30.256558760817327 ], [ -57.586974692643537, -30.256947058758168 ], [ -57.586993847070545, -30.25704017663157 ], [ -57.586652716880089, -30.257018923846299 ], [ -57.586440745058823, -30.257006266670484 ], [ -57.586009340457871, -30.257367975385492 ], [ -57.586490644188672, -30.257480788047939 ], [ -57.586574557500064, -30.257495097066762 ], [ -57.586599947878945, -30.257493452881238 ], [ -57.586512245754797, -30.258010119853143 ], [ -57.586817410243427, -30.258046554597755 ], [ -57.586807269837244, -30.258114565347576 ], [ -57.587032816762118, -30.258145726182395 ], [ -57.587030972437319, -30.258224688314257 ], [ -57.587228101229165, -30.2582279971998 ], [ -57.587306341028906, -30.258223158744478 ], [ -57.587546727439175, -30.25828891882432 ], [ -57.587620274479576, -30.257210489091907 ], [ -57.587661948756008, -30.256728209986054 ], [ -57.587460471975852, -30.256676224895202 ], [ -57.587409377080228, -30.256666126057954 ], [ -57.587418385940744, -30.256643176369106 ], [ -57.58739854193211, -30.256614328030331 ], [ -57.587393037205722, -30.256565834156291 ], [ -57.587398321922969, -30.25652250507337 ], [ -57.587405253036572, -30.256458014491983 ], [ -57.587399846350678, -30.256375860571545 ], [ -57.587376108460269, -30.256313641707123 ], [ -57.58730000617664, -30.256233020327073 ], [ -57.587153036443233, -30.255978566478717 ], [ -57.587127556369637, -30.255893408182668 ], [ -57.587117110588032, -30.255836427686191 ], [ -57.587100435421412, -30.25560190848374 ], [ -57.587063811271584, -30.255222930951341 ], [ -57.58696983905412, -30.254463935234753 ], [ -57.586837807722539, -30.252759801446341 ], [ -57.586836909841466, -30.252712270496644 ], [ -57.586842359068349, -30.252631729189439 ], [ -57.586869198074794, -30.252519022458348 ], [ -57.586873984883269, -30.25247375994654 ], [ -57.586834989740467, -30.252050332285503 ], [ -57.586618252255484, -30.250172043240276 ], [ -57.586528801472127, -30.250114959792874 ], [ -57.586351689128051, -30.250042287129993 ], [ -57.586204130244624, -30.249994722197542 ], [ -57.585979496703885, -30.250698720104168 ], [ -57.585755745189331, -30.250652596419023 ], [ -57.585546154840799, -30.251248618721934 ], [ -57.585786032306899, -30.251317510461067 ], [ -57.585759698510472, -30.251402000203846 ], [ -57.585878477351152, -30.251454120621716 ], [ -57.586257872151272, -30.250222255494148 ], [ -57.586337192395405, -30.250212780795881 ], [ -57.586556405566803, -30.252353819137333 ], [ -57.586141416318817, -30.252260438929511 ], [ -57.585555059065186, -30.252128497733803 ], [ -57.585523398139557, -30.252159426543844 ], [ -57.585463911409626, -30.252335332546213 ], [ -57.585449072334121, -30.252376881432337 ], [ -57.586244304693473, -30.252490645324201 ], [ -57.58642311169956, -30.252527123222116 ] ] ], [ [ [ -57.582933986780738, -30.243199871097929 ], [ -57.581570822041385, -30.241440791386317 ], [ -57.581468904116655, -30.241312235948538 ], [ -57.581393623266386, -30.241289073208364 ], [ -57.581321845100639, -30.24129930552057 ], [ -57.581275109233871, -30.241365468742494 ], [ -57.581232720347025, -30.241470407047082 ], [ -57.58121948572056, -30.241613858786582 ], [ -57.581240761300926, -30.241715136046434 ], [ -57.582427480210647, -30.243086399404174 ], [ -57.582472327414258, -30.24310691111404 ], [ -57.582542567270167, -30.243101399164917 ], [ -57.582613918378023, -30.243102615978906 ], [ -57.582675171616103, -30.243125927014891 ], [ -57.582732954031719, -30.243170649469779 ], [ -57.58280934068096, -30.243264837461904 ], [ -57.582933986780738, -30.243199871097929 ] ] ], [ [ [ -57.585500061710135, -30.246064787320446 ], [ -57.584708680036137, -30.245112984584033 ], [ -57.584561265805, -30.244935182993899 ], [ -57.584478802437907, -30.24484403360335 ], [ -57.584412578852628, -30.244840277236328 ], [ -57.584343654029531, -30.244871137374862 ], [ -57.584270417197423, -30.244929114098607 ], [ -57.584285645770855, -30.244986522104909 ], [ -57.584400134139329, -30.245156893398416 ], [ -57.58524637455573, -30.246160925937698 ], [ -57.585350396079377, -30.246134169665698 ], [ -57.585461132666836, -30.246128049253283 ], [ -57.585500061710135, -30.246064787320446 ] ] ] ] } },
{ "type": "Feature", "properties": { "codigo_ai": 2828001, "nombre_ai": "Las Piedras", "nombre_dep": "Artigas", "nombre_loc": "Bella Unión", "fecha_desde": 1965, "footprints_all": 1045, "footprints_min6": 1045, "footprints_min10": 963, "oai_viviendas": null, "oai_personas": null, "est_dwellings": 940.0, "est_population": 3196.0, "meets_definition": true }, "geometry": { "type": "MultiPolygon", "coordinates": [ [ [ [ -57.586749850632707, -30.247566698995108 ], [ -57.586435491142581, -30.247180617197344 ], [ -57.586094078989106, -30.24677686113364 ], [ -57.585642530241195, -30.246238805368669 ], [ -57.585520505143528, -30.246218507981599 ], [ -57.585284111625583, -30.24621429245898 ], [ -57.585190672207617, -30.246234255039152 ], [ -57.585142066330789, -30.246250517789406 ], [ -57.584944279595092, -30.245973460653666 ], [ -57.584853264886625, -30.245881225309628 ], [ -57.584789571212475, -30.245804408246112 ], [ -57.584674935842024, -30.24569547273882 ], [ -57.584651251687227, -30.245675120035717 ], [ -57.584569985199181, -30.245553457805421 ], [ -57.584243466794284, -30.245013859037655 ], [ -57.584181471275777, -30.244971275810673 ], [ -57.584107334190115, -30.244913272261162 ], [ -57.583809915768803, -30.244533925975208 ], [ -57.583003265753014, -30.243575457589991 ], [ -57.582677327654018, -30.243211442810836 ], [ -57.582640331853796, -30.243181636683858 ], [ -57.582592208007831, -30.24316332251929 ], [ -57.582569939701166, -30.243162571474304 ], [ -57.582495413970946, -30.243168510380432 ], [ -57.582457671073414, -30.243173972588156 ], [ -57.58242404847519, -30.243156225575063 ], [ -57.581218784889131, -30.241769583574865 ], [ -57.581194547301394, -30.241754514450658 ], [ -57.581166245525651, -30.241769405140779 ], [ -57.580653876896044, -30.243185300218954 ], [ -57.580634507008007, -30.243246192795986 ], [ -57.580339168708079, -30.244174632733213 ], [ -57.579917833600348, -30.244063516470483 ], [ -57.579103472775337, -30.247069240439554 ], [ -57.579333273577426, -30.247157483916872 ], [ -57.579453957974792, -30.247206679856397 ], [ -57.579652985670691, -30.247267045544216 ], [ -57.58108709105715, -30.247583341373065 ], [ -57.582731587720886, -30.247997175861514 ], [ -57.585319535222823, -30.248587953134646 ], [ -57.585922333934512, -30.248739114589288 ], [ -57.586060922745716, -30.248751121082289 ], [ -57.586078099370937, -30.248749617537658 ], [ -57.586131626868266, -30.248851199841379 ], [ -57.586189321750993, -30.249024964769472 ], [ -57.586255033134691, -30.249101628575364 ], [ -57.586374746226987, -30.249105662545684 ], [ -57.586450882596708, -30.2488549796843 ], [ -57.586799636547546, -30.247733383656598 ], [ -57.586822784866875, -30.247671457203058 ], [ -57.586749850632707, -30.247566698995108 ] ] ], [ [ [ -57.579881605302063, -30.239799044055857 ], [ -57.578437491392791, -30.238093085222982 ], [ -57.577015397166917, -30.2362739908144 ], [ -57.576862176492185, -30.236359568304245 ], [ -57.578392482066832, -30.238234102488008 ], [ -57.578042952944855, -30.23925176611418 ], [ -57.578018839316705, -30.239342057985198 ], [ -57.579881605302063, -30.239799044055857 ] ] ] ] } },
{ "type": "Feature", "properties": { "codigo_ai": 2220009, "nombre_ai": "Neva Estacion", "nombre_dep": "Artigas", "nombre_loc": "Artigas", "fecha_desde": 1990, "footprints_all": 23, "footprints_min6": 23, "footprints_min10": 23, "oai_viviendas": null, "oai_personas": null, "est_dwellings": 21.0, "est_population": 71.0, "meets_definition": true }, "geometry": { "type": "Polygon", "coordinates": [ [ [ -56.482481717449346, -30.407122933152433 ], [ -56.482538850846389, -30.4069455409184 ], [ -56.482388590249144, -30.406904062820097 ], [ -56.482431199396821, -30.406572753374544 ], [ -56.481874299380671, -30.40653055498078 ], [ -56.481590095089345, -30.40651771325804 ], [ -56.481566954981787, -30.406660962857497 ], [ -56.481561798438314, -30.406934063317674 ], [ -56.481932365810792, -30.406982837872366 ], [ -56.48207932881899, -30.407019657026922 ], [ -56.482167573890933, -30.407046963962191 ], [ -56.482265672200128, -30.407068285565245 ], [ -56.4823827812464, -30.40708616494048 ], [ -56.482481717449346, -30.407122933152433 ] ] ] } },
{ "type": "Feature", "properties": { "codigo_ai": 2822001, "nombre_ai": "Nuevo Coronado", "nombre_dep": "Artigas", "nombre_loc": "Coronado", "fecha_desde": 2006, "footprints_all": 145, "footprints_min6": 145, "footprints_min10": 134, "oai_viviendas": null, "oai_personas": null, "est_dwellings": 130.0, "est_population": 442.0, "meets_definition": true }, "geometry": { "type": "Polygon", "coordinates": [ [ [ -57.601982916549503, -30.274874660116048 ], [ -57.601829171321697, -30.27533671726184 ], [ -57.60148394216705, -30.276443631724472 ], [ -57.602427146513712, -30.276674054198448 ], [ -57.603191124313099, -30.276845851077532 ], [ -57.603710907144581, -30.276974590079501 ], [ -57.60504900715123, -30.277339666089908 ], [ -57.605134117683839, -30.277094830264701 ], [ -57.604362442415585, -30.276922601137215 ], [ -57.604492172972968, -30.276544591361088 ], [ -57.604409413400084, -30.276524461019655 ], [ -57.604510067408675, -30.276209080117685 ], [ -57.60533542482321, -30.276443938457238 ], [ -57.605558381286606, -30.275715037625908 ], [ -57.603663366270119, -30.275270474000187 ], [ -57.603611982838984, -30.275255838465899 ], [ -57.602906054683906, -30.275090640251527 ], [ -57.601982916549503, -30.274874660116048 ] ] ] } },
{ "type": "Feature", "properties": { "codigo_ai": 2831001, "nombre_ai": "Portón de Hierro y Campodónico", "nombre_dep": "Artigas", "nombre_loc": "Portón De Hierro Y Campodónico", "fecha_desde": 2003, "footprints_all": 74, "footprints_min6": 74, "footprints_min10": 67, "oai_viviendas": null, "oai_personas": null, "est_dwellings": 67.0, "est_population": 228.0, "meets_definition": true }, "geometry": { "type": "Polygon", "coordinates": [ [ [ -57.554668582608642, -30.278266237140937 ], [ -57.554487757175394, -30.278878846872139 ], [ -57.554202643280803, -30.27882112182494 ], [ -57.554081018124513, -30.278763742118677 ], [ -57.553926468824571, -30.279301633792837 ], [ -57.554665062329612, -30.279499914693218 ], [ -57.554560233294445, -30.280193660424246 ], [ -57.555699863381832, -30.280504656030566 ], [ -57.555550156042472, -30.281553565996902 ], [ -57.555883871468367, -30.281564786663516 ], [ -57.55605884392444, -30.280998030403044 ], [ -57.556351608, -30.281072828346854 ], [ -57.556431080963641, -30.280709940014123 ], [ -57.558164293685131, -30.281138861299514 ], [ -57.558371741652991, -30.280209143200135 ], [ -57.558538239970204, -30.280328008371846 ], [ -57.558735682795287, -30.27973506789305 ], [ -57.554828708478617, -30.278746132750324 ], [ -57.55494577218758, -30.278326312145776 ], [ -57.554668582608642, -30.278266237140937 ] ] ] } },
{ "type": "Feature", "properties": { "codigo_ai": 2220007, "nombre_ai": "Progreso", "nombre_dep": "Artigas", "nombre_loc": "Artigas", "fecha_desde": 1995, "footprints_all": 58, "footprints_min6": 58, "footprints_min10": 55, "oai_viviendas": null, "oai_personas": null, "est_dwellings": 52.0, "est_population": 177.0, "meets_definition": true }, "geometry": { "type": "Polygon", "coordinates": [ [ [ -56.458342627959624, -30.413049978646381 ], [ -56.457777772899369, -30.412974507865723 ], [ -56.457652307991431, -30.41369506948158 ], [ -56.457506737363076, -30.414475306840981 ], [ -56.45811012776246, -30.414553276846341 ], [ -56.458234785450216, -30.413767724509665 ], [ -56.458342627959624, -30.413049978646381 ] ] ] } },
{ "type": "Feature", "properties": { "codigo_ai": 2823003, "nombre_ai": "San Antonio", "nombre_dep": "Artigas", "nombre_loc": "Cuareim", "fecha_desde": 2020, "footprints_all": 31, "footprints_min6": 31, "footprints_min10": 24, "oai_viviendas": null, "oai_personas": null, "est_dwellings": 28.0, "est_population": 95.0, "meets_definition": true }, "geometry": { "type": "Polygon", "coordinates": [ [ [ -57.566926151822251, -30.237213725871406 ], [ -57.567242802942594, -30.237285243717182 ], [ -57.567375101992823, -30.236967090602267 ], [ -57.567413958891542, -30.236851491011212 ], [ -57.567373533180756, -30.236761973168939 ], [ -57.567412137191447, -30.23666315492067 ], [ -57.567532594232759, -30.236169670182221 ], [ -57.567204251645109, -30.236082241836623 ], [ -57.567052708795991, -30.236542698282484 ], [ -57.56474654001903, -30.235998698554514 ], [ -57.564705740556199, -30.236237670194569 ], [ -57.565363984935829, -30.236354748967027 ], [ -57.565191523850828, -30.236821943407033 ], [ -57.565950196820225, -30.236993297067333 ], [ -57.565884951555695, -30.237182166503249 ], [ -57.566642322812307, -30.237247834587794 ], [ -57.566616056278527, -30.237449216416724 ], [ -57.566817437525465, -30.237506128316159 ], [ -57.566926151822251, -30.237213725871406 ] ] ] } },
{ "type": "Feature", "properties": { "codigo_ai": 2020001, "nombre_ai": "Senda Del Paso", "nombre_dep": "Artigas", "nombre_loc": "Artigas", "fecha_desde": 2018, "footprints_all": 47, "footprints_min6": 47, "footprints_min10": 41, "oai_viviendas": null, "oai_personas": null, "est_dwellings": 42.0, "est_population": 143.0, "meets_definition": true }, "geometry": { "type": "Polygon", "coordinates": [ [ [ -56.488641023808135, -30.399991805898441 ], [ -56.489040221990024, -30.399995105248813 ], [ -56.489057260254604, -30.39960536629054 ], [ -56.486879744262765, -30.399630386366642 ], [ -56.48681502125374, -30.399982866620729 ], [ -56.486842357089635, -30.400001994558412 ], [ -56.486841069705541, -30.400018453573189 ], [ -56.487341784453633, -30.400029875941907 ], [ -56.487346603538924, -30.400316018695321 ], [ -56.488091049722868, -30.400289090184749 ], [ -56.488085028949804, -30.400525108788361 ], [ -56.488331830959865, -30.400506179088829 ], [ -56.488326082719652, -30.400188245189184 ], [ -56.488596622769315, -30.400190756673805 ], [ -56.488593443232162, -30.399995223750523 ], [ -56.488641023808135, -30.399991805898441 ] ] ] } },
{ "type": "Feature", "properties": { "codigo_ai": 2725001, "nombre_ai": "Sequeira", "nombre_dep": "Artigas", "nombre_loc": "Sequeira", "fecha_desde": 1960, "footprints_all": 606, "footprints_min6": 606, "footprints_min10": 553, "oai_viviendas": null, "oai_personas": null, "est_dwellings": 545.0, "est_population": 1853.0, "meets_definition": true }, "geometry": { "type": "MultiPolygon", "coordinates": [ [ [ [ -56.874130961850128, -30.991981937552207 ], [ -56.874166078097517, -30.991972409855435 ], [ -56.874312897661817, -30.992349652372756 ], [ -56.87400969902346, -30.992465387535066 ], [ -56.87388138013398, -30.992170643154253 ], [ -56.873464798339562, -30.992350899644602 ], [ -56.87324185961063, -30.992442031279545 ], [ -56.873119403962981, -30.992141284235075 ], [ -56.872976660984477, -30.991841262430601 ], [ -56.872863182353264, -30.991639824554639 ], [ -56.87272633200628, -30.99143959341173 ], [ -56.872577058864181, -30.991258427672815 ], [ -56.872403875763538, -30.991080083163407 ], [ -56.871972294150041, -30.991205402891492 ], [ -56.870770881246941, -30.991384246001726 ], [ -56.869327870993708, -30.991635933591226 ], [ -56.869083043094847, -30.991675228153834 ], [ -56.868561690680558, -30.991766482921719 ], [ -56.868486297459867, -30.993479006051192 ], [ -56.868276474476964, -30.993500054555206 ], [ -56.868049176854193, -30.993513807637523 ], [ -56.867762286077287, -30.993558756666399 ], [ -56.867437881587833, -30.993631761267039 ], [ -56.866985920175061, -30.993754018748845 ], [ -56.866812766599672, -30.993798404201158 ], [ -56.866507895326961, -30.992652057997653 ], [ -56.866021053752455, -30.992758249023293 ], [ -56.866221043727336, -30.993657162131868 ], [ -56.865581008264357, -30.99414479198585 ], [ -56.866269758163249, -30.994924484365423 ], [ -56.866724228815734, -30.994600749799769 ], [ -56.8677006179188, -30.994414898061066 ], [ -56.867744025062493, -30.994412197653098 ], [ -56.869813423653383, -30.994283448071393 ], [ -56.87058134558945, -30.994062793559252 ], [ -56.870995891936268, -30.993943674937963 ], [ -56.87111297197449, -30.994203924121322 ], [ -56.871217696349547, -30.994436705009029 ], [ -56.872308204567375, -30.994196977791329 ], [ -56.872457521404122, -30.994164152666684 ], [ -56.87257940543175, -30.9944288104005 ], [ -56.872890615308229, -30.995104565686628 ], [ -56.873734162288471, -30.995001886838118 ], [ -56.874257049679223, -30.996408969153446 ], [ -56.874109428347751, -30.996584972132158 ], [ -56.874648100696035, -30.997925439585664 ], [ -56.874108018721685, -30.997910076470539 ], [ -56.872700525178679, -30.997906524004303 ], [ -56.872098306146945, -30.997072219731354 ], [ -56.872093464864996, -30.997065884246467 ], [ -56.872013380722727, -30.997088322351193 ], [ -56.870980777400952, -30.997377642239943 ], [ -56.870971827667752, -30.997470383860339 ], [ -56.870894722262705, -30.998269332563801 ], [ -56.871363895849569, -30.998933294988682 ], [ -56.871772372727278, -30.999511352139848 ], [ -56.869637473613984, -31.000694016005845 ], [ -56.869602941596895, -31.001224512678327 ], [ -56.870797638817649, -31.001420144759209 ], [ -56.870935470409364, -31.000974824612371 ], [ -56.87179980182934, -31.00116606541215 ], [ -56.871710866299374, -31.00225463847989 ], [ -56.873291974514736, -31.002925603590434 ], [ -56.873860011870846, -31.0036314255535 ], [ -56.874310720935966, -31.003433086411743 ], [ -56.874500587923578, -31.003684812906219 ], [ -56.876842501027731, -31.003029822399686 ], [ -56.877900631456448, -31.00587018307677 ], [ -56.877848804025717, -31.00590767240794 ], [ -56.877754014079628, -31.005860667440981 ], [ -56.87710477380282, -31.005730720642482 ], [ -56.877070485640893, -31.005714910926848 ], [ -56.876189544794535, -31.005522216036308 ], [ -56.876098897644027, -31.00548120613789 ], [ -56.875752819748826, -31.005198809035772 ], [ -56.873674637201141, -31.005695054237215 ], [ -56.873795295840459, -31.005945285587558 ], [ -56.874217808969362, -31.00592687452912 ], [ -56.87488222041614, -31.00724242128485 ], [ -56.875217243457762, -31.007189753994616 ], [ -56.875562375150402, -31.007135495761808 ], [ -56.875667821085507, -31.007302019527973 ], [ -56.876024603945261, -31.007865455665051 ], [ -56.876922166799687, -31.007595151675602 ], [ -56.877032145625186, -31.007562307321862 ], [ -56.878854109852746, -31.007020477058798 ], [ -56.879166174912584, -31.006931021944773 ], [ -56.879200897341896, -31.006889671301966 ], [ -56.880727564671318, -31.006436243263867 ], [ -56.880282852649266, -31.005839332748838 ], [ -56.878797030639518, -31.006254003161231 ], [ -56.878596363250395, -31.00579515690416 ], [ -56.878339636389214, -31.005151252855285 ], [ -56.878314661263424, -31.005088167020311 ], [ -56.878161926102003, -31.004702364739178 ], [ -56.877079066704859, -31.002051557155635 ], [ -56.877030174589088, -31.001984158641715 ], [ -56.87664727596534, -31.00098821360875 ], [ -56.876601968991949, -31.000894167382036 ], [ -56.876329427796811, -31.000117577253178 ], [ -56.876308704455703, -31.000064629030184 ], [ -56.875343005960254, -30.997681604634039 ], [ -56.876372936615503, -30.997453346228184 ], [ -56.875792382839862, -30.995819222734205 ], [ -56.878567783542948, -30.995967878513952 ], [ -56.882732334415309, -30.995342057628392 ], [ -56.886848471539651, -30.995979346387344 ], [ -56.886848625812696, -30.996025229609476 ], [ -56.88683480515045, -30.99607011886042 ], [ -56.886744530071702, -30.996158471820234 ], [ -56.886058980434292, -30.996728589421902 ], [ -56.885943415164, -30.996814388482768 ], [ -56.885781647310615, -30.996951214408845 ], [ -56.885649219615651, -30.997076441494528 ], [ -56.885459972644952, -30.997209055903141 ], [ -56.885025678107361, -30.996732633742457 ], [ -56.883996196863912, -30.996977228690188 ], [ -56.883221230225018, -30.997161346596009 ], [ -56.883240288984723, -30.997302174790612 ], [ -56.883276241156828, -30.997567821111083 ], [ -56.882193494774754, -30.997877633768947 ], [ -56.881892726190351, -30.997917212818376 ], [ -56.881652222824023, -30.997948860857221 ], [ -56.88166706872984, -30.99802256438382 ], [ -56.881717616796578, -30.998273527456188 ], [ -56.881803936306703, -30.998702080325774 ], [ -56.88202523784787, -30.998682563332668 ], [ -56.882318364196522, -30.998656713064683 ], [ -56.884562755056955, -30.998194372284544 ], [ -56.885237788016383, -30.999294634437213 ], [ -56.881498138606389, -30.999901780604944 ], [ -56.881485866703841, -31.000464618606397 ], [ -56.883808976616294, -31.000216706243307 ], [ -56.885830887704586, -30.999570176066179 ], [ -56.886400629673432, -31.000275167962577 ], [ -56.886756466493281, -31.000178786789164 ], [ -56.886339628217897, -30.999388103165337 ], [ -56.887963413775367, -30.99867631603049 ], [ -56.888253748994316, -30.998797880242236 ], [ -56.888437212496719, -30.998716239767823 ], [ -56.888541893679694, -30.998561843618543 ], [ -56.88831139130636, -30.997531857772419 ], [ -56.888155904959504, -30.997034290183468 ], [ -56.887915903208075, -30.996730229645546 ], [ -56.887845364872412, -30.996591963329831 ], [ -56.887815989458517, -30.996401869960511 ], [ -56.887777085632855, -30.99613920715392 ], [ -56.887880330226629, -30.996168211740368 ], [ -56.888052902970067, -30.996194992577735 ], [ -56.888302245149546, -30.99620863411543 ], [ -56.888649599732901, -30.996202184688361 ], [ -56.888985044779261, -30.99618215677291 ], [ -56.889567028608504, -30.996139739462627 ], [ -56.890397972843914, -30.996086271864819 ], [ -56.890661417467754, -30.996041564022221 ], [ -56.891036754415879, -30.995969233456144 ], [ -56.890661517332937, -30.995340682506797 ], [ -56.888962529260183, -30.995781229305528 ], [ -56.88834398400801, -30.995186286676997 ], [ -56.888793517316692, -30.99491303532189 ], [ -56.888330990628312, -30.994380661203721 ], [ -56.887886818311877, -30.994499813385332 ], [ -56.88674970540761, -30.99388918425667 ], [ -56.880868295394023, -30.994646740143054 ], [ -56.880813922057555, -30.99437722042336 ], [ -56.878921334661946, -30.993874333671048 ], [ -56.877109859190185, -30.993950036654113 ], [ -56.877024499519891, -30.993301604249861 ], [ -56.877895497638477, -30.992510924091309 ], [ -56.878137773688074, -30.992511152903525 ], [ -56.878219858835067, -30.99252956822648 ], [ -56.878261756731476, -30.992572098095124 ], [ -56.878397403193183, -30.992527919127554 ], [ -56.878926445263495, -30.992376548910563 ], [ -56.879325585452037, -30.992293243743973 ], [ -56.879570034508504, -30.992223300971499 ], [ -56.880252969275375, -30.992083698742327 ], [ -56.881254183997363, -30.991845104229384 ], [ -56.881307729033644, -30.991836866512717 ], [ -56.881518805274283, -30.992424513002348 ], [ -56.887588092524844, -30.991768923204638 ], [ -56.887926397757148, -30.992353286247194 ], [ -56.888636329211941, -30.992207882818366 ], [ -56.888372769035655, -30.991112525866175 ], [ -56.887200665388207, -30.991104477588365 ], [ -56.887179574321507, -30.99097160474448 ], [ -56.887111249321521, -30.990833201790526 ], [ -56.887061707941591, -30.990504053308726 ], [ -56.884856311279236, -30.990671386462036 ], [ -56.884803553199689, -30.990497944523426 ], [ -56.883822480857255, -30.990653405015475 ], [ -56.883815314667878, -30.990375955005803 ], [ -56.883474932884553, -30.990258789434709 ], [ -56.882994187444787, -30.990302409863258 ], [ -56.882951188560746, -30.990320882964049 ], [ -56.882949656300184, -30.990560159583477 ], [ -56.882388320180674, -30.990657307190052 ], [ -56.880484975210841, -30.990951710570229 ], [ -56.879139647293329, -30.991093900104463 ], [ -56.878738483863359, -30.99114433932138 ], [ -56.877196639028462, -30.991239274145215 ], [ -56.87705167623642, -30.990655424511662 ], [ -56.875250557286385, -30.990860551425953 ], [ -56.875066458446767, -30.990867677792576 ], [ -56.874713830264696, -30.990904295376705 ], [ -56.87471255938798, -30.990944664065289 ], [ -56.874684096363019, -30.991066551087812 ], [ -56.874580164106533, -30.991150922959914 ], [ -56.87439599357397, -30.991218698825236 ], [ -56.873884932930601, -30.991406366707515 ], [ -56.873920212817126, -30.991443495636052 ], [ -56.873959919741786, -30.991523104813155 ], [ -56.874003920946947, -30.99161954287479 ], [ -56.874019131203056, -30.991724011485463 ], [ -56.874108161847879, -30.991908652147924 ], [ -56.874130961850128, -30.991981937552207 ] ] ], [ [ [ -56.848607427560722, -31.000589181973623 ], [ -56.848566059705121, -31.000505719312102 ], [ -56.84856185420378, -31.000404181614634 ], [ -56.84864439911594, -31.000040634894688 ], [ -56.848681662120796, -30.999843903093034 ], [ -56.849132263513837, -30.999894597526534 ], [ -56.849747029561051, -30.999954368451874 ], [ -56.849690519375109, -30.999237901227964 ], [ -56.850855219921854, -30.999237652636324 ], [ -56.851219928473292, -30.999242906142111 ], [ -56.851256419845704, -30.999075400661877 ], [ -56.85142266187097, -30.998312281457078 ], [ -56.850733910060576, -30.99863162633185 ], [ -56.848911998343482, -30.99939967135219 ], [ -56.848891423691292, -30.999389683850012 ], [ -56.848674217839132, -30.999396007441831 ], [ -56.848664416331182, -30.99926479846286 ], [ -56.848600375819458, -30.999111324294116 ], [ -56.847416114585769, -30.999548754554091 ], [ -56.847998242327463, -31.001391873965819 ], [ -56.850268656888353, -31.001085236919966 ], [ -56.850249734352417, -31.00085628171913 ], [ -56.850078055377757, -31.000833487509446 ], [ -56.849422094685885, -31.000734431800787 ], [ -56.848979282683736, -31.000660407149688 ], [ -56.84868570563448, -31.000635845206844 ], [ -56.848607427560722, -31.000589181973623 ] ] ], [ [ [ -56.851460667353734, -30.997378954894224 ], [ -56.851572345312434, -30.996938229759493 ], [ -56.850705776925238, -30.996629221678113 ], [ -56.850629061713782, -30.995724379600141 ], [ -56.850558390323521, -30.994954049847042 ], [ -56.849981963500191, -30.995054996560707 ], [ -56.848812902440272, -30.995215661472429 ], [ -56.848937647910041, -30.995992728949929 ], [ -56.849021273009853, -30.996255338253327 ], [ -56.848667105038295, -30.996582365406848 ], [ -56.84902687007709, -30.997026331616205 ], [ -56.848615077024689, -30.997327027337192 ], [ -56.848445521518101, -30.997448074308124 ], [ -56.848598467330824, -30.997666566746862 ], [ -56.849896941110003, -30.996676771310053 ], [ -56.850633400177536, -30.997042405763576 ], [ -56.85082216682455, -30.997122530825287 ], [ -56.851088155064254, -30.99723543216956 ], [ -56.851460667353734, -30.997378954894224 ] ] ], [ [ [ -56.859164431387683, -30.999399459197654 ], [ -56.85816402007918, -30.998922892432567 ], [ -56.858032059876251, -30.999214070008374 ], [ -56.85700493893205, -30.998866146757116 ], [ -56.856584121545467, -30.996894449643332 ], [ -56.858194824917632, -30.996630289650454 ], [ -56.858072400675255, -30.995899529915292 ], [ -56.856870259750622, -30.996136861064208 ], [ -56.856239276813184, -30.996262368894371 ], [ -56.856097704604046, -30.996291588118957 ], [ -56.855987858173584, -30.9958546986492 ], [ -56.854409717536498, -30.996137509840974 ], [ -56.854573377869585, -30.996657584900117 ], [ -56.854358673385278, -30.996698511384324 ], [ -56.854178836611382, -30.996772353873943 ], [ -56.854043697272431, -30.996908363353416 ], [ -56.853997341200845, -30.997070501454409 ], [ -56.854020448990802, -30.99718754153638 ], [ -56.854198748086681, -30.997780781122838 ], [ -56.854241753037734, -30.997957679256285 ], [ -56.854357564823346, -30.998175156584537 ], [ -56.854100877991307, -30.998575489429104 ], [ -56.853993551608347, -30.998792025413536 ], [ -56.855472928057395, -30.999483543861519 ], [ -56.856140299834898, -30.999795490573074 ], [ -56.855346847324434, -31.000385750954457 ], [ -56.856159066717552, -31.000944088685781 ], [ -56.855956310057991, -31.001186714276514 ], [ -56.855619701623567, -31.00157903298815 ], [ -56.855942107377267, -31.00179052712037 ], [ -56.856085733938691, -31.00185869428611 ], [ -56.857482854806513, -31.000175848473649 ], [ -56.858030234662131, -31.000446087508298 ], [ -56.858299809700505, -31.000143717080338 ], [ -56.858446647867446, -30.999952532776291 ], [ -56.858672563956425, -31.0000536678392 ], [ -56.858852095745235, -31.000141797192661 ], [ -56.859018546361554, -31.000223079640119 ], [ -56.859198813681076, -31.000359277768375 ], [ -56.859358170171141, -31.000486311456044 ], [ -56.859570145880149, -31.000679933020962 ], [ -56.859858295664218, -31.000932278769348 ], [ -56.85999660478307, -31.001040417675689 ], [ -56.860488918341282, -31.000651232542729 ], [ -56.86014181312018, -31.00011143684868 ], [ -56.8600121630801, -30.999909812550733 ], [ -56.859373500242654, -30.999820366359138 ], [ -56.859355451522411, -30.999817839153522 ], [ -56.859350826327933, -30.999811776833631 ], [ -56.859083605190207, -30.999461561721876 ], [ -56.859164431387683, -30.999399459197654 ] ] ], [ [ [ -56.860014168187917, -30.996518482639583 ], [ -56.860205423129734, -30.996587817568216 ], [ -56.860283007765354, -30.995803376031954 ], [ -56.860100475532043, -30.995527967564271 ], [ -56.859164835383254, -30.995651103861423 ], [ -56.859269314461145, -30.995860311885799 ], [ -56.859380620295212, -30.996054472013576 ], [ -56.859488966301036, -30.996220893253593 ], [ -56.859569027800639, -30.996306904824905 ], [ -56.859705098832102, -30.996397177507642 ], [ -56.859874683502092, -30.996473033022024 ], [ -56.860014168187917, -30.996518482639583 ] ] ], [ [ [ -56.861220147565916, -30.997169914176357 ], [ -56.861588511948895, -30.997623330895689 ], [ -56.862235567463308, -30.997254195377625 ], [ -56.86189442631931, -30.996795373099939 ], [ -56.861819863192608, -30.996821496768742 ], [ -56.861619157628198, -30.996914582844219 ], [ -56.861220147565916, -30.997169914176357 ] ] ], [ [ [ -56.865764793934176, -31.001208942004851 ], [ -56.865582329411637, -30.999498645795647 ], [ -56.86282163421081, -30.999985438077271 ], [ -56.862375460737304, -31.001673073673004 ], [ -56.862476493073729, -31.002796296634457 ], [ -56.862985112069673, -31.00274208084161 ], [ -56.862995597622287, -31.001637377649224 ], [ -56.864492934177491, -31.001499815070083 ], [ -56.865369657939056, -31.001277907444194 ], [ -56.865764793934176, -31.001208942004851 ] ] ], [ [ [ -56.867563439377548, -31.000923595646427 ], [ -56.866617741092988, -31.001060066630597 ], [ -56.866793122236032, -31.001743644062746 ], [ -56.867287812127813, -31.0016710662766 ], [ -56.867605908913319, -31.001624395384606 ], [ -56.867563439377548, -31.000923595646427 ] ] ], [ [ [ -56.863518884112544, -31.005390049755537 ], [ -56.863670041185856, -31.005156842254813 ], [ -56.8642699158083, -31.004231337646335 ], [ -56.864649755444972, -31.004246609284849 ], [ -56.865402056264031, -31.004154838256344 ], [ -56.865811966668204, -31.004104832349125 ], [ -56.865817405190917, -31.004074368431912 ], [ -56.8658975519904, -31.003625424360386 ], [ -56.865908072060527, -31.003566494783673 ], [ -56.865477889326925, -31.003633464273353 ], [ -56.864650525556335, -31.00376226053713 ], [ -56.863674054350227, -31.003621074080613 ], [ -56.863312334349274, -31.003591151531413 ], [ -56.862978563713213, -31.004755933887807 ], [ -56.862125339426953, -31.004757604547887 ], [ -56.861789981497992, -31.005413735704817 ], [ -56.862084232685049, -31.005911829855187 ], [ -56.862249125205253, -31.006190948305687 ], [ -56.863265761764048, -31.006529693371462 ], [ -56.863518884112544, -31.005390049755537 ] ] ], [ [ [ -56.867278315518959, -31.003061748922811 ], [ -56.867004652838659, -31.003796027871559 ], [ -56.867256814771665, -31.00386495935787 ], [ -56.867364698192652, -31.003894449778262 ], [ -56.867751116576876, -31.003880119317163 ], [ -56.867943961294436, -31.003189211943088 ], [ -56.867595520568038, -31.003122490348495 ], [ -56.867278315518959, -31.003061748922811 ] ] ] ] } },
{ "type": "Feature", "properties": { "codigo_ai": 2220006, "nombre_ai": "Silvio Guerra", "nombre_dep": "Artigas", "nombre_loc": "Artigas", "fecha_desde": 1995, "footprints_all": 95, "footprints_min6": 95, "footprints_min10": 88, "oai_viviendas": null, "oai_personas": null, "est_dwellings": 86.0, "est_population": 292.0, "meets_definition": true }, "geometry": { "type": "Polygon", "coordinates": [ [ [ -56.458140545255148, -30.405358365592765 ], [ -56.458328553065087, -30.405222642552079 ], [ -56.458015394299771, -30.405142982000086 ], [ -56.457678900851427, -30.405378791590206 ], [ -56.456638699812132, -30.406103206369306 ], [ -56.455738644701647, -30.406721483441718 ], [ -56.455472253682899, -30.406904476684023 ], [ -56.45524345209914, -30.407061028374656 ], [ -56.45559342336103, -30.407459260992837 ], [ -56.456379738303383, -30.406858720879018 ], [ -56.456657563696353, -30.406651491060607 ], [ -56.456827788653072, -30.406439706403187 ], [ -56.456985506401359, -30.406322551373737 ], [ -56.456904209699481, -30.406271225855104 ], [ -56.456937255516102, -30.406236802821116 ], [ -56.457198032186554, -30.406052208538682 ], [ -56.457256667576068, -30.406111294063344 ], [ -56.457508774586159, -30.405891437607533 ], [ -56.457473943484139, -30.405867709080141 ], [ -56.457632582050167, -30.405745069665521 ], [ -56.457886714822827, -30.405550544507079 ], [ -56.457922172771852, -30.40552525253937 ], [ -56.458140545255148, -30.405358365592765 ] ] ] } },
{ "type": "Feature", "properties": { "codigo_ai": 2900002, "nombre_ai": "Sin Nombre", "nombre_dep": "Artigas", "nombre_loc": "Rural", "fecha_desde": 2017, "footprints_all": 61, "footprints_min6": 61, "footprints_min10": 49, "oai_viviendas": null, "oai_personas": null, "est_dwellings": 55.0, "est_population": 187.0, "meets_definition": true }, "geometry": { "type": "MultiPolygon", "coordinates": [ [ [ [ -56.524349261196186, -30.427716496558482 ], [ -56.524260296303837, -30.42724498292602 ], [ -56.522576917359167, -30.427356755077223 ], [ -56.521186173729767, -30.427513975664603 ], [ -56.519354793404439, -30.428020575534568 ], [ -56.515237049239005, -30.428474448857045 ], [ -56.51526853414871, -30.428861169665311 ], [ -56.517570585724968, -30.428825122191483 ], [ -56.520757776374332, -30.428435032659674 ], [ -56.524349261196186, -30.427716496558482 ] ] ], [ [ [ -56.513076290305932, -30.428472725669273 ], [ -56.512831907256235, -30.428482958365269 ], [ -56.512386042705877, -30.428927048918112 ], [ -56.51279044941608, -30.429062285252158 ], [ -56.513197595396015, -30.428645908304809 ], [ -56.513076290305932, -30.428472725669273 ] ] ] ] } },
{ "type": "Feature", "properties": { "codigo_ai": 2220011, "nombre_ai": "Tamandua", "nombre_dep": "Artigas", "nombre_loc": "Artigas", "fecha_desde": 2002, "footprints_all": 56, "footprints_min6": 56, "footprints_min10": 53, "oai_viviendas": null, "oai_personas": null, "est_dwellings": 50.0, "est_population": 170.0, "meets_definition": true }, "geometry": { "type": "Polygon", "coordinates": [ [ [ -56.494352672150896, -30.399610117605484 ], [ -56.493789155745908, -30.399379455463826 ], [ -56.493661917445131, -30.399680596546592 ], [ -56.49340494213709, -30.400213092292834 ], [ -56.493063826082697, -30.400251931422009 ], [ -56.492848022201393, -30.400581419320996 ], [ -56.492780001311473, -30.400695981421034 ], [ -56.492940608804915, -30.400698782483776 ], [ -56.493199315210312, -30.400714986394192 ], [ -56.493211507333854, -30.400717059563267 ], [ -56.49324265794337, -30.400718434746025 ], [ -56.49326679059719, -30.400755179787247 ], [ -56.493236020079685, -30.401107197668413 ], [ -56.493211802834985, -30.401319260649053 ], [ -56.493198666161334, -30.40145714245762 ], [ -56.493164422705895, -30.401808671246325 ], [ -56.493187990921051, -30.401834009723082 ], [ -56.493305967590821, -30.401824788440312 ], [ -56.493461478049625, -30.401804583464799 ], [ -56.493620782326246, -30.401777448231037 ], [ -56.493945341663611, -30.401781826607408 ], [ -56.493971878243279, -30.401482074758626 ], [ -56.493692804067067, -30.401472931304454 ], [ -56.493720541147333, -30.401118179961951 ], [ -56.493865069907613, -30.401122559012375 ], [ -56.493882589160464, -30.400909415949403 ], [ -56.493903730477918, -30.400611601351311 ], [ -56.494020497568975, -30.400181661287643 ], [ -56.494352672150896, -30.399610117605484 ] ] ] } },
{ "type": "Feature", "properties": { "codigo_ai": 2900001, "nombre_ai": "Zanja Del Tigre", "nombre_dep": "Artigas", "nombre_loc": "Rural", "fecha_desde": 2006, "footprints_all": 63, "footprints_min6": 63, "footprints_min10": 57, "oai_viviendas": null, "oai_personas": null, "est_dwellings": 57.0, "est_population": 194.0, "meets_definition": true }, "geometry": { "type": "Polygon", "coordinates": [ [ [ -56.459252861978669, -30.425175495489526 ], [ -56.458980970978473, -30.425443687860444 ], [ -56.45880661154041, -30.42593573379477 ], [ -56.458730949435754, -30.426348284523023 ], [ -56.45865408315565, -30.426487915412782 ], [ -56.458583690381161, -30.426771035678541 ], [ -56.458824106064746, -30.426825770313116 ], [ -56.459060285632773, -30.42628269820289 ], [ -56.459191451121647, -30.426334108040553 ], [ -56.459494717270324, -30.426138955000216 ], [ -56.459392685054027, -30.425958361893549 ], [ -56.462206115147367, -30.423742436004503 ], [ -56.462159518177849, -30.423605096241165 ], [ -56.461843146316944, -30.42368357582399 ], [ -56.461801453680827, -30.423869965358481 ], [ -56.460889279606427, -30.424580507468285 ], [ -56.459778789637959, -30.425452950130072 ], [ -56.459252861978669, -30.425175495489526 ] ] ] } },
{ "type": "Feature", "properties": { "codigo_ai": 2220001, "nombre_ai": "Zona Inundable", "nombre_dep": "Artigas", "nombre_loc": "Artigas", "fecha_desde": 1950, "footprints_all": 1487, "footprints_min6": 1487, "footprints_min10": 1399, "oai_viviendas": null, "oai_personas": null, "est_dwellings": 1338.0, "est_population": 4549.0, "meets_definition": true }, "geometry": { "type": "Polygon", "coordinates": [ [ [ -56.474468699543749, -30.395480660311147 ], [ -56.473973631798188, -30.395012036511254 ], [ -56.472567858713084, -30.393699193169869 ], [ -56.472103882842767, -30.393264098746055 ], [ -56.47160137760325, -30.392798479670603 ], [ -56.471566234734311, -30.392765200020094 ], [ -56.471108550460357, -30.392322041217863 ], [ -56.47063174357082, -30.39188694557437 ], [ -56.470131023801137, -30.391411520031941 ], [ -56.469598800452076, -30.390898705962556 ], [ -56.469168223754572, -30.390494939510617 ], [ -56.46913259434622, -30.390462044354145 ], [ -56.468613107413567, -30.389987694504462 ], [ -56.468361685073951, -30.389765542241594 ], [ -56.468107324962418, -30.389585168942585 ], [ -56.468065190122317, -30.389557745261367 ], [ -56.467769264054098, -30.389366783982936 ], [ -56.4676836207299, -30.389329803495759 ], [ -56.467488807105156, -30.38924505857042 ], [ -56.467413532543077, -30.389225505583937 ], [ -56.467073324137253, -30.389102972592365 ], [ -56.466800688865327, -30.389041275609152 ], [ -56.466550694632346, -30.388993138655351 ], [ -56.466291272407346, -30.388959142838427 ], [ -56.466028965882131, -30.388936088809569 ], [ -56.465826124402881, -30.388927612748958 ], [ -56.465353230542398, -30.388958565857955 ], [ -56.465015129227389, -30.388991175628433 ], [ -56.464796076372451, -30.389041226350525 ], [ -56.464588993854193, -30.389099243314956 ], [ -56.464376709912493, -30.389166579242463 ], [ -56.464029366163793, -30.389310615140545 ], [ -56.463844300628018, -30.389405057697449 ], [ -56.463640703898413, -30.389520792455546 ], [ -56.463483293265355, -30.389625137133404 ], [ -56.463277340871585, -30.389773672465171 ], [ -56.462931878321079, -30.390047322198651 ], [ -56.462403242517652, -30.39046124340453 ], [ -56.461848032933553, -30.390899287467303 ], [ -56.461362140960681, -30.391297567870481 ], [ -56.46124991690931, -30.391400132496372 ], [ -56.461151193546094, -30.391502280762079 ], [ -56.461086267465106, -30.391588526635569 ], [ -56.460991418113593, -30.391744888149105 ], [ -56.460935964013601, -30.391851059838995 ], [ -56.461595444579061, -30.39248012304423 ], [ -56.46216772568642, -30.392061351527531 ], [ -56.462702613258237, -30.391669936542787 ], [ -56.46324251617353, -30.391274847347226 ], [ -56.463793712175665, -30.390871487613982 ], [ -56.46434782047649, -30.390465991557164 ], [ -56.465435393107654, -30.389668882120496 ], [ -56.466125318430898, -30.390324889784956 ], [ -56.466574598658937, -30.390749683362493 ], [ -56.466609909128216, -30.39078309046354 ], [ -56.467072085009249, -30.391185306703875 ], [ -56.467137894928292, -30.391240527878185 ], [ -56.467590687940579, -30.391660047011179 ], [ -56.467622902840191, -30.391700272299953 ], [ -56.468091354109127, -30.392160982550276 ], [ -56.468557383605081, -30.392621837383604 ], [ -56.469075292309185, -30.393115646366716 ], [ -56.469545332976381, -30.393559038339138 ], [ -56.470048858937631, -30.394029221010218 ], [ -56.470507221834076, -30.394460601903745 ], [ -56.470971763966631, -30.394898113577735 ], [ -56.471493360945516, -30.395396752994927 ], [ -56.47194521930826, -30.395824602172269 ], [ -56.471980574564547, -30.39585771382685 ], [ -56.472435622573094, -30.396297563326918 ], [ -56.472905636517666, -30.396739751969278 ], [ -56.472889941732937, -30.396718815507221 ], [ -56.474468699543749, -30.395480660311147 ] ] ] } },
{ "type": "Feature", "properties": { "codigo_ai": 3522006, "nombre_ai": "11 De Mayo", "nombre_dep": "Canelones", "nombre_loc": "Barros Blancos", "fecha_desde": 1997, "footprints_all": 37, "footprints_min6": 37, "footprints_min10": 37, "oai_viviendas": null, "oai_personas": null, "est_dwellings": 33.0, "est_population": 112.0, "meets_definition": true }, "geometry": { "type": "Polygon", "coordinates": [ [ [ -55.980330770435813, -34.741947745130638 ], [ -55.979820889862367, -34.741564641125009 ], [ -55.979752778028889, -34.74156299297217 ], [ -55.978946412201971, -34.742286432272543 ], [ -55.979486825971982, -34.742684430871869 ], [ -55.980330770435813, -34.741947745130638 ] ] ] } },
{ "type": "Feature", "properties": { "codigo_ai": 3523002, "nombre_ai": "17 Metros", "nombre_dep": "Canelones", "nombre_loc": "Colonia Nicolich", "fecha_desde": 2001, "footprints_all": 76, "footprints_min6": 76, "footprints_min10": 70, "oai_viviendas": null, "oai_personas": null, "est_dwellings": 68.0, "est_population": 231.0, "meets_definition": true }, "geometry": { "type": "Polygon", "coordinates": [ [ [ -56.013240224486971, -34.817615896270524 ], [ -56.013855012069442, -34.817506252754931 ], [ -56.013118188270802, -34.814710742069828 ], [ -56.01253706877484, -34.814808005037058 ], [ -56.012690258114887, -34.815442811660681 ], [ -56.012003443072004, -34.815555163991704 ], [ -56.01208826566878, -34.815919474054695 ], [ -56.012670206606707, -34.815833422111645 ], [ -56.012862414297899, -34.816636829391491 ], [ -56.012347304877537, -34.816758725431669 ], [ -56.012417306746428, -34.817041705614876 ], [ -56.013036242057829, -34.816930737361695 ], [ -56.013240224486971, -34.817615896270524 ] ] ] } },
{ "type": "Feature", "properties": { "codigo_ai": 3421004, "nombre_ai": "1ero De Mayo", "nombre_dep": "Canelones", "nombre_loc": "Progreso", "fecha_desde": 2012, "footprints_all": 412, "footprints_min6": 412, "footprints_min10": 377, "oai_viviendas": null, "oai_personas": null, "est_dwellings": 371.0, "est_population": 1261.0, "meets_definition": true }, "geometry": { "type": "Polygon", "coordinates": [ [ [ -56.220966973145671, -34.686925435546279 ], [ -56.220583965072755, -34.687080195280423 ], [ -56.220190272723393, -34.687201258769669 ], [ -56.219792764977491, -34.687308694390332 ], [ -56.219523578021374, -34.687374349531275 ], [ -56.21912619880905, -34.687414790169633 ], [ -56.218959939440097, -34.687438168846462 ], [ -56.218886783814071, -34.6873961874496 ], [ -56.218822358792444, -34.687356971760245 ], [ -56.218782952029564, -34.687412373145222 ], [ -56.218640700188637, -34.687461655049397 ], [ -56.218372299470708, -34.687512854745805 ], [ -56.217891107878039, -34.687636080101932 ], [ -56.217551873450148, -34.687699437232141 ], [ -56.217091270458873, -34.687821014217846 ], [ -56.217160491813033, -34.688557991656225 ], [ -56.217199762654083, -34.689243267148633 ], [ -56.217253636483107, -34.689892534373271 ], [ -56.217331013326685, -34.69092843876804 ], [ -56.217987207832365, -34.690578113294364 ], [ -56.219228591015856, -34.689825314094485 ], [ -56.219260928199603, -34.689969475596591 ], [ -56.219275101287053, -34.69005398199311 ], [ -56.219283596038011, -34.690125027503598 ], [ -56.219308603957131, -34.690737728304406 ], [ -56.21989433035499, -34.690705627701533 ], [ -56.220580013822179, -34.69067483179488 ], [ -56.220959666336292, -34.690657320422616 ], [ -56.221461658926351, -34.690607665281561 ], [ -56.221357175319255, -34.690008278339128 ], [ -56.221278823542086, -34.689469863057504 ], [ -56.221160035261398, -34.688724112540577 ], [ -56.221164573083968, -34.68865189426684 ], [ -56.221293534873666, -34.688556691618281 ], [ -56.221215023483353, -34.68796601541176 ], [ -56.221609684346902, -34.687781488889954 ], [ -56.220966973145671, -34.686925435546279 ] ] ] } },
{ "type": "Feature", "properties": { "codigo_ai": 3522008, "nombre_ai": "4 De Setiembre", "nombre_dep": "Canelones", "nombre_loc": "Barros Blancos", "fecha_desde": 2017, "footprints_all": 38, "footprints_min6": 38, "footprints_min10": 38, "oai_viviendas": null, "oai_personas": null, "est_dwellings": 34.0, "est_population": 116.0, "meets_definition": true }, "geometry": { "type": "Polygon", "coordinates": [ [ [ -55.975520097185587, -34.739718724507128 ], [ -55.976444084516466, -34.738891068610599 ], [ -55.97608614534947, -34.738629438585576 ], [ -55.975775406713197, -34.738917452171613 ], [ -55.975413844473472, -34.738650303582503 ], [ -55.975076011512108, -34.738976926817024 ], [ -55.974826089980006, -34.739196793655189 ], [ -55.975520097185587, -34.739718724507128 ] ] ] } },
{ "type": "Feature", "properties": { "codigo_ai": 3998001, "nombre_ai": "A. Km. 24 Ruta 6", "nombre_dep": "Canelones", "nombre_loc": "Km. 24 Ruta 6", "fecha_desde": 2002, "footprints_all": 21, "footprints_min6": 21, "footprints_min10": 19, "oai_viviendas": null, "oai_personas": null, "est_dwellings": 19.0, "est_population": 65.0, "meets_definition": true }, "geometry": { "type": "Polygon", "coordinates": [ [ [ -56.060361014421211, -34.660879768735967 ], [ -56.060253243584008, -34.660837856076469 ], [ -56.060158826634712, -34.660827722988586 ], [ -56.060107310645016, -34.660863927928339 ], [ -56.060122405773285, -34.661063818286252 ], [ -56.060670328827136, -34.663609151574796 ], [ -56.061133756064756, -34.663504502287871 ], [ -56.061068290526599, -34.663359368960364 ], [ -56.06063476610484, -34.662291489584298 ], [ -56.060584505335328, -34.662117886724964 ], [ -56.060465956313628, -34.661660570738903 ], [ -56.060415079907436, -34.661368995953318 ], [ -56.060361014421211, -34.660879768735967 ] ] ] } },
{ "type": "Feature", "properties": { "codigo_ai": 3733001, "nombre_ai": "Aerolineas Argentinas", "nombre_dep": "Canelones", "nombre_loc": "Villa Aeroparque", "fecha_desde": 1985, "footprints_all": 59, "footprints_min6": 59, "footprints_min10": 58, "oai_viviendas": null, "oai_personas": null, "est_dwellings": 53.0, "est_population": 180.0, "meets_definition": true }, "geometry": { "type": "Polygon", "coordinates": [ [ [ -56.000523520922066, -34.79418506424706 ], [ -55.999824634537347, -34.794316707021977 ], [ -55.999344784820622, -34.796362868697116 ], [ -55.999352959028279, -34.796438053295986 ], [ -55.999205493721938, -34.796461948365341 ], [ -55.999164250034546, -34.796891180639591 ], [ -56.000231003110905, -34.796682349682904 ], [ -56.000127289965647, -34.796285844548024 ], [ -56.000070260353787, -34.796218298379806 ], [ -56.000456850556972, -34.794517284428075 ], [ -56.000523520922066, -34.79418506424706 ] ] ] } },
{ "type": "Feature", "properties": { "codigo_ai": 3838001, "nombre_ai": "Aires Puros", "nombre_dep": "Canelones", "nombre_loc": "Villa Paz", "fecha_desde": 2009, "footprints_all": 32, "footprints_min6": 32, "footprints_min10": 31, "oai_viviendas": null, "oai_personas": null, "est_dwellings": 29.0, "est_population": 99.0, "meets_definition": true }, "geometry": { "type": "MultiPolygon", "coordinates": [ [ [ [ -56.235060949439543, -34.750624645393891 ], [ -56.23571614752931, -34.750614070600641 ], [ -56.235568847645823, -34.749895585165895 ], [ -56.235044451873911, -34.749885200881678 ], [ -56.235053642477347, -34.75027203576812 ], [ -56.235060949439543, -34.750624645393891 ] ] ], [ [ [ -56.235213219972486, -34.748279092542411 ], [ -56.234911984162807, -34.746809702443969 ], [ -56.234827840048794, -34.74673365825403 ], [ -56.234829439032687, -34.746759883173226 ], [ -56.234829386671471, -34.74733750455357 ], [ -56.234866090999326, -34.748257522563144 ], [ -56.234876478568424, -34.748282866673271 ], [ -56.235213219972486, -34.748279092542411 ] ] ] ] } },
{ "type": "Feature", "properties": { "codigo_ai": 3321004, "nombre_ai": "Asentamiento 2000", "nombre_dep": "Canelones", "nombre_loc": "La Paz", "fecha_desde": 2000, "footprints_all": 93, "footprints_min6": 93, "footprints_min10": 89, "oai_viviendas": null, "oai_personas": null, "est_dwellings": 84.0, "est_population": 286.0, "meets_definition": true }, "geometry": { "type": "Polygon", "coordinates": [ [ [ -56.221696769821946, -34.750401310767295 ], [ -56.221625353604885, -34.749361787191411 ], [ -56.219974814901626, -34.74945630103911 ], [ -56.220046963853576, -34.750478676093834 ], [ -56.221696769821946, -34.750401310767295 ] ] ] } },
{ "type": "Feature", "properties": { "codigo_ai": 3523001, "nombre_ai": "Asentamiento 2000", "nombre_dep": "Canelones", "nombre_loc": "Colonia Nicolich", "fecha_desde": 2000, "footprints_all": 73, "footprints_min6": 73, "footprints_min10": 72, "oai_viviendas": null, "oai_personas": null, "est_dwellings": 66.0, "est_population": 224.0, "meets_definition": true }, "geometry": { "type": "Polygon", "coordinates": [ [ [ -56.041094337002825, -34.818086346639724 ], [ -56.04128124731433, -34.81870705889289 ], [ -56.042416799703972, -34.81844859095748 ], [ -56.042272716802124, -34.817986177519444 ], [ -56.042017956463425, -34.81709677143985 ], [ -56.041706430898031, -34.816105686160832 ], [ -56.040591632827216, -34.816323394704085 ], [ -56.04085820918894, -34.817173857512138 ], [ -56.041373422701049, -34.817071891118786 ], [ -56.041453706604131, -34.817351325029065 ], [ -56.041736545431803, -34.817289195854151 ], [ -56.041918593828711, -34.817912505589277 ], [ -56.041094337002825, -34.818086346639724 ] ] ] } },
{ "type": "Feature", "properties": { "codigo_ai": 3323002, "nombre_ai": "Baltasar Brum", "nombre_dep": "Canelones", "nombre_loc": "Santa Lucia", "fecha_desde": 2012, "footprints_all": 25, "footprints_min6": 25, "footprints_min10": 24, "oai_viviendas": null, "oai_personas": null, "est_dwellings": 22.0, "est_population": 75.0, "meets_definition": true }, "geometry": { "type": "Polygon", "coordinates": [ [ [ -56.398685672760479, -34.461459755109921 ], [ -56.398759486848022, -34.461498291628772 ], [ -56.398821803779455, -34.461532253513703 ], [ -56.398892821462496, -34.461593049004996 ], [ -56.398919008908962, -34.461615466811864 ], [ -56.399164055704162, -34.461442454282377 ], [ -56.399003349290552, -34.461251255154103 ], [ -56.399579206286845, -34.460779595122986 ], [ -56.399611501402632, -34.460801125645759 ], [ -56.399724534586831, -34.46071141625584 ], [ -56.399704798466395, -34.460691680707249 ], [ -56.400020124762122, -34.460422554309403 ], [ -56.400059596341592, -34.460456643320398 ], [ -56.400151099324511, -34.460381288323902 ], [ -56.400246191025737, -34.460275431935344 ], [ -56.400307192717591, -34.46030189621213 ], [ -56.40071692917968, -34.459806226582629 ], [ -56.400674928445504, -34.459796368642301 ], [ -56.400544165367265, -34.459748192373958 ], [ -56.400046038127478, -34.460149201520416 ], [ -56.398438010729954, -34.461410409926557 ], [ -56.397601544013874, -34.462052430224922 ], [ -56.397996742699227, -34.462385383134311 ], [ -56.398685672760479, -34.461459755109921 ] ] ] } },
{ "type": "Feature", "properties": { "codigo_ai": 3221008, "nombre_ai": "Barrio La Pilarica", "nombre_dep": "Canelones", "nombre_loc": "Las Piedras", "fecha_desde": 1985, "footprints_all": 128, "footprints_min6": 128, "footprints_min10": 123, "oai_viviendas": null, "oai_personas": null, "est_dwellings": 115.0, "est_population": 391.0, "meets_definition": true }, "geometry": { "type": "Polygon", "coordinates": [ [ [ -56.219641105687415, -34.744204135421803 ], [ -56.21923219820021, -34.743978958470642 ], [ -56.218724720026344, -34.743686006059249 ], [ -56.218718540330826, -34.744653431478469 ], [ -56.218707614780442, -34.74470876956908 ], [ -56.218623993438925, -34.744795501981443 ], [ -56.216774522586363, -34.746216938830678 ], [ -56.216659226295583, -34.746297716560818 ], [ -56.216601505290917, -34.746323539364901 ], [ -56.216513403581189, -34.74632657690082 ], [ -56.216429460723639, -34.746288798075398 ], [ -56.216308468968101, -34.746202665998155 ], [ -56.216250447840522, -34.746603758930206 ], [ -56.216729163411138, -34.746659221608574 ], [ -56.216746943359624, -34.746635510772215 ], [ -56.216799544786582, -34.746598735661529 ], [ -56.216850087849849, -34.746565095307304 ], [ -56.216894285206628, -34.746509058791069 ], [ -56.216918558742108, -34.746492062649764 ], [ -56.216950350500618, -34.74647913756106 ], [ -56.217026856411877, -34.746467576642956 ], [ -56.217110371994401, -34.746466860122048 ], [ -56.217191596708886, -34.746461621861378 ], [ -56.217319078108041, -34.746423702863773 ], [ -56.217408484943242, -34.746410984707516 ], [ -56.217527825578912, -34.746399769965457 ], [ -56.217610479844417, -34.746401989984165 ], [ -56.217637984283193, -34.746390024589573 ], [ -56.217646693616373, -34.746367881205664 ], [ -56.217668192080808, -34.746249848299797 ], [ -56.21768105076346, -34.746223632202621 ], [ -56.217701838564821, -34.74619915782371 ], [ -56.217765139175363, -34.746120410427238 ], [ -56.217804131318097, -34.746074437957908 ], [ -56.218135216991179, -34.745773177589427 ], [ -56.218198247892325, -34.745723208551681 ], [ -56.218310455005103, -34.745655142254911 ], [ -56.218362369908888, -34.745629293089024 ], [ -56.218373135220368, -34.745618837831451 ], [ -56.218383782405517, -34.745597379534722 ], [ -56.218413728460447, -34.745544321447831 ], [ -56.218495073560774, -34.745425516392565 ], [ -56.218536021691648, -34.745372338604476 ], [ -56.218668579179528, -34.745231678023963 ], [ -56.21867910853004, -34.745210886239974 ], [ -56.21868282368505, -34.745182028748985 ], [ -56.218677220338471, -34.745151528898894 ], [ -56.218658538868802, -34.745117349856351 ], [ -56.218659121588516, -34.74507901739468 ], [ -56.218675485441409, -34.7450640577039 ], [ -56.218715654985246, -34.745046432756801 ], [ -56.21876487106789, -34.745035894087316 ], [ -56.218830137663147, -34.745008280870032 ], [ -56.218915760347471, -34.744954744743502 ], [ -56.218968457609165, -34.744928347555401 ], [ -56.21907221248042, -34.744896539902115 ], [ -56.219119465802947, -34.74485820190138 ], [ -56.21920625470392, -34.744739669313866 ], [ -56.219265290778559, -34.744677327298234 ], [ -56.219320726803879, -34.744631509334425 ], [ -56.219397383986511, -34.744586001404535 ], [ -56.219444356747339, -34.744494765572114 ], [ -56.219475241060465, -34.744436382059533 ], [ -56.219546015747937, -34.744319144296 ], [ -56.219641105687415, -34.744204135421803 ] ] ] } },
{ "type": "Feature", "properties": { "codigo_ai": 3221010, "nombre_ai": "Barrio Obelisco - Santa Isabel", "nombre_dep": "Canelones", "nombre_loc": "Las Piedras", "fecha_desde": 2000, "footprints_all": 196, "footprints_min6": 196, "footprints_min10": 190, "oai_viviendas": null, "oai_personas": null, "est_dwellings": 176.0, "est_population": 598.0, "meets_definition": true }, "geometry": { "type": "Polygon", "coordinates": [ [ [ -56.184816073073456, -34.720465291119034 ], [ -56.183963281610339, -34.720751453942171 ], [ -56.182884273656299, -34.72158525764101 ], [ -56.183248882213505, -34.721670616192462 ], [ -56.183472944855211, -34.721793011740949 ], [ -56.184061087216371, -34.721416708395346 ], [ -56.184651548292834, -34.722003779549219 ], [ -56.18451331071941, -34.72209640121104 ], [ -56.184643347965128, -34.722223194238964 ], [ -56.184780843237746, -34.722215767804265 ], [ -56.184948847177019, -34.72223589010072 ], [ -56.1851595047929, -34.72223112684285 ], [ -56.185234555867524, -34.722208146272429 ], [ -56.185331026385441, -34.722128032243084 ], [ -56.186127560290842, -34.721580165052146 ], [ -56.186318830735999, -34.721791645056534 ], [ -56.186596560896085, -34.721619002400161 ], [ -56.186635777034923, -34.721609141157408 ], [ -56.186816207485819, -34.721484623247143 ], [ -56.186831902111926, -34.721456015281433 ], [ -56.187449078106233, -34.721050889733192 ], [ -56.187636672674586, -34.720910633167222 ], [ -56.188163674647988, -34.720549385161 ], [ -56.187641719656689, -34.720031539130538 ], [ -56.187278588823837, -34.719885490315377 ], [ -56.186733538245115, -34.719665150704074 ], [ -56.186588578088504, -34.720036249144478 ], [ -56.186542191156313, -34.720244992037131 ], [ -56.186616701694469, -34.720275756002373 ], [ -56.18586980141032, -34.720805811443867 ], [ -56.1855686074638, -34.72045316403316 ], [ -56.18508331752183, -34.720771473163225 ], [ -56.184816073073456, -34.720465291119034 ] ] ] } },
{ "type": "Feature", "properties": { "codigo_ai": 3522014, "nombre_ai": "Bella Vista Chico", "nombre_dep": "Canelones", "nombre_loc": "Barros Blancos", "fecha_desde": 1998, "footprints_all": 21, "footprints_min6": 21, "footprints_min10": 21, "oai_viviendas": null, "oai_personas": null, "est_dwellings": 19.0, "est_population": 65.0, "meets_definition": true }, "geometry": { "type": "Polygon", "coordinates": [ [ [ -56.0051124240604, -34.772980586854594 ], [ -56.004722148325868, -34.773062936616824 ], [ -56.004795743416878, -34.773310117236285 ], [ -56.004156401180794, -34.773451181906083 ], [ -56.004292244037934, -34.773860345655201 ], [ -56.005296472400282, -34.773653928358954 ], [ -56.0051124240604, -34.772980586854594 ] ] ] } },
{ "type": "Feature", "properties": { "codigo_ai": 3522013, "nombre_ai": "Bella Vista Grande", "nombre_dep": "Canelones", "nombre_loc": "Barros Blancos", "fecha_desde": 1998, "footprints_all": 56, "footprints_min6": 56, "footprints_min10": 56, "oai_viviendas": null, "oai_personas": null, "est_dwellings": 50.0, "est_population": 170.0, "meets_definition": true }, "geometry": { "type": "Polygon", "coordinates": [ [ [ -56.005154752403442, -34.767251196199076 ], [ -55.999598344049971, -34.768439416846704 ], [ -55.999682054219186, -34.768713581393804 ], [ -55.999697440278872, -34.768710304685179 ], [ -56.001300825805927, -34.768398580359403 ], [ -56.005239063301566, -34.767564894816793 ], [ -56.005154752403442, -34.767251196199076 ] ] ] } },
{ "type": "Feature", "properties": { "codigo_ai": 3959004, "nombre_ai": "Bigua", "nombre_dep": "Canelones", "nombre_loc": "Neptunia", "fecha_desde": 2019, "footprints_all": 123, "footprints_min6": 123, "footprints_min10": 103, "oai_viviendas": null, "oai_personas": null, "est_dwellings": 111.0, "est_population": 377.0, "meets_definition": true }, "geometry": { "type": "Polygon", "coordinates": [ [ [ -55.886711430008845, -34.782879379296382 ], [ -55.886830490697264, -34.783170985947095 ], [ -55.886952127057704, -34.783358869945666 ], [ -55.887181668115581, -34.783619462034096 ], [ -55.88750359980105, -34.783883281422867 ], [ -55.887714457668352, -34.784021709433738 ], [ -55.88784871636615, -34.78408786525997 ], [ -55.888178437446363, -34.784250334400362 ], [ -55.888457118157028, -34.784380241755727 ], [ -55.88861475066949, -34.784453721135456 ], [ -55.888772102935107, -34.784558953503534 ], [ -55.888866310801504, -34.784622464821709 ], [ -55.889020664770399, -34.78475157039734 ], [ -55.889176302457514, -34.784912620882217 ], [ -55.889303789423771, -34.785022493455166 ], [ -55.889260406433365, -34.785147757157397 ], [ -55.889510078550551, -34.785346715948833 ], [ -55.889889698072032, -34.785649225968783 ], [ -55.890092623650872, -34.785795271901264 ], [ -55.890353697076598, -34.785629235164585 ], [ -55.890366202122557, -34.785511199060743 ], [ -55.890953319748689, -34.785041473641911 ], [ -55.892375419075179, -34.78466293574953 ], [ -55.891747970862454, -34.783818062224732 ], [ -55.891697399044155, -34.783761581683592 ], [ -55.891313256401162, -34.783566651437155 ], [ -55.890538484152728, -34.783929343442963 ], [ -55.890280212801379, -34.784033897422795 ], [ -55.890079782660578, -34.784165750278881 ], [ -55.890078885547197, -34.784152764591774 ], [ -55.889851108934145, -34.78402829639009 ], [ -55.889308427655635, -34.783744508554364 ], [ -55.887644146013393, -34.782786042569015 ], [ -55.887334439748052, -34.782594275153748 ], [ -55.886868298206977, -34.781877744459038 ], [ -55.886673993959896, -34.781690412126103 ], [ -55.886521858634261, -34.782243431940856 ], [ -55.886465495118159, -34.782453238995515 ], [ -55.886524153587409, -34.782554435133186 ], [ -55.886576094514936, -34.782629896120795 ], [ -55.886711430008845, -34.782879379296382 ] ] ] } },
{ "type": "Feature", "properties": { "codigo_ai": 3631003, "nombre_ai": "Callejon De La Rosada - Villa", "nombre_dep": "Canelones", "nombre_loc": "Toledo", "fecha_desde": 2008, "footprints_all": 35, "footprints_min6": 35, "footprints_min10": 34, "oai_viviendas": null, "oai_personas": null, "est_dwellings": 32.0, "est_population": 109.0, "meets_definition": true }, "geometry": { "type": "Polygon", "coordinates": [ [ [ -56.089612423280592, -34.726568428058002 ], [ -56.088536034904713, -34.72627605052584 ], [ -56.0884154506766, -34.726608948719651 ], [ -56.088277182329527, -34.726966941607813 ], [ -56.089305052347363, -34.727231783763337 ], [ -56.089612423280592, -34.726568428058002 ] ] ] } },
{ "type": "Feature", "properties": { "codigo_ai": 3529002, "nombre_ai": "Canada Garin", "nombre_dep": "Canelones", "nombre_loc": "Villa Crespo", "fecha_desde": 2001, "footprints_all": 48, "footprints_min6": 48, "footprints_min10": 47, "oai_viviendas": null, "oai_personas": null, "est_dwellings": 43.0, "est_population": 146.0, "meets_definition": true }, "geometry": { "type": "MultiPolygon", "coordinates": [ [ [ [ -56.105914431875775, -34.744914681113762 ], [ -56.105618692185921, -34.745293513185189 ], [ -56.105710733483974, -34.745341734422183 ], [ -56.105345490118864, -34.745799928169319 ], [ -56.105233681350171, -34.745914634443103 ], [ -56.104908748756394, -34.746326776985896 ], [ -56.104604076089892, -34.746718562840911 ], [ -56.105341511991156, -34.747128330494611 ], [ -56.105395791999051, -34.747165267875523 ], [ -56.10556705263869, -34.747224643184218 ], [ -56.105624226431303, -34.747252491409419 ], [ -56.105661585859117, -34.74702322982354 ], [ -56.105663862127734, -34.746879858589729 ], [ -56.105537014435576, -34.746555570956083 ], [ -56.105511576063172, -34.746463384683217 ], [ -56.105547404669622, -34.746366186554731 ], [ -56.10574906254346, -34.746160207102278 ], [ -56.106172324185209, -34.745575782768775 ], [ -56.10610850613466, -34.745356362988254 ], [ -56.106334396842321, -34.74499319173939 ], [ -56.106851906488814, -34.745264696878785 ], [ -56.106919911315259, -34.745121593883368 ], [ -56.106991495733212, -34.74498469313351 ], [ -56.107005110444774, -34.744915098124103 ], [ -56.107033264250219, -34.744837503047094 ], [ -56.106979940166646, -34.744752620488825 ], [ -56.106961386616668, -34.744633612113965 ], [ -56.106979994545554, -34.744560693822393 ], [ -56.107020175949025, -34.744495893405691 ], [ -56.107102594039041, -34.744416794410185 ], [ -56.106550777479811, -34.744135359338919 ], [ -56.106079795303252, -34.744741365328949 ], [ -56.105914431875775, -34.744914681113762 ] ] ], [ [ [ -56.107497575401766, -34.74546457315008 ], [ -56.107570765939734, -34.74529224531873 ], [ -56.107800582739735, -34.744794570763382 ], [ -56.107578833136792, -34.744674928518904 ], [ -56.107071917310186, -34.74569112600377 ], [ -56.107366317600416, -34.745867798624538 ], [ -56.107497575401766, -34.74546457315008 ] ] ] ] } },
{ "type": "Feature", "properties": { "codigo_ai": 3320005, "nombre_ai": "Carlos Cigliutti", "nombre_dep": "Canelones", "nombre_loc": "Canelones", "fecha_desde": 2015, "footprints_all": 41, "footprints_min6": 41, "footprints_min10": 37, "oai_viviendas": null, "oai_personas": null, "est_dwellings": 37.0, "est_population": 126.0, "meets_definition": true }, "geometry": { "type": "Polygon", "coordinates": [ [ [ -56.273817024189157, -34.535685328708482 ], [ -56.273773364213909, -34.533994481602988 ], [ -56.273607619993697, -34.534004040461703 ], [ -56.27352630619432, -34.533993068992594 ], [ -56.273346915660213, -34.534005388751943 ], [ -56.273378516625165, -34.534606335649222 ], [ -56.273307597783479, -34.537052288421101 ], [ -56.27356929187917, -34.537050621523285 ], [ -56.273626368708278, -34.536673397337076 ], [ -56.273817024189157, -34.535685328708482 ] ] ] } },
{ "type": "Feature", "properties": { "codigo_ai": 3323001, "nombre_ai": "Cayman Y Abrojal", "nombre_dep": "Canelones", "nombre_loc": "Santa Lucia", "fecha_desde": 1965, "footprints_all": 161, "footprints_min6": 161, "footprints_min10": 152, "oai_viviendas": null, "oai_personas": null, "est_dwellings": 145.0, "est_population": 493.0, "meets_definition": true }, "geometry": { "type": "MultiPolygon", "coordinates": [ [ [ [ -56.401937860731159, -34.458268887422832 ], [ -56.401764701816319, -34.458487140415464 ], [ -56.401439563144258, -34.458909218519047 ], [ -56.401139210847298, -34.459282316478543 ], [ -56.400753196265349, -34.459760970460479 ], [ -56.400819457054219, -34.459764022314083 ], [ -56.400917873737598, -34.459724104632144 ], [ -56.402361685714517, -34.458619775340829 ], [ -56.402416374487331, -34.458561730065107 ], [ -56.403414459014201, -34.457784275806723 ], [ -56.40324873501298, -34.457595388816372 ], [ -56.404001782668075, -34.457004777068697 ], [ -56.404064883806655, -34.457068255362884 ], [ -56.404315852690324, -34.456800411754557 ], [ -56.404128473625725, -34.456748170428789 ], [ -56.404052720718376, -34.456729918339114 ], [ -56.403968957664318, -34.456581823748564 ], [ -56.40393798848816, -34.456554399404681 ], [ -56.40374119890825, -34.45635413678805 ], [ -56.403334053959526, -34.455903746602871 ], [ -56.403209087737096, -34.455823972391094 ], [ -56.40316410351808, -34.455810592715117 ], [ -56.402980812526856, -34.455647857641374 ], [ -56.402753599161358, -34.455983604350735 ], [ -56.402499599570369, -34.45575953208828 ], [ -56.402096995076043, -34.456069962308874 ], [ -56.402212308526558, -34.456170165077211 ], [ -56.402605417572374, -34.456499630194273 ], [ -56.402843867909311, -34.45672793330192 ], [ -56.402342824284112, -34.45715239211264 ], [ -56.40203557794014, -34.457401462100862 ], [ -56.401986696013793, -34.45744130199359 ], [ -56.401966477103699, -34.457423956932836 ], [ -56.401149835061162, -34.458043168138801 ], [ -56.401381879164369, -34.458135473663368 ], [ -56.401654108107614, -34.458215625198022 ], [ -56.401776738874766, -34.458234188441196 ], [ -56.401937860731159, -34.458268887422832 ] ] ], [ [ [ -56.400884972844089, -34.457938864230769 ], [ -56.400666017716233, -34.457727959507324 ], [ -56.399893235097572, -34.458331695720894 ], [ -56.400112365118837, -34.458526767843075 ], [ -56.400884972844089, -34.457938864230769 ] ] ] ] } },
{ "type": "Feature", "properties": { "codigo_ai": 3987001, "nombre_ai": "Colinas", "nombre_dep": "Canelones", "nombre_loc": "Colinas De Solymar", "fecha_desde": 2006, "footprints_all": 47, "footprints_min6": 47, "footprints_min10": 45, "oai_viviendas": null, "oai_personas": null, "est_dwellings": 42.0, "est_population": 143.0, "meets_definition": true }, "geometry": { "type": "Polygon", "coordinates": [ [ [ -55.951380239790744, -34.798924989729244 ], [ -55.951341362868952, -34.798852265470522 ], [ -55.951179776814406, -34.798241352847498 ], [ -55.951133501353169, -34.79806477666299 ], [ -55.950937736719141, -34.797495946376436 ], [ -55.950896632900495, -34.797370254609639 ], [ -55.950660464614266, -34.796805649065 ], [ -55.949775057510209, -34.796968266267612 ], [ -55.949798858536283, -34.797081560109405 ], [ -55.949854977678072, -34.79725932454577 ], [ -55.95000689939279, -34.797221705408418 ], [ -55.950223772592302, -34.797772622602182 ], [ -55.950419552173528, -34.797756141602086 ], [ -55.950833476420918, -34.799064026770559 ], [ -55.951380239790744, -34.798924989729244 ] ] ] } },
{ "type": "Feature", "properties": { "codigo_ai": 3221011, "nombre_ai": "Corfrisa", "nombre_dep": "Canelones", "nombre_loc": "Las Piedras", "fecha_desde": 1990, "footprints_all": 174, "footprints_min6": 174, "footprints_min10": 167, "oai_viviendas": null, "oai_personas": null, "est_dwellings": 157.0, "est_population": 534.0, "meets_definition": true }, "geometry": { "type": "Polygon", "coordinates": [ [ [ -56.222846609667947, -34.718882832401583 ], [ -56.22269487268116, -34.718985982961307 ], [ -56.222444916945726, -34.719106637202344 ], [ -56.222391740149206, -34.719139245266327 ], [ -56.222362969256125, -34.71916842641776 ], [ -56.222337871436366, -34.719206556594287 ], [ -56.222280545830159, -34.719315183245854 ], [ -56.222235231638237, -34.71940452043102 ], [ -56.22219849996879, -34.719484799243006 ], [ -56.222174352541074, -34.719568248709443 ], [ -56.222171100127959, -34.719583183573313 ], [ -56.221960139784088, -34.719570304793692 ], [ -56.221634666749679, -34.719867817127998 ], [ -56.220839946557092, -34.720135568657668 ], [ -56.219892138752307, -34.720286863973428 ], [ -56.219899523067937, -34.72042541919356 ], [ -56.219917607195335, -34.720499657541303 ], [ -56.219975480869707, -34.720775210701703 ], [ -56.219993268451539, -34.720882783253536 ], [ -56.220018623014816, -34.720942381232412 ], [ -56.220069317013895, -34.721089366491618 ], [ -56.2200949571763, -34.721201951661072 ], [ -56.220116128798551, -34.721322397680048 ], [ -56.220138592703101, -34.721596113506621 ], [ -56.220149815102829, -34.7216794453755 ], [ -56.220230408288508, -34.721685589129173 ], [ -56.220367595591192, -34.721682890808879 ], [ -56.220570826132992, -34.721667056100209 ], [ -56.220637227463904, -34.721668363743262 ], [ -56.22063973069497, -34.721600976203774 ], [ -56.220699099549854, -34.721603223539645 ], [ -56.220906316115922, -34.721590771907209 ], [ -56.221575219727491, -34.72158298153542 ], [ -56.222155005830778, -34.721583036392424 ], [ -56.22220034213921, -34.721590368575221 ], [ -56.222193037962214, -34.7216234750029 ], [ -56.222834086902687, -34.721644472392818 ], [ -56.222829078185299, -34.721503616788361 ], [ -56.222793940703532, -34.721210318256553 ], [ -56.222732139035799, -34.720832162044076 ], [ -56.222725170562391, -34.720763961943419 ], [ -56.222735978791142, -34.720653752423459 ], [ -56.222754571678948, -34.720598747589179 ], [ -56.222810395139021, -34.720433598087681 ], [ -56.222900240539474, -34.720239140274067 ], [ -56.22293721030163, -34.720146919013494 ], [ -56.222907729108591, -34.72010900959225 ], [ -56.222874524522624, -34.72004919439199 ], [ -56.222842089540201, -34.719964794097102 ], [ -56.22279762966037, -34.719790013389016 ], [ -56.222781959982541, -34.719668739902325 ], [ -56.222758804954658, -34.719531943613305 ], [ -56.222742033219532, -34.719422362474397 ], [ -56.222717053486356, -34.719250195757873 ], [ -56.222730878474415, -34.71917178606202 ], [ -56.222815091719731, -34.719047471530786 ], [ -56.222844649181233, -34.719007621196255 ], [ -56.222846609667947, -34.718882832401583 ] ] ] } },
{ "type": "Feature", "properties": { "codigo_ai": 3221012, "nombre_ai": "Corralon Municipal", "nombre_dep": "Canelones", "nombre_loc": "Las Piedras", "fecha_desde": 2010, "footprints_all": 11, "footprints_min6": 11, "footprints_min10": 11, "oai_viviendas": null, "oai_personas": null, "est_dwellings": 10.0, "est_population": 34.0, "meets_definition": true }, "geometry": { "type": "Polygon", "coordinates": [ [ [ -56.213417133080043, -34.734696046145572 ], [ -56.212890189624922, -34.734992741093009 ], [ -56.213104634705402, -34.735267670004554 ], [ -56.213655868912959, -34.734955205103581 ], [ -56.213417133080043, -34.734696046145572 ] ] ] } },
{ "type": "Feature", "properties": { "codigo_ai": 3221018, "nombre_ai": "Dr Pouey", "nombre_dep": "Canelones", "nombre_loc": "Las Piedras", "fecha_desde": 2004, "footprints_all": 29, "footprints_min6": 29, "footprints_min10": 28, "oai_viviendas": null, "oai_personas": null, "est_dwellings": 26.0, "est_population": 88.0, "meets_definition": true }, "geometry": { "type": "Polygon", "coordinates": [ [ [ -56.223689656020497, -34.720007398194866 ], [ -56.223668176039183, -34.719916964834617 ], [ -56.223592665453289, -34.719708993062611 ], [ -56.223511633401529, -34.71956200790936 ], [ -56.223379405096956, -34.719363762429964 ], [ -56.223144665268379, -34.719100661699095 ], [ -56.22294747264079, -34.718907719507854 ], [ -56.222880387412516, -34.719023976186342 ], [ -56.222776150439913, -34.719179090561312 ], [ -56.222761620051536, -34.719256909620398 ], [ -56.222783141766854, -34.719416754308916 ], [ -56.222792776737279, -34.719415439696832 ], [ -56.222812967861465, -34.719526199596913 ], [ -56.22283616232405, -34.719663226075852 ], [ -56.222851590684904, -34.719782635889793 ], [ -56.222895051627759, -34.71995353806512 ], [ -56.222925559024084, -34.720032922204886 ], [ -56.222955761745538, -34.720087328446738 ], [ -56.22297698315483, -34.720114617491241 ], [ -56.223025752975836, -34.72009585369306 ], [ -56.223101789408126, -34.720079950094721 ], [ -56.223689656020497, -34.720007398194866 ] ] ] } },
{ "type": "Feature", "properties": { "codigo_ai": 3529003, "nombre_ai": "El Bosque", "nombre_dep": "Canelones", "nombre_loc": "Villa Crespo", "fecha_desde": 2003, "footprints_all": 356, "footprints_min6": 356, "footprints_min10": 339, "oai_viviendas": null, "oai_personas": null, "est_dwellings": 320.0, "est_population": 1088.0, "meets_definition": true }, "geometry": { "type": "Polygon", "coordinates": [ [ [ -56.121940290921579, -34.738519833442503 ], [ -56.121583436221137, -34.73830070420464 ], [ -56.121686152554865, -34.738178208825587 ], [ -56.121814509763929, -34.738065180808505 ], [ -56.121890682259, -34.738014348553044 ], [ -56.121998462368374, -34.737890675657432 ], [ -56.122161513062842, -34.737702132684213 ], [ -56.122387236654085, -34.737439915791285 ], [ -56.122876006455641, -34.736877492000083 ], [ -56.122932679600893, -34.736761161901804 ], [ -56.122980405376154, -34.736626935320785 ], [ -56.122943973019211, -34.736252369950861 ], [ -56.122399270631369, -34.736301777407853 ], [ -56.120516926204097, -34.736453665574153 ], [ -56.120474914288039, -34.735951085291376 ], [ -56.120188016549307, -34.735972014935577 ], [ -56.119832605472254, -34.736002955952529 ], [ -56.119706067963243, -34.736023764519537 ], [ -56.119525125661688, -34.736080222449864 ], [ -56.119380831063623, -34.736132535548663 ], [ -56.119279707568445, -34.736181535636945 ], [ -56.119115375359648, -34.736276419215017 ], [ -56.119027515900832, -34.73633847310527 ], [ -56.118863482647498, -34.736456587465639 ], [ -56.118782770110471, -34.736472018526534 ], [ -56.11870646114378, -34.736477021148147 ], [ -56.118606028782281, -34.736429998781311 ], [ -56.118230061454931, -34.736180884512393 ], [ -56.117972185213489, -34.736026384236169 ], [ -56.117001970258215, -34.73708863952718 ], [ -56.117225797004899, -34.737228282273563 ], [ -56.117515518767156, -34.737468749206123 ], [ -56.11778477177576, -34.737658016681273 ], [ -56.117020223731608, -34.738480722075749 ], [ -56.117196915638097, -34.738597142263473 ], [ -56.117582744746379, -34.738706433492254 ], [ -56.118046375582679, -34.738962593278011 ], [ -56.118356881996611, -34.739188717672761 ], [ -56.11891377072989, -34.739520180364032 ], [ -56.118948707497616, -34.739562120783667 ], [ -56.118902797851064, -34.739651368024752 ], [ -56.119477053478683, -34.740093679082648 ], [ -56.119647951855974, -34.740191960335302 ], [ -56.119738171777769, -34.740209881768877 ], [ -56.119727301772855, -34.740387096215031 ], [ -56.120010022341091, -34.740580758360927 ], [ -56.121940290921579, -34.738519833442503 ] ] ] } },
{ "type": "Feature", "properties": { "codigo_ai": 3521013, "nombre_ai": "El Icaro", "nombre_dep": "Canelones", "nombre_loc": "Juan Antonio Artigas", "fecha_desde": 2000, "footprints_all": 11, "footprints_min6": 11, "footprints_min10": 11, "oai_viviendas": null, "oai_personas": null, "est_dwellings": 10.0, "est_population": 34.0, "meets_definition": true }, "geometry": { "type": "Polygon", "coordinates": [ [ [ -55.97280029012326, -34.752707803185068 ], [ -55.973086902699606, -34.752381275021577 ], [ -55.973246001124949, -34.75230799760589 ], [ -55.973467315233833, -34.752313123288175 ], [ -55.973398685075693, -34.752065400380921 ], [ -55.972536351253048, -34.752225210513068 ], [ -55.972345784141105, -34.752458564301413 ], [ -55.97280029012326, -34.752707803185068 ] ] ] } },
{ "type": "Feature", "properties": { "codigo_ai": 3522011, "nombre_ai": "El Indio", "nombre_dep": "Canelones", "nombre_loc": "Barros Blancos", "fecha_desde": 1995, "footprints_all": 25, "footprints_min6": 25, "footprints_min10": 24, "oai_viviendas": null, "oai_personas": null, "est_dwellings": 22.0, "est_population": 75.0, "meets_definition": true }, "geometry": { "type": "Polygon", "coordinates": [ [ [ -55.970101224040611, -34.734744747417125 ], [ -55.970946477631017, -34.73399558206966 ], [ -55.970678750782938, -34.733789650020867 ], [ -55.970492607054446, -34.734004826129976 ], [ -55.970445505432423, -34.734019453550552 ], [ -55.970271239624772, -34.73390519890237 ], [ -55.969653740461624, -34.73447819978783 ], [ -55.969853544141856, -34.734624335634521 ], [ -55.969896559937112, -34.734582599387409 ], [ -55.970101224040611, -34.734744747417125 ] ] ] } },
{ "type": "Feature", "properties": { "codigo_ai": 3521014, "nombre_ai": "El Nogal", "nombre_dep": "Canelones", "nombre_loc": "Barros Blancos", "fecha_desde": 1995, "footprints_all": 39, "footprints_min6": 39, "footprints_min10": 38, "oai_viviendas": null, "oai_personas": null, "est_dwellings": 35.0, "est_population": 119.0, "meets_definition": true }, "geometry": { "type": "Polygon", "coordinates": [ [ [ -55.976089616349284, -34.754262952455122 ], [ -55.976368425615462, -34.753902305244601 ], [ -55.975706197769235, -34.75352201891976 ], [ -55.975454068876864, -34.753385145046678 ], [ -55.974963658643176, -34.753100135191382 ], [ -55.974675550434959, -34.753441451672089 ], [ -55.976089616349284, -34.754262952455122 ] ] ] } },
{ "type": "Feature", "properties": { "codigo_ai": 3727001, "nombre_ai": "El Ombligo - Parque Carrasco", "nombre_dep": "Canelones", "nombre_loc": "Parque Carrasco", "fecha_desde": 2000, "footprints_all": 70, "footprints_min6": 70, "footprints_min10": 70, "oai_viviendas": null, "oai_personas": null, "est_dwellings": 63.0, "est_population": 214.0, "meets_definition": true }, "geometry": { "type": "Polygon", "coordinates": [ [ [ -56.014182937511848, -34.857996690174659 ], [ -56.013048582871136, -34.856418006163466 ], [ -56.012633146146932, -34.856646559432676 ], [ -56.013737937967974, -34.858247959799279 ], [ -56.014182937511848, -34.857996690174659 ] ] ] } },
{ "type": "Feature", "properties": { "codigo_ai": 3521021, "nombre_ai": "El Remanso 2", "nombre_dep": "Canelones", "nombre_loc": "Barros Blancos", "fecha_desde": 2001, "footprints_all": 57, "footprints_min6": 57, "footprints_min10": 55, "oai_viviendas": null, "oai_personas": null, "est_dwellings": 51.0, "est_population": 173.0, "meets_definition": true }, "geometry": { "type": "Polygon", "coordinates": [ [ [ -56.028036188532447, -34.77731038693333 ], [ -56.026422829411423, -34.777617125561321 ], [ -56.026507622689131, -34.777930565604557 ], [ -56.026193342363413, -34.777992531934849 ], [ -56.026367262501758, -34.778631720351179 ], [ -56.026291312432186, -34.778646077977342 ], [ -56.02636179644216, -34.778908222254863 ], [ -56.028394247663478, -34.778514718713737 ], [ -56.029383057833627, -34.778301507082503 ], [ -56.029361764719397, -34.778079112771849 ], [ -56.029286055375792, -34.777904035723971 ], [ -56.029207980683118, -34.777634323771075 ], [ -56.029186687647773, -34.777454515492359 ], [ -56.029209164271876, -34.777298366037087 ], [ -56.029261213678268, -34.777135119522534 ], [ -56.029144102458552, -34.777102587983741 ], [ -56.028036188532447, -34.77731038693333 ] ] ] } },
{ "type": "Feature", "properties": { "codigo_ai": 3959002, "nombre_ai": "El Riacho", "nombre_dep": "Canelones", "nombre_loc": "Neptunia", "fecha_desde": 2000, "footprints_all": 167, "footprints_min6": 167, "footprints_min10": 150, "oai_viviendas": null, "oai_personas": null, "est_dwellings": 150.0, "est_population": 510.0, "meets_definition": true }, "geometry": { "type": "MultiPolygon", "coordinates": [ [ [ [ -55.872766796008456, -34.779106016289475 ], [ -55.872766885868351, -34.778780941453498 ], [ -55.8727815227235, -34.778464624419428 ], [ -55.872817315953924, -34.778137705233384 ], [ -55.87291401610252, -34.777737947619656 ], [ -55.873044044358799, -34.777259708330917 ], [ -55.873125630153929, -34.777031325917179 ], [ -55.87332086288712, -34.776583009154173 ], [ -55.873648573890307, -34.77596911578032 ], [ -55.873929043868593, -34.775525983346682 ], [ -55.874139955632238, -34.775229403049735 ], [ -55.874482594621192, -34.774754492432777 ], [ -55.874869383927383, -34.774128755677054 ], [ -55.874382881598621, -34.774021426345037 ], [ -55.873873422128781, -34.774635207981881 ], [ -55.874021967307613, -34.774730143262502 ], [ -55.873390695569519, -34.775589739004154 ], [ -55.872870704067616, -34.776605815685507 ], [ -55.872772124231858, -34.776582730556811 ], [ -55.872433623024783, -34.777178092203869 ], [ -55.872245230739829, -34.778225563467856 ], [ -55.872177358505439, -34.778806320230977 ], [ -55.872168885184827, -34.778809718736696 ], [ -55.871882029969143, -34.778783827842595 ], [ -55.871651356516701, -34.778767750157009 ], [ -55.871352986918232, -34.77876033744085 ], [ -55.871205953049916, -34.77880543941933 ], [ -55.871102952868185, -34.778925294235229 ], [ -55.870955537682448, -34.778998271604138 ], [ -55.870758078994058, -34.779024319151453 ], [ -55.870498301143542, -34.779077667350506 ], [ -55.870266107075807, -34.77917308985198 ], [ -55.870101926008395, -34.779236617486589 ], [ -55.86998804214263, -34.779328491070139 ], [ -55.869919584983315, -34.779392907066239 ], [ -55.869893919803353, -34.77944597187517 ], [ -55.871514837335596, -34.779855857725664 ], [ -55.872885434439695, -34.780167158968318 ], [ -55.872916850479029, -34.780164260502339 ], [ -55.872928563487179, -34.780154011855579 ], [ -55.872934758561598, -34.780123111525299 ], [ -55.872869814747666, -34.779894082212785 ], [ -55.872829494523025, -34.779680983354943 ], [ -55.872793214612635, -34.779427891136912 ], [ -55.872768560112227, -34.77921534308954 ], [ -55.872766796008456, -34.779106016289475 ] ] ], [ [ [ -55.872130919183341, -34.775317439370518 ], [ -55.871645933338741, -34.775029294734168 ], [ -55.871067545736267, -34.775751566295085 ], [ -55.871005298400057, -34.775785110813736 ], [ -55.870556093693985, -34.776243297581367 ], [ -55.870413445130559, -34.77638404735923 ], [ -55.869209955120802, -34.777646071307466 ], [ -55.869363533603774, -34.777755040986229 ], [ -55.870226083743951, -34.77828814829715 ], [ -55.870606567360923, -34.777819420992941 ], [ -55.870220893554297, -34.777591964104893 ], [ -55.872130919183341, -34.775317439370518 ] ] ] ] } },
{ "type": "Feature", "properties": { "codigo_ai": 3521002, "nombre_ai": "El Tejado", "nombre_dep": "Canelones", "nombre_loc": "Barros Blancos", "fecha_desde": 1990, "footprints_all": 49, "footprints_min6": 49, "footprints_min10": 47, "oai_viviendas": null, "oai_personas": null, "est_dwellings": 44.0, "est_population": 150.0, "meets_definition": true }, "geometry": { "type": "Polygon", "coordinates": [ [ [ -56.01644267763416, -34.751483162429935 ], [ -56.016428248136755, -34.751348866030654 ], [ -56.016444302338122, -34.75131618520296 ], [ -56.016436845509759, -34.751270975141843 ], [ -56.016465522056095, -34.750806907411814 ], [ -56.01529266182704, -34.750771821263996 ], [ -56.015121184998883, -34.750807396576647 ], [ -56.014870987256884, -34.750921615283715 ], [ -56.014766446594841, -34.750940495840894 ], [ -56.014704426522847, -34.750936931741016 ], [ -56.01467009967152, -34.75093896242452 ], [ -56.01437688416366, -34.750842800117141 ], [ -56.014060584182197, -34.751482238093047 ], [ -56.014033751935258, -34.751548415507045 ], [ -56.01371932704901, -34.752134439931488 ], [ -56.013684969276781, -34.75220536885692 ], [ -56.014039723698815, -34.752343785923706 ], [ -56.014264895382858, -34.751882174521953 ], [ -56.014380357122455, -34.751631118688167 ], [ -56.01449179955646, -34.751354706803873 ], [ -56.015549312549133, -34.751436676405824 ], [ -56.01644267763416, -34.751483162429935 ] ] ] } },
{ "type": "Feature", "properties": { "codigo_ai": 3521003, "nombre_ai": "El Trebol", "nombre_dep": "Canelones", "nombre_loc": "Barros Blancos", "fecha_desde": 1990, "footprints_all": 69, "footprints_min6": 69, "footprints_min10": 66, "oai_viviendas": null, "oai_personas": null, "est_dwellings": 62.0, "est_population": 211.0, "meets_definition": true }, "geometry": { "type": "Polygon", "coordinates": [ [ [ -56.013754182429231, -34.748268050355229 ], [ -56.012908757115561, -34.748148709063386 ], [ -56.012357639015406, -34.748088954324587 ], [ -56.011545602449999, -34.749672290628837 ], [ -56.011953779322639, -34.749809284349418 ], [ -56.012127556052143, -34.749486003244513 ], [ -56.012999700815207, -34.749770640765881 ], [ -56.013754182429231, -34.748268050355229 ] ] ] } },
{ "type": "Feature", "properties": { "codigo_ai": 3521004, "nombre_ai": "El Trebol Nuevo", "nombre_dep": "Canelones", "nombre_loc": "Barros Blancos", "fecha_desde": 1995, "footprints_all": 119, "footprints_min6": 119, "footprints_min10": 113, "oai_viviendas": null, "oai_personas": null, "est_dwellings": 107.0, "est_population": 364.0, "meets_definition": true }, "geometry": { "type": "Polygon", "coordinates": [ [ [ -56.015471674221445, -34.748508662104648 ], [ -56.014326280516805, -34.748348960082879 ], [ -56.013425523226864, -34.749917203832389 ], [ -56.013952030233753, -34.750102161420948 ], [ -56.013797411249669, -34.750350603983748 ], [ -56.01372317887899, -34.75051021386281 ], [ -56.013781555027037, -34.750554033015071 ], [ -56.014332681815681, -34.750761827307876 ], [ -56.014685427717737, -34.750893608395778 ], [ -56.014749523637207, -34.750893943959724 ], [ -56.01564786159468, -34.749046972817524 ], [ -56.015864288278962, -34.748551187374566 ], [ -56.015471674221445, -34.748508662104648 ] ] ] } },
{ "type": "Feature", "properties": { "codigo_ai": 3221017, "nombre_ai": "Escuela N. 185", "nombre_dep": "Canelones", "nombre_loc": "Las Piedras", "fecha_desde": 2011, "footprints_all": 13, "footprints_min6": 13, "footprints_min10": 13, "oai_viviendas": null, "oai_personas": null, "est_dwellings": 12.0, "est_population": 41.0, "meets_definition": true }, "geometry": { "type": "Polygon", "coordinates": [ [ [ -56.210074886483717, -34.692798341663099 ], [ -56.210222687478989, -34.691615974757731 ], [ -56.210078873584017, -34.691585115088692 ], [ -56.21000760768505, -34.691648952205625 ], [ -56.209977289181076, -34.691695423527371 ], [ -56.209963975505119, -34.691737906581601 ], [ -56.209933924686418, -34.691796069135201 ], [ -56.209893313032914, -34.691864595668086 ], [ -56.209855887369706, -34.691915053547717 ], [ -56.209788569471108, -34.69196664498417 ], [ -56.209713811541874, -34.692017506405882 ], [ -56.209681031902029, -34.692044912922739 ], [ -56.20963190493827, -34.692081662949704 ], [ -56.209605527205909, -34.692100009506483 ], [ -56.209567322465652, -34.692163138272917 ], [ -56.209544145704612, -34.692212033740262 ], [ -56.209528183641773, -34.692250556169455 ], [ -56.209509212996757, -34.692328429896378 ], [ -56.209469150200206, -34.692406223611862 ], [ -56.209457727787935, -34.692428079402973 ], [ -56.209447997427702, -34.692457876241022 ], [ -56.210074886483717, -34.692798341663099 ] ] ] } },
{ "type": "Feature", "properties": { "codigo_ai": 3525002, "nombre_ai": "Flor De Mayo", "nombre_dep": "Canelones", "nombre_loc": "Paso Carrasco", "fecha_desde": 1990, "footprints_all": 260, "footprints_min6": 260, "footprints_min10": 248, "oai_viviendas": null, "oai_personas": null, "est_dwellings": 234.0, "est_population": 796.0, "meets_definition": true }, "geometry": { "type": "Polygon", "coordinates": [ [ [ -56.055423573194147, -34.858596802431911 ], [ -56.055471500956116, -34.858630385143016 ], [ -56.055500935771647, -34.858693339377204 ], [ -56.055525120528358, -34.858794979998365 ], [ -56.055627223495492, -34.859077813678979 ], [ -56.055661899377419, -34.859187884789577 ], [ -56.055648832491492, -34.859273326099967 ], [ -56.055643805620569, -34.859339668247948 ], [ -56.05568675291795, -34.859394518991699 ], [ -56.056025586238086, -34.859461573302688 ], [ -56.056178920038164, -34.85709297465899 ], [ -56.056156887192756, -34.856051512308035 ], [ -56.054379445536476, -34.852483521724963 ], [ -56.054172507596014, -34.852559943083783 ], [ -56.054168214201255, -34.852452610052467 ], [ -56.054150181484523, -34.852375330095896 ], [ -56.05399304632526, -34.851996658288542 ], [ -56.053865104556124, -34.851646321904752 ], [ -56.053626395175115, -34.851484034479938 ], [ -56.053585179736693, -34.851371549296466 ], [ -56.053195374446126, -34.851666754710855 ], [ -56.053504368475728, -34.851940247664572 ], [ -56.053490786826416, -34.851943624415547 ], [ -56.05310719185551, -34.852226201406403 ], [ -56.053141207572985, -34.852251206826111 ], [ -56.053305841258329, -34.85242913426292 ], [ -56.053379513114486, -34.852525445475493 ], [ -56.053521349311879, -34.852748382310381 ], [ -56.053626776275138, -34.852874425049031 ], [ -56.053574060066921, -34.852869902950154 ], [ -56.053423576591015, -34.852963547921405 ], [ -56.053361578139587, -34.853030234681633 ], [ -56.053476349294101, -34.853201905325051 ], [ -56.053589726228076, -34.853351130142613 ], [ -56.053771587646892, -34.85359808444754 ], [ -56.053987387900563, -34.853985006422306 ], [ -56.054435012321257, -34.85502001082061 ], [ -56.054642832653876, -34.855431128599371 ], [ -56.054660542289682, -34.855443609049381 ], [ -56.054941694939053, -34.856080708982169 ], [ -56.055275399430528, -34.856853262088727 ], [ -56.055208967347212, -34.856959614531632 ], [ -56.05507599503435, -34.857036522652336 ], [ -56.054940355464495, -34.857152647449553 ], [ -56.054762069364024, -34.857273039392133 ], [ -56.054601031816702, -34.857302404630317 ], [ -56.054144217539942, -34.857618796994792 ], [ -56.054701916380161, -34.857981030769587 ], [ -56.054829381308799, -34.858029227623732 ], [ -56.054690805773113, -34.85816495617631 ], [ -56.055233299684829, -34.858612219874743 ], [ -56.055293603553523, -34.858554299147634 ], [ -56.055423573194147, -34.858596802431911 ] ] ] } },
{ "type": "Feature", "properties": { "codigo_ai": 3221016, "nombre_ai": "Hermanas De Calcuta", "nombre_dep": "Canelones", "nombre_loc": "Las Piedras", "fecha_desde": 2007, "footprints_all": 58, "footprints_min6": 58, "footprints_min10": 56, "oai_viviendas": null, "oai_personas": null, "est_dwellings": 52.0, "est_population": 177.0, "meets_definition": true }, "geometry": { "type": "Polygon", "coordinates": [ [ [ -56.210270745320528, -34.701703719231325 ], [ -56.210864532656849, -34.70129707587153 ], [ -56.210402943464395, -34.700848947213807 ], [ -56.210427604729979, -34.700729738569628 ], [ -56.210475437857063, -34.700582458628517 ], [ -56.210463032600714, -34.700413891030365 ], [ -56.210457994169701, -34.700345902781685 ], [ -56.210426270304538, -34.700307475301194 ], [ -56.210435813077417, -34.700250711030904 ], [ -56.210416382111362, -34.70020968948532 ], [ -56.210406915172058, -34.70016962524182 ], [ -56.210412910015641, -34.700124287607849 ], [ -56.210399770598222, -34.699995551311787 ], [ -56.210384205956906, -34.699955912860837 ], [ -56.210395723976461, -34.69986488916151 ], [ -56.21071941061949, -34.699638275875834 ], [ -56.210451277760562, -34.699372715900815 ], [ -56.21024100180815, -34.699543581921233 ], [ -56.210111455222354, -34.699626521922077 ], [ -56.209651786102945, -34.699926900142756 ], [ -56.209593163268799, -34.699897354338034 ], [ -56.208869435627548, -34.700439592197355 ], [ -56.208880894310255, -34.700451114410662 ], [ -56.20892374517134, -34.700475731957297 ], [ -56.209044560322631, -34.700525666549325 ], [ -56.209105181306036, -34.700559710029026 ], [ -56.209155857923605, -34.70059911030993 ], [ -56.209290873626905, -34.700724748339979 ], [ -56.209538930529035, -34.700964838477226 ], [ -56.210270745320528, -34.701703719231325 ] ] ] } },
{ "type": "Feature", "properties": { "codigo_ai": 3633002, "nombre_ai": "Interbalnearia Km. 22", "nombre_dep": "Canelones", "nombre_loc": "San José De Carrasco", "fecha_desde": 2004, "footprints_all": 30, "footprints_min6": 30, "footprints_min10": 27, "oai_viviendas": null, "oai_personas": null, "est_dwellings": 27.0, "est_population": 92.0, "meets_definition": true }, "geometry": { "type": "Polygon", "coordinates": [ [ [ -56.005850299625983, -34.829096321795433 ], [ -56.005766507113854, -34.829111308915905 ], [ -56.005727681503402, -34.829179937249165 ], [ -56.006173081907498, -34.830067345489937 ], [ -56.006294958907276, -34.830046402241194 ], [ -56.006506910077931, -34.829937405589526 ], [ -56.006654029431083, -34.829837964034866 ], [ -56.006923244787373, -34.829631582973256 ], [ -56.006375516424484, -34.829351327685458 ], [ -56.006115154552582, -34.829195637512349 ], [ -56.005850299625983, -34.829096321795433 ] ] ] } },
{ "type": "Feature", "properties": { "codigo_ai": 3732001, "nombre_ai": "La Arboleda", "nombre_dep": "Canelones", "nombre_loc": "Solymar", "fecha_desde": 1998, "footprints_all": 47, "footprints_min6": 47, "footprints_min10": 44, "oai_viviendas": null, "oai_personas": null, "est_dwellings": 42.0, "est_population": 143.0, "meets_definition": true }, "geometry": { "type": "Polygon", "coordinates": [ [ [ -55.973161911466335, -34.820002884027502 ], [ -55.973203987022018, -34.819950220704293 ], [ -55.973284424073761, -34.819842391053378 ], [ -55.973402759446756, -34.819660651535862 ], [ -55.973535087588814, -34.819457422028968 ], [ -55.972723659994593, -34.818973084546371 ], [ -55.97254437383409, -34.818872729437814 ], [ -55.972330171391206, -34.81879253286079 ], [ -55.972229095967585, -34.818755832070224 ], [ -55.971979714630351, -34.818665281713507 ], [ -55.971723821560154, -34.81898175466624 ], [ -55.971941558268618, -34.819103273740225 ], [ -55.972408554320772, -34.819355215459112 ], [ -55.972272429365042, -34.819546831757663 ], [ -55.973161911466335, -34.820002884027502 ] ] ] } },
{ "type": "Feature", "properties": { "codigo_ai": 3732005, "nombre_ai": "La Cancha", "nombre_dep": "Canelones", "nombre_loc": "Solymar", "fecha_desde": 2002, "footprints_all": 66, "footprints_min6": 66, "footprints_min10": 63, "oai_viviendas": null, "oai_personas": null, "est_dwellings": 59.0, "est_population": 201.0, "meets_definition": true }, "geometry": { "type": "Polygon", "coordinates": [ [ [ -55.966854440202255, -34.817102102028315 ], [ -55.967378886277636, -34.817374116246931 ], [ -55.967832429580376, -34.816794448247101 ], [ -55.968308116174988, -34.816195903847984 ], [ -55.969318633568193, -34.814942853425187 ], [ -55.968354382530237, -34.814779678270547 ], [ -55.968202583916955, -34.81510748472742 ], [ -55.967669823891413, -34.815739259943129 ], [ -55.966835025590591, -34.816817706030022 ], [ -55.967011006990987, -34.816909220800945 ], [ -55.966854440202255, -34.817102102028315 ] ] ] } },
{ "type": "Feature", "properties": { "codigo_ai": 3320002, "nombre_ai": "La Cantera", "nombre_dep": "Canelones", "nombre_loc": "Canelones", "fecha_desde": 1985, "footprints_all": 347, "footprints_min6": 347, "footprints_min10": 331, "oai_viviendas": null, "oai_personas": null, "est_dwellings": 312.0, "est_population": 1061.0, "meets_definition": true }, "geometry": { "type": "Polygon", "coordinates": [ [ [ -56.272556410226166, -34.520465180266847 ], [ -56.273315236529598, -34.52046968092089 ], [ -56.273314987974011, -34.520502191646308 ], [ -56.273669925672564, -34.520523783233159 ], [ -56.273671168654317, -34.520631247820873 ], [ -56.273663424573698, -34.520800418895753 ], [ -56.272488611174737, -34.520755078600075 ], [ -56.271886686149216, -34.520746915382837 ], [ -56.271880901022207, -34.521434292976082 ], [ -56.272607336473015, -34.521502476000848 ], [ -56.273639421797576, -34.521519547634156 ], [ -56.273632726281349, -34.521575437673768 ], [ -56.273662788581774, -34.522375990216403 ], [ -56.275396047330517, -34.522336545044908 ], [ -56.275309785363426, -34.521510846659218 ], [ -56.275292174784411, -34.521450135629372 ], [ -56.275237700490571, -34.520967201891509 ], [ -56.275215646908407, -34.520618319372829 ], [ -56.275244948611338, -34.520290366384778 ], [ -56.275303146856736, -34.519797276003857 ], [ -56.274443152632585, -34.519792970493583 ], [ -56.274138751691716, -34.519799246492809 ], [ -56.274071282363309, -34.519815721618492 ], [ -56.274101559343514, -34.519543239240221 ], [ -56.274157549993795, -34.519449318751619 ], [ -56.274206316914473, -34.519375265919713 ], [ -56.27426230743977, -34.519304825268598 ], [ -56.27435622789195, -34.519205486639095 ], [ -56.274398130497488, -34.519179069651159 ], [ -56.272214391327992, -34.519330071851059 ], [ -56.272221896230441, -34.520132154336444 ], [ -56.272556410226166, -34.520465180266847 ] ] ] } },
{ "type": "Feature", "properties": { "codigo_ai": 3948001, "nombre_ai": "La Cantera", "nombre_dep": "Canelones", "nombre_loc": "Barrio La Lucha", "fecha_desde": 2006, "footprints_all": 5, "footprints_min6": 5, "footprints_min10": 4, "oai_viviendas": null, "oai_personas": null, "est_dwellings": 4.0, "est_population": 14.0, "meets_definition": false }, "geometry": { "type": "Polygon", "coordinates": [ [ [ -56.243326368159572, -34.74695553281186 ], [ -56.243060996399606, -34.746097821535663 ], [ -56.242700065802786, -34.746183818806166 ], [ -56.242992128858113, -34.747028369729982 ], [ -56.243034445707458, -34.747511373198783 ], [ -56.243323513298947, -34.747449223555314 ], [ -56.243178979415426, -34.746991051417119 ], [ -56.243326368159572, -34.74695553281186 ] ] ] } },
{ "type": "Feature", "properties": { "codigo_ai": 3522020, "nombre_ai": "La Cumbre", "nombre_dep": "Canelones", "nombre_loc": "Barros Blancos", "fecha_desde": 2019, "footprints_all": 56, "footprints_min6": 56, "footprints_min10": 52, "oai_viviendas": null, "oai_personas": null, "est_dwellings": 50.0, "est_population": 170.0, "meets_definition": true }, "geometry": { "type": "Polygon", "coordinates": [ [ [ -55.987221162364456, -34.787983066526202 ], [ -55.98654426583677, -34.786142681796704 ], [ -55.986377305242144, -34.78561821268277 ], [ -55.985874967548803, -34.785730638639571 ], [ -55.985529413570823, -34.786230923157575 ], [ -55.98588574799394, -34.786822151714269 ], [ -55.985246489577555, -34.787432039884081 ], [ -55.985530584899422, -34.787602725202412 ], [ -55.985339587711287, -34.788151790976265 ], [ -55.985412050551645, -34.788376845437156 ], [ -55.986021643254269, -34.789549592797925 ], [ -55.986832680168902, -34.78940282810683 ], [ -55.987428973291799, -34.789294653598724 ], [ -55.988016030722363, -34.789183200037094 ], [ -55.987937011847926, -34.788915118111674 ], [ -55.987704554674011, -34.788773081062047 ], [ -55.987221162364456, -34.787983066526202 ] ] ] } },
{ "type": "Feature", "properties": { "codigo_ai": 3828002, "nombre_ai": "La Humedad", "nombre_dep": "Canelones", "nombre_loc": "El Pinar", "fecha_desde": 2009, "footprints_all": 68, "footprints_min6": 68, "footprints_min10": 61, "oai_viviendas": null, "oai_personas": null, "est_dwellings": 61.0, "est_population": 207.0, "meets_definition": true }, "geometry": { "type": "Polygon", "coordinates": [ [ [ -55.931597977422157, -34.785987106175739 ], [ -55.931613642339883, -34.78602071104774 ], [ -55.932277025928343, -34.786128899272057 ], [ -55.932110667089496, -34.785768994935729 ], [ -55.932027996234758, -34.785574940620485 ], [ -55.931995194977368, -34.785473827785303 ], [ -55.931987985838987, -34.785381243453912 ], [ -55.931991939931628, -34.785310466907816 ], [ -55.931993027718882, -34.785289502424057 ], [ -55.93202182816583, -34.785115524613865 ], [ -55.932027963366416, -34.785101499877037 ], [ -55.932260595229181, -34.78462973063511 ], [ -55.932322637597224, -34.78458595979631 ], [ -55.931375469032609, -34.784264806412473 ], [ -55.930299887974101, -34.784101248975155 ], [ -55.930270040790738, -34.784185819663662 ], [ -55.930291553802618, -34.784202276679494 ], [ -55.930311964815381, -34.784247032632884 ], [ -55.930312721759705, -34.784349498223527 ], [ -55.930246705915451, -34.784637710372117 ], [ -55.929994275639835, -34.785495296685824 ], [ -55.930003062456287, -34.785577850715391 ], [ -55.930876370688139, -34.785793018918277 ], [ -55.931358044297198, -34.785890164939644 ], [ -55.931491696336039, -34.785919399872171 ], [ -55.931548880903044, -34.785946213183273 ], [ -55.931581128451647, -34.785963277283614 ], [ -55.931597977422157, -34.785987106175739 ] ] ] } },
{ "type": "Feature", "properties": { "codigo_ai": 3948002, "nombre_ai": "La Lucha", "nombre_dep": "Canelones", "nombre_loc": "La Paz", "fecha_desde": 1998, "footprints_all": 9, "footprints_min6": 9, "footprints_min10": 8, "oai_viviendas": null, "oai_personas": null, "est_dwellings": 8.0, "est_population": 27.0, "meets_definition": false }, "geometry": { "type": "Polygon", "coordinates": [ [ [ -56.241991826610189, -34.747153087747371 ], [ -56.241203109121003, -34.747322122486857 ], [ -56.241342247287264, -34.747872338628547 ], [ -56.24154618230363, -34.747830764785853 ], [ -56.241476865843048, -34.747711959851031 ], [ -56.24188958120471, -34.747479098997211 ], [ -56.241931995098163, -34.747394189670487 ], [ -56.242020593847535, -34.747285125755951 ], [ -56.241991826610189, -34.747153087747371 ] ] ] } },
{ "type": "Feature", "properties": { "codigo_ai": 3322001, "nombre_ai": "Las Caballerizas", "nombre_dep": "Canelones", "nombre_loc": "Pando", "fecha_desde": 1984, "footprints_all": 24, "footprints_min6": 24, "footprints_min10": 22, "oai_viviendas": null, "oai_personas": null, "est_dwellings": 22.0, "est_population": 75.0, "meets_definition": true }, "geometry": { "type": "MultiPolygon", "coordinates": [ [ [ [ -55.961973384948422, -34.708431966430176 ], [ -55.962147047785116, -34.707766315218933 ], [ -55.961361482050506, -34.707633436716193 ], [ -55.961200049251424, -34.708317979590106 ], [ -55.961321642685867, -34.708340008639915 ], [ -55.961635474176177, -34.708383469162655 ], [ -55.961973384948422, -34.708431966430176 ] ] ], [ [ [ -55.962391571565391, -34.707061420372177 ], [ -55.962308405586477, -34.707342103970198 ], [ -55.962833767216836, -34.707424966947073 ], [ -55.962907347788033, -34.707141121961847 ], [ -55.962391571565391, -34.707061420372177 ] ] ] ] } },
{ "type": "Feature", "properties": { "codigo_ai": 3959003, "nombre_ai": "Las Cumbres", "nombre_dep": "Canelones", "nombre_loc": "Neptunia", "fecha_desde": 2004, "footprints_all": 1547, "footprints_min6": 1547, "footprints_min10": 1412, "oai_viviendas": null, "oai_personas": null, "est_dwellings": 1392.0, "est_population": 4733.0, "meets_definition": true }, "geometry": { "type": "Polygon", "coordinates": [ [ [ -55.873412004956066, -34.776555937387315 ], [ -55.873225269882496, -34.776959785494391 ], [ -55.873087784587021, -34.777366574353032 ], [ -55.872983415877535, -34.777750440537908 ], [ -55.872887593444602, -34.778146273052677 ], [ -55.872843025955689, -34.778671324334489 ], [ -55.872837915640019, -34.778781565846337 ], [ -55.872837866145673, -34.779108192911359 ], [ -55.872860848525214, -34.779395797789881 ], [ -55.872882040522455, -34.779578497630006 ], [ -55.872939284350537, -34.779881806595462 ], [ -55.872999053701577, -34.780092585034858 ], [ -55.875434908635853, -34.780095020898372 ], [ -55.875433058288316, -34.780499440402004 ], [ -55.875332931682372, -34.78075378106675 ], [ -55.877589561492748, -34.781287945865856 ], [ -55.877966978078291, -34.780136623280555 ], [ -55.877978982830143, -34.780077260362894 ], [ -55.878176481341519, -34.780065093307257 ], [ -55.878285625999666, -34.780078107318033 ], [ -55.87831826227994, -34.780138689586565 ], [ -55.878333621873225, -34.780201323650218 ], [ -55.878293366920396, -34.78038069353866 ], [ -55.878070751760127, -34.781011577869087 ], [ -55.87792961613652, -34.78135356641571 ], [ -55.87812396120475, -34.781426412125256 ], [ -55.878586726271138, -34.781545507297409 ], [ -55.879185062219946, -34.781705605809627 ], [ -55.879327116130504, -34.781744261955247 ], [ -55.879613052026485, -34.781811203713815 ], [ -55.880388635057521, -34.781988770866334 ], [ -55.880706227660831, -34.782026747785871 ], [ -55.880774250052639, -34.782043666388098 ], [ -55.880940276531256, -34.782113117378273 ], [ -55.882357476460413, -34.782453411050028 ], [ -55.884346335740453, -34.782930517782134 ], [ -55.884790670063538, -34.783029060714263 ], [ -55.884861817630728, -34.783044360948253 ], [ -55.885213123082458, -34.783108913738388 ], [ -55.885360146361684, -34.78311125480208 ], [ -55.885481908516589, -34.78308884761924 ], [ -55.885630427771567, -34.783035785272212 ], [ -55.885780845106602, -34.782966397409176 ], [ -55.885910313237851, -34.782878712947301 ], [ -55.885994850224783, -34.782790780336867 ], [ -55.88606834731484, -34.782692210975888 ], [ -55.886181551619842, -34.782347978794085 ], [ -55.886208277904785, -34.782291700158801 ], [ -55.886273190394313, -34.782329172528648 ], [ -55.886402199003854, -34.782402338725312 ], [ -55.886840491910803, -34.780819731357653 ], [ -55.887116507338597, -34.779830942856975 ], [ -55.887263859982291, -34.779294294944371 ], [ -55.887751829654484, -34.777530862345245 ], [ -55.887817209911411, -34.777208267979006 ], [ -55.887839356353702, -34.777062831234453 ], [ -55.887845216274322, -34.776905086021657 ], [ -55.887844100388172, -34.776796297138389 ], [ -55.887829901367212, -34.776496278709331 ], [ -55.887798653035183, -34.776292115770126 ], [ -55.88776582412504, -34.776136439960986 ], [ -55.88773161732194, -34.776021881594495 ], [ -55.887292640105564, -34.776266564336474 ], [ -55.887033100306958, -34.776214807265667 ], [ -55.886912267083154, -34.776201057637628 ], [ -55.88674664297654, -34.776198955131797 ], [ -55.886620728463846, -34.776209587171572 ], [ -55.886521141961794, -34.776220170461286 ], [ -55.886368409946392, -34.776285164034064 ], [ -55.885836796057561, -34.776220414541221 ], [ -55.878528233070888, -34.774816140565186 ], [ -55.876903649020782, -34.774483409596975 ], [ -55.876748570262301, -34.774210356430864 ], [ -55.876551927054251, -34.774249689817466 ], [ -55.876434440568509, -34.774360310138455 ], [ -55.876210223457583, -34.774517374463926 ], [ -55.876302002611524, -34.774827628612485 ], [ -55.876116202543535, -34.77489905426868 ], [ -55.874736889912285, -34.77447208856357 ], [ -55.874545812578049, -34.774781210472618 ], [ -55.87420222866605, -34.775257640938122 ], [ -55.873991594329176, -34.775553760427336 ], [ -55.873712998030079, -34.775993812045392 ], [ -55.873412004956066, -34.776555937387315 ] ] ] } },
{ "type": "Feature", "properties": { "codigo_ai": 3529007, "nombre_ai": "Las Tablitas", "nombre_dep": "Canelones", "nombre_loc": "Villa Crespo", "fecha_desde": 2017, "footprints_all": 320, "footprints_min6": 320, "footprints_min10": 286, "oai_viviendas": null, "oai_personas": null, "est_dwellings": 288.0, "est_population": 979.0, "meets_definition": true }, "geometry": { "type": "Polygon", "coordinates": [ [ [ -56.113388933915544, -34.728886778239371 ], [ -56.113793243352454, -34.729117581788302 ], [ -56.114341061531817, -34.729423096596307 ], [ -56.114796271496147, -34.729688733468414 ], [ -56.115981716487532, -34.730380497504726 ], [ -56.11605340865318, -34.730402972611522 ], [ -56.116025643361759, -34.730445152287245 ], [ -56.115945503680202, -34.730614796007664 ], [ -56.11575264741267, -34.73097031446828 ], [ -56.115901683283973, -34.731016975966988 ], [ -56.116420730357888, -34.731233235140209 ], [ -56.116697885201532, -34.730820009227614 ], [ -56.117395728524144, -34.731207160250293 ], [ -56.117273360924401, -34.731499010987037 ], [ -56.117417606048491, -34.731463449870951 ], [ -56.117510918877251, -34.731468553544254 ], [ -56.117558694253098, -34.731485960712213 ], [ -56.117601771422358, -34.731501656578033 ], [ -56.117673236322446, -34.731533726376895 ], [ -56.117791881455318, -34.731587933068077 ], [ -56.118042030357373, -34.731733158319592 ], [ -56.118176068871058, -34.731782994419532 ], [ -56.118377862025511, -34.731875955364885 ], [ -56.118618373740816, -34.731944099655315 ], [ -56.118633016110742, -34.731926569254767 ], [ -56.119357922094892, -34.732338275525223 ], [ -56.119427203919798, -34.733088677574429 ], [ -56.119498366549692, -34.733089505834947 ], [ -56.119563966929938, -34.733089745586021 ], [ -56.119650068868538, -34.733094173305815 ], [ -56.119751657052561, -34.733102951090096 ], [ -56.119846871360522, -34.73311949185355 ], [ -56.11993865959851, -34.733138776149083 ], [ -56.120138670647385, -34.733198383764872 ], [ -56.120648334588751, -34.733374631540606 ], [ -56.120709044156769, -34.733378766980543 ], [ -56.120907048617987, -34.733228793029582 ], [ -56.121040551606853, -34.733095423359742 ], [ -56.121261929422133, -34.732838165388529 ], [ -56.121759524367533, -34.73222761984681 ], [ -56.121790580586044, -34.732208672637945 ], [ -56.12202225185068, -34.731928776038501 ], [ -56.120288561496849, -34.730955244269715 ], [ -56.120047694931635, -34.731302308082498 ], [ -56.116905599907419, -34.729521475743496 ], [ -56.115728757607513, -34.72886670239604 ], [ -56.115732522086454, -34.728825313411846 ], [ -56.113101431692506, -34.727310083767726 ], [ -56.113103516171662, -34.727395312179205 ], [ -56.11312112331224, -34.727601805041317 ], [ -56.113148041110705, -34.727751600747986 ], [ -56.113194721508179, -34.727980764151766 ], [ -56.113388933915544, -34.728886778239371 ] ] ] } },
{ "type": "Feature", "properties": { "codigo_ai": 3221023, "nombre_ai": "Las Torres", "nombre_dep": "Canelones", "nombre_loc": "Las Piedras", "fecha_desde": 2012, "footprints_all": 330, "footprints_min6": 330, "footprints_min10": 315, "oai_viviendas": null, "oai_personas": null, "est_dwellings": 297.0, "est_population": 1010.0, "meets_definition": true }, "geometry": { "type": "Polygon", "coordinates": [ [ [ -56.20215188293394, -34.710421378817635 ], [ -56.201433886562555, -34.710924118412784 ], [ -56.199319491562072, -34.712420402205069 ], [ -56.199917178391395, -34.713062618323349 ], [ -56.199244384045706, -34.713509989528724 ], [ -56.199699228912863, -34.714053054844818 ], [ -56.20009569203981, -34.714500498064972 ], [ -56.200645686784547, -34.715134037231365 ], [ -56.201823809370126, -34.714347421118219 ], [ -56.201667539934121, -34.714182779095616 ], [ -56.200884545461911, -34.713269984682832 ], [ -56.201206848518275, -34.713067449291096 ], [ -56.200815156019331, -34.712657241915551 ], [ -56.20137315683904, -34.712274619315153 ], [ -56.201409921798323, -34.712251920532935 ], [ -56.20143378133519, -34.712276810280215 ], [ -56.202377307252718, -34.711654671658181 ], [ -56.202354521169561, -34.711630566433861 ], [ -56.202611831129097, -34.711450858878337 ], [ -56.202662884067117, -34.711381425927335 ], [ -56.202709853801586, -34.711271150047111 ], [ -56.202744570082288, -34.711164959176983 ], [ -56.202756154140907, -34.711065153762512 ], [ -56.202562034230944, -34.710863449154765 ], [ -56.20215188293394, -34.710421378817635 ] ] ] } },
{ "type": "Feature", "properties": { "codigo_ai": 3724001, "nombre_ai": "Las Vegas Norte", "nombre_dep": "Canelones", "nombre_loc": "La Floresta", "fecha_desde": 2015, "footprints_all": 204, "footprints_min6": 204, "footprints_min10": 192, "oai_viviendas": null, "oai_personas": null, "est_dwellings": 184.0, "est_population": 626.0, "meets_definition": true }, "geometry": { "type": "Polygon", "coordinates": [ [ [ -55.703012206378709, -34.739471670795005 ], [ -55.703485985592756, -34.739225463873325 ], [ -55.703547063198855, -34.739192627626096 ], [ -55.703959108257258, -34.739054269633144 ], [ -55.704499549630924, -34.738864373337876 ], [ -55.704973432938701, -34.738711789800455 ], [ -55.705916001922006, -34.738450240319189 ], [ -55.707502877950986, -34.738032651568581 ], [ -55.707649391786092, -34.737939145418935 ], [ -55.707697273065314, -34.737845833230416 ], [ -55.707842928255104, -34.737605393492196 ], [ -55.708099079374513, -34.73765984981975 ], [ -55.708222688881847, -34.737616712524186 ], [ -55.708365618647811, -34.737511472394878 ], [ -55.703542990049492, -34.736452731803325 ], [ -55.701980837967767, -34.73612229265936 ], [ -55.700657684759477, -34.735945881276017 ], [ -55.700593870198588, -34.736176989067864 ], [ -55.700057359911021, -34.736075336936054 ], [ -55.699534147344494, -34.737420262201674 ], [ -55.699613270871104, -34.737446960668706 ], [ -55.69976294496179, -34.73739485345758 ], [ -55.700021788080889, -34.737556123179502 ], [ -55.700641511691899, -34.737977557241528 ], [ -55.700877831278753, -34.738137812094585 ], [ -55.701102305699862, -34.738257730600338 ], [ -55.70131767927861, -34.738336771310721 ], [ -55.701532899663185, -34.738374806051709 ], [ -55.701594326318649, -34.738389623098556 ], [ -55.701743035670901, -34.738600729591518 ], [ -55.701851741899304, -34.738778466742289 ], [ -55.701952326157276, -34.738977153011675 ], [ -55.702251439356878, -34.739695451150475 ], [ -55.702381610575891, -34.739783460163203 ], [ -55.702484010987583, -34.739780706387094 ], [ -55.703012206378709, -34.739471670795005 ] ] ] } },
{ "type": "Feature", "properties": { "codigo_ai": 3521005, "nombre_ai": "Los Alamos", "nombre_dep": "Canelones", "nombre_loc": "Barros Blancos", "fecha_desde": 2004, "footprints_all": 25, "footprints_min6": 25, "footprints_min10": 25, "oai_viviendas": null, "oai_personas": null, "est_dwellings": 22.0, "est_population": 75.0, "meets_definition": true }, "geometry": { "type": "Polygon", "coordinates": [ [ [ -56.006076617989514, -34.749354147704445 ], [ -56.006054191910088, -34.751258110777343 ], [ -56.006057729625624, -34.751332411810615 ], [ -56.006085068943676, -34.751380817272491 ], [ -56.006297890219365, -34.751581843526139 ], [ -56.006374745588978, -34.74935735706714 ], [ -56.006076617989514, -34.749354147704445 ] ] ] } },
{ "type": "Feature", "properties": { "codigo_ai": 3530003, "nombre_ai": "Los Hornos", "nombre_dep": "Canelones", "nombre_loc": "Cno. Del Andaluz", "fecha_desde": 1998, "footprints_all": 201, "footprints_min6": 201, "footprints_min10": 192, "oai_viviendas": null, "oai_personas": null, "est_dwellings": 181.0, "est_population": 615.0, "meets_definition": true }, "geometry": { "type": "Polygon", "coordinates": [ [ [ -56.073837827389376, -34.758026854565664 ], [ -56.073799268941166, -34.757889699000266 ], [ -56.073704526667981, -34.757694218090741 ], [ -56.073700594313017, -34.757628776960573 ], [ -56.073620300886972, -34.75743097391036 ], [ -56.073584037361591, -34.757350663296755 ], [ -56.073548173544495, -34.757316835830409 ], [ -56.073372228235804, -34.757203299970627 ], [ -56.07310474224397, -34.756959130130504 ], [ -56.073029564855595, -34.756922276382703 ], [ -56.073045295468106, -34.756851652035941 ], [ -56.071382676600869, -34.755980594299778 ], [ -56.071019365989564, -34.756460779772539 ], [ -56.072752098893297, -34.75732857918409 ], [ -56.071359720975146, -34.759625525185413 ], [ -56.072006296217943, -34.759932883354061 ], [ -56.073024119751224, -34.760437626813982 ], [ -56.073494532668526, -34.760676766542595 ], [ -56.073678120436576, -34.760754342242137 ], [ -56.073917716209216, -34.760880981627004 ], [ -56.074338695321913, -34.760596099147755 ], [ -56.07444160487033, -34.760526719927377 ], [ -56.074494389419762, -34.760477581469736 ], [ -56.073009639858697, -34.759840109630758 ], [ -56.073615440704089, -34.758917613361078 ], [ -56.074036136669569, -34.758409200362003 ], [ -56.073951101814998, -34.758209844760216 ], [ -56.07389520725004, -34.758110888478839 ], [ -56.073837827389376, -34.758026854565664 ] ] ] } },
{ "type": "Feature", "properties": { "codigo_ai": 3322009, "nombre_ai": "Los Laureles", "nombre_dep": "Canelones", "nombre_loc": "Pando", "fecha_desde": 2018, "footprints_all": 19, "footprints_min6": 19, "footprints_min10": 18, "oai_viviendas": null, "oai_personas": null, "est_dwellings": 17.0, "est_population": 58.0, "meets_definition": true }, "geometry": { "type": "Polygon", "coordinates": [ [ [ -55.959149462065426, -34.711530285281135 ], [ -55.958637290551472, -34.711450721961675 ], [ -55.958384350830585, -34.711410010556385 ], [ -55.958107834085908, -34.711360608979007 ], [ -55.958052827970604, -34.711351254677403 ], [ -55.958022524035989, -34.711443214958322 ], [ -55.958032136534356, -34.711484766120513 ], [ -55.95806792931922, -34.711555843936893 ], [ -55.95811960303827, -34.711576413458118 ], [ -55.958115995827633, -34.711599691536378 ], [ -55.958108211648032, -34.711621236829927 ], [ -55.958089996382633, -34.711645426072614 ], [ -55.958071893690416, -34.711657678216731 ], [ -55.9580563789293, -34.711677859797611 ], [ -55.958050128551704, -34.711699177441481 ], [ -55.958039875915333, -34.711751673481224 ], [ -55.958053045215316, -34.711826733742321 ], [ -55.958049182046004, -34.711842991431723 ], [ -55.958052368724815, -34.711864477252227 ], [ -55.958099043331437, -34.711910570896002 ], [ -55.958110924389359, -34.711916651900921 ], [ -55.958128745193306, -34.711917302960032 ], [ -55.958137271796033, -34.711919802443532 ], [ -55.95814290089735, -34.711930261102005 ], [ -55.958141398944434, -34.711961383333367 ], [ -55.958116821738237, -34.712018827328997 ], [ -55.958224655779453, -34.712028873207252 ], [ -55.958465116607655, -34.71212308636953 ], [ -55.958557215510353, -34.712211066869386 ], [ -55.958605543329377, -34.712287344673037 ], [ -55.958700345927639, -34.712304530487572 ], [ -55.958944536687284, -34.712361146128011 ], [ -55.959149462065426, -34.711530285281135 ] ] ] } },
{ "type": "Feature", "properties": { "codigo_ai": 3529006, "nombre_ai": "Los Olivos", "nombre_dep": "Canelones", "nombre_loc": "Villa Crespo", "fecha_desde": 1960, "footprints_all": 181, "footprints_min6": 181, "footprints_min10": 174, "oai_viviendas": null, "oai_personas": null, "est_dwellings": 163.0, "est_population": 554.0, "meets_definition": true }, "geometry": { "type": "Polygon", "coordinates": [ [ [ -56.118055614710514, -34.741978541692454 ], [ -56.116682392965423, -34.741279946995903 ], [ -56.11699432879881, -34.740800526714835 ], [ -56.116736718914431, -34.740623583147581 ], [ -56.116228300076685, -34.741059173498428 ], [ -56.115530022082474, -34.740724917991841 ], [ -56.115776538537837, -34.740282706024303 ], [ -56.115344586945277, -34.740090149598153 ], [ -56.11512651958396, -34.740554532090542 ], [ -56.113060145322841, -34.739521339556859 ], [ -56.113010723779745, -34.7395468245413 ], [ -56.113002314891069, -34.739596581085657 ], [ -56.112932610335918, -34.739816324539106 ], [ -56.112891812895597, -34.739929493907013 ], [ -56.112699521466965, -34.740435243279478 ], [ -56.112666049839795, -34.74048743586043 ], [ -56.112654765340636, -34.740536489700958 ], [ -56.112769004580585, -34.74060621525787 ], [ -56.117252765555591, -34.742921397393715 ], [ -56.118055614710514, -34.741978541692454 ] ] ] } },
{ "type": "Feature", "properties": { "codigo_ai": 3322007, "nombre_ai": "Los Platanos 2", "nombre_dep": "Canelones", "nombre_loc": "Pando", "fecha_desde": 2017, "footprints_all": 11, "footprints_min6": 11, "footprints_min10": 11, "oai_viviendas": null, "oai_personas": null, "est_dwellings": 10.0, "est_population": 34.0, "meets_definition": true }, "geometry": { "type": "Polygon", "coordinates": [ [ [ -55.949991481089967, -34.717172661439697 ], [ -55.949726602580746, -34.716734374214361 ], [ -55.949566152857727, -34.716842534201767 ], [ -55.94943033958284, -34.71699602010947 ], [ -55.949641636278663, -34.71710511219004 ], [ -55.94974937368314, -34.717234213313162 ], [ -55.9497789977586, -34.717275174711105 ], [ -55.949991481089967, -34.717172661439697 ] ] ] } },
{ "type": "Feature", "properties": { "codigo_ai": 3521007, "nombre_ai": "Los Sauces", "nombre_dep": "Canelones", "nombre_loc": "Juan Antonio Artigas", "fecha_desde": 2018, "footprints_all": 9, "footprints_min6": 9, "footprints_min10": 9, "oai_viviendas": null, "oai_personas": null, "est_dwellings": 8.0, "est_population": 27.0, "meets_definition": false }, "geometry": { "type": "Polygon", "coordinates": [ [ [ -55.996994313000322, -34.757229700027317 ], [ -55.997645971948096, -34.757094478258921 ], [ -55.997367944138638, -34.756215827808774 ], [ -55.996725306838854, -34.756341184516891 ], [ -55.996994313000322, -34.757229700027317 ] ] ] } },
{ "type": "Feature", "properties": { "codigo_ai": 3522004, "nombre_ai": "Monaco", "nombre_dep": "Canelones", "nombre_loc": "Barros Blancos", "fecha_desde": 1995, "footprints_all": 153, "footprints_min6": 153, "footprints_min10": 150, "oai_viviendas": null, "oai_personas": null, "est_dwellings": 138.0, "est_population": 469.0, "meets_definition": true }, "geometry": { "type": "Polygon", "coordinates": [ [ [ -56.00123533493921, -34.741848768886754 ], [ -56.00137602773966, -34.74131270279026 ], [ -56.00169112399557, -34.740017153008807 ], [ -56.001818424518639, -34.739669281115297 ], [ -56.001913616500943, -34.739366166828013 ], [ -56.00199033686841, -34.739066343903204 ], [ -56.00201770344686, -34.738899122356486 ], [ -56.002028357720448, -34.738760178415184 ], [ -56.002007402193918, -34.738728463121262 ], [ -56.001522549480228, -34.738465030301953 ], [ -56.001469182197063, -34.7385694951614 ], [ -56.001614561035552, -34.73864174999899 ], [ -56.001565083974675, -34.738702691204402 ], [ -56.001425855008151, -34.738833437424155 ], [ -56.001170051019272, -34.738740511670137 ], [ -56.000925284252176, -34.739164489716167 ], [ -56.000858953390079, -34.739227525058837 ], [ -56.000793071479656, -34.739262970973897 ], [ -56.000517582524132, -34.739198082285633 ], [ -56.000405533614504, -34.739100618495229 ], [ -56.000275924822219, -34.73904618370166 ], [ -56.00016227567027, -34.739021747040233 ], [ -55.999986826375903, -34.740041137421819 ], [ -56.000146176094148, -34.740058683280772 ], [ -56.000135127764977, -34.740102666640453 ], [ -56.000063933772779, -34.740121610082241 ], [ -56.000034352240789, -34.740134679502951 ], [ -55.999977637414617, -34.740272933906454 ], [ -55.999926831049763, -34.740401669397372 ], [ -55.999879958756352, -34.740444335083588 ], [ -55.99980936308679, -34.740532248815363 ], [ -55.999773905566762, -34.740589359301886 ], [ -55.999738772488705, -34.740675466800738 ], [ -55.99970825861476, -34.74077900667816 ], [ -55.999738589856378, -34.740870519404879 ], [ -55.99977937207094, -34.740917069125047 ], [ -55.999803637489016, -34.740986735300424 ], [ -55.999816772374942, -34.740997512490139 ], [ -55.999666031627818, -34.741840828574944 ], [ -56.001179108444255, -34.742059598480139 ], [ -56.00123533493921, -34.741848768886754 ] ] ] } },
{ "type": "Feature", "properties": { "codigo_ai": 3522018, "nombre_ai": "Monaco 2", "nombre_dep": "Canelones", "nombre_loc": "Barros Blancos", "fecha_desde": 2002, "footprints_all": 209, "footprints_min6": 209, "footprints_min10": 201, "oai_viviendas": null, "oai_personas": null, "est_dwellings": 188.0, "est_population": 639.0, "meets_definition": true }, "geometry": { "type": "Polygon", "coordinates": [ [ [ -55.999552887432586, -34.743898338275251 ], [ -56.000025958142288, -34.744154615307401 ], [ -56.000479956502573, -34.744418636775833 ], [ -56.000659691325033, -34.744445378394758 ], [ -56.000584616183076, -34.744738905110012 ], [ -56.000863960239194, -34.745069236244525 ], [ -56.001041843921847, -34.745195237581811 ], [ -56.001324420313544, -34.745305488224922 ], [ -56.001267904845434, -34.74541388653558 ], [ -56.0014606128236, -34.745532475759106 ], [ -56.001601438211722, -34.745229517113962 ], [ -56.001938676347095, -34.745286032895478 ], [ -56.002021428137297, -34.745002952607685 ], [ -56.002309281577418, -34.743730760016497 ], [ -56.002440489071283, -34.743149421102686 ], [ -56.002310008726674, -34.743135131911068 ], [ -56.002534854433513, -34.74208460131387 ], [ -56.001919341858482, -34.74199997773448 ], [ -56.001296293198671, -34.74189900483767 ], [ -56.00125151064654, -34.74207244863549 ], [ -55.999666031627818, -34.741840828574944 ], [ -55.999283274587881, -34.743987249583242 ], [ -55.999505339877764, -34.744045930262743 ], [ -55.999552887432586, -34.743898338275251 ] ] ] } },
{ "type": "Feature", "properties": { "codigo_ai": 3959001, "nombre_ai": "Neptunia Norte", "nombre_dep": "Canelones", "nombre_loc": "Neptunia", "fecha_desde": 2004, "footprints_all": 141, "footprints_min6": 141, "footprints_min10": 132, "oai_viviendas": null, "oai_personas": null, "est_dwellings": 127.0, "est_population": 432.0, "meets_definition": true }, "geometry": { "type": "Polygon", "coordinates": [ [ [ -55.869494554417152, -34.766600685513929 ], [ -55.869738797551115, -34.766192860535284 ], [ -55.869235063362815, -34.765973913247393 ], [ -55.869168281751222, -34.765949921353815 ], [ -55.869183455803586, -34.765891452496454 ], [ -55.869444396134561, -34.765399291352139 ], [ -55.868163619826738, -34.765094256296351 ], [ -55.86710623889185, -34.764912938367452 ], [ -55.867124109856753, -34.764846869947462 ], [ -55.866641075474234, -34.764764428008476 ], [ -55.86650480785557, -34.765287762916614 ], [ -55.866188734259772, -34.766388752705431 ], [ -55.866170296952085, -34.766451967163789 ], [ -55.865978018975696, -34.767400187820385 ], [ -55.866082611012608, -34.767432633758204 ], [ -55.866978027976621, -34.767591225339856 ], [ -55.867239584506301, -34.767639764984466 ], [ -55.86748076349172, -34.767693409385068 ], [ -55.867798411237409, -34.767764485933085 ], [ -55.868206352776369, -34.767897848608065 ], [ -55.868459448364987, -34.768003996111275 ], [ -55.868779853332846, -34.768165131248139 ], [ -55.869137235693238, -34.768386064633859 ], [ -55.869466055089852, -34.76861964792468 ], [ -55.870376113008803, -34.76788028758731 ], [ -55.869935181981717, -34.767571620724262 ], [ -55.869959911901375, -34.767538862769392 ], [ -55.870379763731187, -34.767084529228278 ], [ -55.869494554417152, -34.766600685513929 ] ] ] } },
{ "type": "Feature", "properties": { "codigo_ai": 3631004, "nombre_ai": "Ocupacion Afe", "nombre_dep": "Canelones", "nombre_loc": "Toledo", "fecha_desde": 2002, "footprints_all": 33, "footprints_min6": 33, "footprints_min10": 31, "oai_viviendas": null, "oai_personas": null, "est_dwellings": 30.0, "est_population": 102.0, "meets_definition": true }, "geometry": { "type": "MultiPolygon", "coordinates": [ [ [ [ -56.091389047538094, -34.734034623533759 ], [ -56.09130251829783, -34.734049343716251 ], [ -56.091201422840427, -34.734204275465736 ], [ -56.091042212501314, -34.734952093580446 ], [ -56.090974624448421, -34.735164166151208 ], [ -56.090873311845087, -34.735223051279924 ], [ -56.090816347740159, -34.735236503904005 ], [ -56.090709426517606, -34.735208581283437 ], [ -56.09063133769493, -34.735171621954819 ], [ -56.090611745571955, -34.73522609426827 ], [ -56.090579783676958, -34.736216168104569 ], [ -56.090571497938278, -34.736563647068103 ], [ -56.090564635686221, -34.736789973027861 ], [ -56.090917452435022, -34.736217100045991 ], [ -56.09109203252315, -34.735860592156591 ], [ -56.091187546606022, -34.735635699537383 ], [ -56.091247703609397, -34.735478989860475 ], [ -56.091321509464244, -34.735249685228503 ], [ -56.091343934727014, -34.735170254739593 ], [ -56.091437556668936, -34.734788469658795 ], [ -56.09146700490637, -34.73463481852329 ], [ -56.091506860295176, -34.734424399091196 ], [ -56.091519315170551, -34.734323457939887 ], [ -56.091531540757636, -34.734227495404888 ], [ -56.091389047538094, -34.734034623533759 ] ] ], [ [ [ -56.089266190525947, -34.738026217913692 ], [ -56.089120986239131, -34.738153536600031 ], [ -56.088955334406563, -34.738259695156557 ], [ -56.087748363980175, -34.739448842116424 ], [ -56.08790833779728, -34.739574426618937 ], [ -56.089808025543967, -34.73769878409405 ], [ -56.090491279105514, -34.73691505159686 ], [ -56.090383493822046, -34.736909571122247 ], [ -56.090275707556138, -34.736964377478657 ], [ -56.089266190525947, -34.738026217913692 ] ] ] ] } },
{ "type": "Feature", "properties": { "codigo_ai": 3322002, "nombre_ai": "Pantanal", "nombre_dep": "Canelones", "nombre_loc": "Pando", "fecha_desde": 1985, "footprints_all": 343, "footprints_min6": 343, "footprints_min10": 331, "oai_viviendas": null, "oai_personas": null, "est_dwellings": 309.0, "est_population": 1051.0, "meets_definition": true }, "geometry": { "type": "Polygon", "coordinates": [ [ [ -55.962783695486834, -34.704647664467551 ], [ -55.960278717586363, -34.704218690465211 ], [ -55.960144568581327, -34.704769047028819 ], [ -55.960087993721068, -34.704966609608086 ], [ -55.95932027573555, -34.704837544154962 ], [ -55.95868285890392, -34.704741304288767 ], [ -55.958165741442905, -34.70464783194582 ], [ -55.958023919868111, -34.70523687606449 ], [ -55.957988591482838, -34.705368257010889 ], [ -55.957776562400674, -34.70621239535172 ], [ -55.958904786903297, -34.706407243797265 ], [ -55.959872559942283, -34.706591525317258 ], [ -55.960288867057855, -34.706658943035606 ], [ -55.961116934498264, -34.706798836567295 ], [ -55.962068329993606, -34.7069724188839 ], [ -55.962302876529819, -34.706083878258923 ], [ -55.962297957926147, -34.706039509761908 ], [ -55.962488363559849, -34.705308360301203 ], [ -55.962599430555429, -34.70532730465078 ], [ -55.962783695486834, -34.704647664467551 ] ] ] } },
{ "type": "Feature", "properties": { "codigo_ai": 3727002, "nombre_ai": "Parque Carrasco", "nombre_dep": "Canelones", "nombre_loc": "Parque Carrasco", "fecha_desde": 2000, "footprints_all": 13, "footprints_min6": 13, "footprints_min10": 13, "oai_viviendas": null, "oai_personas": null, "est_dwellings": 12.0, "est_population": 41.0, "meets_definition": true }, "geometry": { "type": "Polygon", "coordinates": [ [ [ -56.01765786580647, -34.846365784485286 ], [ -56.017511860844543, -34.846616949814909 ], [ -56.017389439939841, -34.846907974886435 ], [ -56.017231364340901, -34.847193179652194 ], [ -56.017599471889142, -34.84751005604943 ], [ -56.018090915899919, -34.846472142545245 ], [ -56.017841060028594, -34.846415749528482 ], [ -56.01765786580647, -34.846365784485286 ] ] ] } },
{ "type": "Feature", "properties": { "codigo_ai": 3322003, "nombre_ai": "Paso Al Parque", "nombre_dep": "Canelones", "nombre_loc": "Pando", "fecha_desde": 2000, "footprints_all": 79, "footprints_min6": 79, "footprints_min10": 74, "oai_viviendas": null, "oai_personas": null, "est_dwellings": 71.0, "est_population": 241.0, "meets_definition": true }, "geometry": { "type": "Polygon", "coordinates": [ [ [ -55.947362534031271, -34.704514803813943 ], [ -55.947325021143804, -34.705025918923809 ], [ -55.948019984880794, -34.705820425371499 ], [ -55.949176092738966, -34.70599410528164 ], [ -55.949261463926241, -34.705586104414373 ], [ -55.949277702053216, -34.705447997784709 ], [ -55.949403323190587, -34.704859901437572 ], [ -55.947362534031271, -34.704514803813943 ] ] ] } },
{ "type": "Feature", "properties": { "codigo_ai": 3525001, "nombre_ai": "Paso Carrasco", "nombre_dep": "Canelones", "nombre_loc": "Paso Carrasco", "fecha_desde": 1985, "footprints_all": 231, "footprints_min6": 231, "footprints_min10": 215, "oai_viviendas": null, "oai_personas": null, "est_dwellings": 208.0, "est_population": 707.0, "meets_definition": true }, "geometry": { "type": "MultiPolygon", "coordinates": [ [ [ [ -56.058845985813619, -34.867085262140215 ], [ -56.058811606068424, -34.867196369439874 ], [ -56.058725425622818, -34.867317395931337 ], [ -56.058535193633183, -34.867494561341601 ], [ -56.058312893331255, -34.867627155777157 ], [ -56.05820155659061, -34.867691707014124 ], [ -56.05781165259814, -34.867857862735349 ], [ -56.057645075748574, -34.867912069161534 ], [ -56.057531311119604, -34.867938202964041 ], [ -56.057386892321546, -34.867952598466886 ], [ -56.05733070834026, -34.867966159407047 ], [ -56.057294721279114, -34.867850077758128 ], [ -56.057341073432617, -34.867568532026567 ], [ -56.05732888405079, -34.867504442368961 ], [ -56.05721922490271, -34.867343563679192 ], [ -56.056930934016769, -34.867017821978784 ], [ -56.05676878716617, -34.866834611320691 ], [ -56.056069526712577, -34.86705518685006 ], [ -56.056165954125319, -34.867490353089927 ], [ -56.056075522247305, -34.8675819043684 ], [ -56.055187942706965, -34.867830206744721 ], [ -56.054875163045452, -34.868142985964006 ], [ -56.05442931625884, -34.868322696906766 ], [ -56.053951916186591, -34.868651937410469 ], [ -56.05352939017191, -34.869107387779451 ], [ -56.053465678394055, -34.869146553093138 ], [ -56.053539211981352, -34.869350056843331 ], [ -56.055251965557623, -34.868916914530196 ], [ -56.056410876890595, -34.868573242671246 ], [ -56.057718836934058, -34.868293702771417 ], [ -56.05809463279293, -34.868217459621349 ], [ -56.058394324060345, -34.868111329938543 ], [ -56.058684900887492, -34.867921404125596 ], [ -56.058969178914886, -34.867696240078537 ], [ -56.059267193365081, -34.867369935441531 ], [ -56.059627768789042, -34.866954647791395 ], [ -56.059704291296235, -34.86679807583338 ], [ -56.05984461646883, -34.866685593600558 ], [ -56.059476009487362, -34.8664693559409 ], [ -56.059212371773306, -34.866305320307269 ], [ -56.058895171571358, -34.866809545655158 ], [ -56.058845985813619, -34.867085262140215 ] ] ], [ [ [ -56.052274556161194, -34.868549225635931 ], [ -56.05208628966821, -34.868673037686776 ], [ -56.051986285911767, -34.868674945132568 ], [ -56.05180836952615, -34.868678317081169 ], [ -56.051510823394587, -34.868576554592657 ], [ -56.05064967398306, -34.86807104445441 ], [ -56.050534700717193, -34.867986164961508 ], [ -56.050093419355669, -34.867814698892687 ], [ -56.049578126524459, -34.867552356245106 ], [ -56.049365036673748, -34.867514540438513 ], [ -56.048682464251812, -34.86732445742404 ], [ -56.048487809473329, -34.867238082398543 ], [ -56.048343580133825, -34.867136501075329 ], [ -56.048030634665999, -34.867066401555242 ], [ -56.047905455692622, -34.867018834038909 ], [ -56.047760249402927, -34.866943727007076 ], [ -56.047636698659467, -34.866853465585613 ], [ -56.047486044311015, -34.866864522735284 ], [ -56.047171799920449, -34.866894943648042 ], [ -56.047062594090981, -34.866890112137625 ], [ -56.046979509001773, -34.866874254337489 ], [ -56.046750574012627, -34.866914530408323 ], [ -56.046762837761008, -34.867235282812061 ], [ -56.046528870766871, -34.867303176568328 ], [ -56.046533500922635, -34.867537072222788 ], [ -56.047028717062538, -34.867437901434066 ], [ -56.047485097875231, -34.867388691696249 ], [ -56.047888696133718, -34.867426933277301 ], [ -56.048417688896073, -34.867618167873808 ], [ -56.049184159920792, -34.867985322878042 ], [ -56.050534706836125, -34.868633950194386 ], [ -56.052031111099829, -34.869408354638935 ], [ -56.05266464740248, -34.869414745113488 ], [ -56.053378256407548, -34.869029198863856 ], [ -56.053455866889578, -34.86881889962833 ], [ -56.053025690007502, -34.868811715884426 ], [ -56.052722202353252, -34.868996871838014 ], [ -56.052274556161194, -34.868549225635931 ] ] ] ] } },
{ "type": "Feature", "properties": { "codigo_ai": 3522010, "nombre_ai": "Paso Escobar", "nombre_dep": "Canelones", "nombre_loc": "Barros Blancos", "fecha_desde": 2001, "footprints_all": 286, "footprints_min6": 286, "footprints_min10": 277, "oai_viviendas": null, "oai_personas": null, "est_dwellings": 257.0, "est_population": 874.0, "meets_definition": true }, "geometry": { "type": "Polygon", "coordinates": [ [ [ -56.009235959056824, -34.766590109220353 ], [ -56.008095821317319, -34.767695721373876 ], [ -56.008006667759261, -34.767749023087127 ], [ -56.007936627714102, -34.767778988589612 ], [ -56.007739638868223, -34.767832715239607 ], [ -56.007334518795602, -34.767906773997204 ], [ -56.007232403542133, -34.767933615461004 ], [ -56.007162392456898, -34.767968608800878 ], [ -56.00705580769791, -34.768001113506692 ], [ -56.00680713754268, -34.768053221417546 ], [ -56.00673230810267, -34.768051839953756 ], [ -56.006872398898217, -34.768585312406309 ], [ -56.00722126251604, -34.769834456060195 ], [ -56.008781066192945, -34.7694703407848 ], [ -56.010880699891914, -34.769011538256493 ], [ -56.010366608698156, -34.767385416472017 ], [ -56.010317496821642, -34.767307080609136 ], [ -56.01020457481161, -34.767205439214358 ], [ -56.00975240752004, -34.766953311826619 ], [ -56.009669894416419, -34.766892423945805 ], [ -56.009235959056824, -34.766590109220353 ] ] ] } },
{ "type": "Feature", "properties": { "codigo_ai": 3830001, "nombre_ai": "Pinamar Norte", "nombre_dep": "Canelones", "nombre_loc": "Pinamar - Pinepark", "fecha_desde": 2000, "footprints_all": 104, "footprints_min6": 104, "footprints_min10": 94, "oai_viviendas": null, "oai_personas": null, "est_dwellings": 94.0, "est_population": 320.0, "meets_definition": true }, "geometry": { "type": "Polygon", "coordinates": [ [ [ -55.863926792116189, -34.773825095738843 ], [ -55.864207803642614, -34.772714546700243 ], [ -55.863589981349698, -34.772632746286384 ], [ -55.862979268335657, -34.772513861180812 ], [ -55.862111393518553, -34.772361729042828 ], [ -55.8619738752366, -34.772358783473095 ], [ -55.861902747594634, -34.772359731684269 ], [ -55.861776893083388, -34.772375526178159 ], [ -55.860789476295338, -34.772788580040917 ], [ -55.860962503344858, -34.773225834850606 ], [ -55.861623450724608, -34.773337643492638 ], [ -55.861356838369304, -34.774019677034694 ], [ -55.86128622392615, -34.774268953858915 ], [ -55.8612201523487, -34.774595340896013 ], [ -55.86114104014883, -34.774998758397402 ], [ -55.861080721026084, -34.775414766456123 ], [ -55.861517916778872, -34.77514848779213 ], [ -55.862456642207277, -34.77445453192626 ], [ -55.862655518297856, -34.774376814763627 ], [ -55.862791055669192, -34.773625582601007 ], [ -55.863926792116189, -34.773825095738843 ] ] ] } },
{ "type": "Feature", "properties": { "codigo_ai": 3953003, "nombre_ai": "Pinares De Solymar", "nombre_dep": "Canelones", "nombre_loc": "Lomas De Solymar", "fecha_desde": 2005, "footprints_all": 111, "footprints_min6": 111, "footprints_min10": 102, "oai_viviendas": null, "oai_personas": null, "est_dwellings": 100.0, "est_population": 340.0, "meets_definition": true }, "geometry": { "type": "Polygon", "coordinates": [ [ [ -55.937163573461135, -34.804794221962773 ], [ -55.937272516130093, -34.803931466673959 ], [ -55.937243893223268, -34.803931773958915 ], [ -55.936919150073919, -34.8038101629568 ], [ -55.936822274191066, -34.80434908451749 ], [ -55.935948601789107, -34.805481181456123 ], [ -55.935867074930705, -34.805602014757824 ], [ -55.935645071569027, -34.805826835449253 ], [ -55.93513227496031, -34.806423674218614 ], [ -55.935583367387203, -34.806688322166167 ], [ -55.935947883383101, -34.806858218107827 ], [ -55.936080964631252, -34.806874646059732 ], [ -55.936527702737585, -34.806859146305754 ], [ -55.936928804557958, -34.806842870199894 ], [ -55.936989244800721, -34.806307671996642 ], [ -55.937072492205886, -34.805820918484962 ], [ -55.937163573461135, -34.804794221962773 ] ] ] } },
{ "type": "Feature", "properties": { "codigo_ai": 3321001, "nombre_ai": "Primuche", "nombre_dep": "Canelones", "nombre_loc": "La Paz", "fecha_desde": 2000, "footprints_all": 18, "footprints_min6": 18, "footprints_min10": 17, "oai_viviendas": null, "oai_personas": null, "est_dwellings": 16.0, "est_population": 54.0, "meets_definition": true }, "geometry": { "type": "Polygon", "coordinates": [ [ [ -56.23976828751195, -34.762811158398236 ], [ -56.239769401302773, -34.762825304814612 ], [ -56.23984304753305, -34.763066938035784 ], [ -56.240098916197489, -34.763005569518874 ], [ -56.240176699879676, -34.762967988416918 ], [ -56.240059874302183, -34.762361584425044 ], [ -56.240110445082131, -34.76235214940732 ], [ -56.240038629547463, -34.762049996771843 ], [ -56.23961333411706, -34.762114383150085 ], [ -56.23976828751195, -34.762811158398236 ] ] ] } },
{ "type": "Feature", "properties": { "codigo_ai": 3834001, "nombre_ai": "Pueblo De Pescadores", "nombre_dep": "Canelones", "nombre_loc": "San Luis", "fecha_desde": 2002, "footprints_all": 145, "footprints_min6": 145, "footprints_min10": 133, "oai_viviendas": null, "oai_personas": null, "est_dwellings": 130.0, "est_population": 442.0, "meets_definition": true }, "geometry": { "type": "Polygon", "coordinates": [ [ [ -55.587692078412985, -34.775249080790317 ], [ -55.587576371934816, -34.775271668819613 ], [ -55.587074579091421, -34.775128213374629 ], [ -55.586765027572788, -34.775055086595664 ], [ -55.586433270273936, -34.774965376223882 ], [ -55.586259951109213, -34.775130157141206 ], [ -55.586223771867722, -34.775335376965984 ], [ -55.585049264291264, -34.77586877455451 ], [ -55.58473455403454, -34.775389323230407 ], [ -55.583010563465812, -34.776117406199816 ], [ -55.582871649301183, -34.775882145556018 ], [ -55.58234134604929, -34.776093362680875 ], [ -55.582372934804638, -34.776310000386964 ], [ -55.58227797794229, -34.776304585279426 ], [ -55.582096521980439, -34.776320669334744 ], [ -55.582067688478517, -34.776327904856551 ], [ -55.582043566407492, -34.776335945455159 ], [ -55.582004599482012, -34.776354548513581 ], [ -55.581965860265875, -34.776412656817421 ], [ -55.581899277559188, -34.776549454038609 ], [ -55.581838747077271, -34.776731044162027 ], [ -55.581795166453212, -34.776847260669079 ], [ -55.581774586288709, -34.776918686402574 ], [ -55.581773375496404, -34.77697921649991 ], [ -55.581773375082022, -34.777027640317385 ], [ -55.581767322357457, -34.777065168945754 ], [ -55.581739478642405, -34.777146278836483 ], [ -55.581691054315357, -34.777231020718673 ], [ -55.5816523155437, -34.777289128912045 ], [ -55.581988943948396, -34.777823884534449 ], [ -55.58199894500909, -34.777840825493342 ], [ -55.582019755246883, -34.777874996343968 ], [ -55.582219558, -34.778176184768938 ], [ -55.58553915374403, -34.776669453134538 ], [ -55.587897042447139, -34.77567157092831 ], [ -55.587692078412985, -34.775249080790317 ] ] ] } },
{ "type": "Feature", "properties": { "codigo_ai": 3631001, "nombre_ai": "Pueblo Nuevo", "nombre_dep": "Canelones", "nombre_loc": "Toledo", "fecha_desde": 1998, "footprints_all": 47, "footprints_min6": 47, "footprints_min10": 47, "oai_viviendas": null, "oai_personas": null, "est_dwellings": 42.0, "est_population": 143.0, "meets_definition": true }, "geometry": { "type": "Polygon", "coordinates": [ [ [ -56.08650090747625, -34.737510808987608 ], [ -56.085727689871405, -34.73702920985955 ], [ -56.085484477759628, -34.737317683705271 ], [ -56.085228383666106, -34.737165351651882 ], [ -56.084753508710179, -34.737747612782712 ], [ -56.084579317271825, -34.737637801498693 ], [ -56.084283171141877, -34.73798207068004 ], [ -56.085459007080786, -34.738705908943082 ], [ -56.085802508543701, -34.738311897890696 ], [ -56.0862460808221, -34.737799952888992 ], [ -56.086296020369986, -34.737726763388856 ], [ -56.086333073826623, -34.737685985019922 ], [ -56.08650090747625, -34.737510808987608 ] ] ] } },
{ "type": "Feature", "properties": { "codigo_ai": 3522017, "nombre_ai": "Remanso", "nombre_dep": "Canelones", "nombre_loc": "Barros Blancos", "fecha_desde": 1998, "footprints_all": 63, "footprints_min6": 63, "footprints_min10": 59, "oai_viviendas": null, "oai_personas": null, "est_dwellings": 57.0, "est_population": 194.0, "meets_definition": true }, "geometry": { "type": "Polygon", "coordinates": [ [ [ -56.01678325558931, -34.779492318684078 ], [ -56.018444054921247, -34.77916542346162 ], [ -56.018415962790243, -34.779043129693456 ], [ -56.01835459682983, -34.778665828748196 ], [ -56.018195788406032, -34.777182671069959 ], [ -56.018089790020994, -34.777176930526068 ], [ -56.016757997024961, -34.777457463906963 ], [ -56.016395677563771, -34.777526555322922 ], [ -56.016284376311809, -34.777528916587919 ], [ -56.016259101413013, -34.777521294700556 ], [ -56.016225728274136, -34.777661537133547 ], [ -56.01678325558931, -34.779492318684078 ] ] ] } },
{ "type": "Feature", "properties": { "codigo_ai": 3221009, "nombre_ai": "Ruta 5 Y Montevideo", "nombre_dep": "Canelones", "nombre_loc": "Las Piedras", "fecha_desde": 1990, "footprints_all": 71, "footprints_min6": 71, "footprints_min10": 68, "oai_viviendas": null, "oai_personas": null, "est_dwellings": 64.0, "est_population": 218.0, "meets_definition": true }, "geometry": { "type": "Polygon", "coordinates": [ [ [ -56.217607093279732, -34.709168523041932 ], [ -56.223099568378032, -34.707058797143553 ], [ -56.222906387652671, -34.706805454368869 ], [ -56.222618908354292, -34.706896320425265 ], [ -56.222372172918611, -34.706962065849652 ], [ -56.220813413918087, -34.707567066175258 ], [ -56.218523649191638, -34.708461145485558 ], [ -56.21844312418385, -34.70849011105458 ], [ -56.21839145161443, -34.708501167889956 ], [ -56.218073668779169, -34.708553537385498 ], [ -56.21784941283731, -34.70857569070175 ], [ -56.217481489778365, -34.708595285217612 ], [ -56.217607093279732, -34.709168523041932 ] ] ] } },
{ "type": "Feature", "properties": { "codigo_ai": 3529005, "nombre_ai": "San Felipe-La Capilla", "nombre_dep": "Canelones", "nombre_loc": "Villa Crespo", "fecha_desde": 2004, "footprints_all": 239, "footprints_min6": 239, "footprints_min10": 224, "oai_viviendas": null, "oai_personas": null, "est_dwellings": 215.0, "est_population": 731.0, "meets_definition": true }, "geometry": { "type": "Polygon", "coordinates": [ [ [ -56.104441304139307, -34.736680411330845 ], [ -56.105016379706967, -34.736945398595253 ], [ -56.104909393209063, -34.737079972324025 ], [ -56.105485693133268, -34.737391892259993 ], [ -56.105159222693523, -34.737785838639354 ], [ -56.105330442704528, -34.737894306675521 ], [ -56.105282259087957, -34.737915078784553 ], [ -56.105087194611876, -34.737958940265621 ], [ -56.105009617190667, -34.738017560709274 ], [ -56.104913127243357, -34.738057285832738 ], [ -56.104261241594195, -34.738286401160266 ], [ -56.103512418026995, -34.737864791704261 ], [ -56.103470641759955, -34.737917717754776 ], [ -56.103388422488742, -34.738020668795485 ], [ -56.103244378726693, -34.73812334493357 ], [ -56.103099562464166, -34.738200432730792 ], [ -56.102755043140988, -34.738335961183111 ], [ -56.102468429535314, -34.738439082892455 ], [ -56.102268082238417, -34.73854492284493 ], [ -56.102224365037351, -34.738596513993357 ], [ -56.102157456403916, -34.738628970489607 ], [ -56.10187093326477, -34.738922632610468 ], [ -56.103057886761476, -34.739590769099934 ], [ -56.103226416893783, -34.739354021005838 ], [ -56.103433488074437, -34.739154583793614 ], [ -56.103509565361392, -34.739098621600235 ], [ -56.103781963879641, -34.739010073248302 ], [ -56.103869363895313, -34.739069780585325 ], [ -56.104167122157264, -34.739242752374771 ], [ -56.104944525978794, -34.739673468994248 ], [ -56.105621544873884, -34.740031502409764 ], [ -56.105692194149015, -34.74007664851559 ], [ -56.105773698992493, -34.740139286962084 ], [ -56.105858477679675, -34.740302620083249 ], [ -56.105890990065163, -34.740556834947753 ], [ -56.105893068200047, -34.740791826624886 ], [ -56.105906683902319, -34.740859340953698 ], [ -56.105960654566346, -34.740968243994892 ], [ -56.106034316858299, -34.741051186071005 ], [ -56.106125992987423, -34.741107749048325 ], [ -56.107164618720795, -34.741679453534736 ], [ -56.107308416237743, -34.741500285107357 ], [ -56.107565542686437, -34.741101603157418 ], [ -56.107471346966491, -34.74098760965466 ], [ -56.107389147023689, -34.740902970099164 ], [ -56.107318300204689, -34.740841914955709 ], [ -56.10723010228044, -34.740791290199915 ], [ -56.107161454389711, -34.740775138998487 ], [ -56.107110362542251, -34.740820088790727 ], [ -56.107003705503473, -34.740851193364406 ], [ -56.106888010087772, -34.740874468449896 ], [ -56.106722238697685, -34.740844730533311 ], [ -56.106624186946426, -34.740773482323014 ], [ -56.106579084644949, -34.740727084078664 ], [ -56.106529713839265, -34.740704889773234 ], [ -56.106443601854878, -34.740711288907313 ], [ -56.106378606630628, -34.740666778969974 ], [ -56.106349537783764, -34.740540922087327 ], [ -56.106291845481223, -34.740439694596276 ], [ -56.106375490352072, -34.740297984308583 ], [ -56.106836500326239, -34.739886883008829 ], [ -56.106826215098941, -34.739667887560508 ], [ -56.106851431393999, -34.739622421689496 ], [ -56.106923984207214, -34.73950166824158 ], [ -56.106930604556993, -34.739246508762079 ], [ -56.106924779400224, -34.739131857066688 ], [ -56.10693813234429, -34.739006397920647 ], [ -56.107011257155449, -34.73865708438337 ], [ -56.107104303169869, -34.738620556086119 ], [ -56.107290586589102, -34.738489161428397 ], [ -56.107360735032032, -34.738397208007541 ], [ -56.107731128810975, -34.737700456997608 ], [ -56.107778246660686, -34.737599814908741 ], [ -56.106016208388901, -34.736915496729949 ], [ -56.106230809956216, -34.736599135557583 ], [ -56.105014485198453, -34.735940085730618 ], [ -56.104922131140931, -34.736046353957214 ], [ -56.104837852888117, -34.736162303077769 ], [ -56.10473468295546, -34.736320242773218 ], [ -56.104441304139307, -34.736680411330845 ] ] ] } },
{ "type": "Feature", "properties": { "codigo_ai": 3221019, "nombre_ai": "San Isidro", "nombre_dep": "Canelones", "nombre_loc": "Las Piedras", "fecha_desde": 1998, "footprints_all": 234, "footprints_min6": 234, "footprints_min10": 225, "oai_viviendas": null, "oai_personas": null, "est_dwellings": 211.0, "est_population": 717.0, "meets_definition": true }, "geometry": { "type": "Polygon", "coordinates": [ [ [ -56.205112757023599, -34.694932206260162 ], [ -56.204311811908823, -34.694177164240571 ], [ -56.201852160012074, -34.691780333071179 ], [ -56.200922425677362, -34.692404684380328 ], [ -56.201996522675934, -34.693461843877145 ], [ -56.20247832786437, -34.693918375970547 ], [ -56.202535876997139, -34.693953415273391 ], [ -56.202567675009547, -34.693989060659057 ], [ -56.20258837806275, -34.694031677976668 ], [ -56.204117146422774, -34.695548632975644 ], [ -56.204177330284011, -34.695583270298371 ], [ -56.204227623718502, -34.695644919207602 ], [ -56.204251891814387, -34.695692084544248 ], [ -56.204935969174471, -34.696405044974362 ], [ -56.204956636919917, -34.696465012389709 ], [ -56.205002475296006, -34.696551139903278 ], [ -56.205673683073897, -34.697220050606653 ], [ -56.206035442053356, -34.696946992171092 ], [ -56.205707567239294, -34.696605147778499 ], [ -56.206362109181683, -34.69615273834269 ], [ -56.205112757023599, -34.694932206260162 ] ] ] } },
{ "type": "Feature", "properties": { "codigo_ai": 3633001, "nombre_ai": "San Jose De Carrasco", "nombre_dep": "Canelones", "nombre_loc": "San José De Carrasco", "fecha_desde": 1985, "footprints_all": 33, "footprints_min6": 33, "footprints_min10": 32, "oai_viviendas": null, "oai_personas": null, "est_dwellings": 30.0, "est_population": 102.0, "meets_definition": true }, "geometry": { "type": "Polygon", "coordinates": [ [ [ -56.003096806297322, -34.838484427660063 ], [ -56.002197639078233, -34.837574555385963 ], [ -56.001755417257364, -34.837881476713839 ], [ -56.002654760250081, -34.838786340978196 ], [ -56.003096806297322, -34.838484427660063 ] ] ] } },
{ "type": "Feature", "properties": { "codigo_ai": 3523003, "nombre_ai": "Santa Teresita II", "nombre_dep": "Canelones", "nombre_loc": "Colonia Nicolich", "fecha_desde": 1990, "footprints_all": 93, "footprints_min6": 93, "footprints_min10": 91, "oai_viviendas": null, "oai_personas": null, "est_dwellings": 84.0, "est_population": 286.0, "meets_definition": true }, "geometry": { "type": "MultiPolygon", "coordinates": [ [ [ [ -56.004090913656782, -34.820313650284049 ], [ -56.003467823029823, -34.82004708905572 ], [ -56.002979332461912, -34.820833921348019 ], [ -56.003379785801357, -34.821023784224764 ], [ -56.00369734129508, -34.821167929503218 ], [ -56.003953902615741, -34.820792159642764 ], [ -56.003810251293068, -34.820722896180754 ], [ -56.004090913656782, -34.820313650284049 ] ] ], [ [ [ -56.004984796668474, -34.8245111143315 ], [ -56.006073971763485, -34.825025692086456 ], [ -56.006245500912634, -34.824962069247427 ], [ -56.006697228487056, -34.824891713447208 ], [ -56.006628495190093, -34.82448737523346 ], [ -56.006260070295319, -34.824542164046342 ], [ -56.006084383455736, -34.824556643330851 ], [ -56.006013931791337, -34.824571352827228 ], [ -56.006009177348055, -34.824550873731972 ], [ -56.005192156585792, -34.824182797702512 ], [ -56.004984796668474, -34.8245111143315 ] ] ], [ [ [ -56.005286908771097, -34.821102960771277 ], [ -56.005055713091856, -34.820127475302691 ], [ -56.004551759410575, -34.820783530607052 ], [ -56.005286908771097, -34.821102960771277 ] ] ], [ [ [ -56.003696940917322, -34.820053293803682 ], [ -56.004218595702554, -34.819262600883157 ], [ -56.003648112313748, -34.819006189934015 ], [ -56.003146859448194, -34.81979286898774 ], [ -56.003696940917322, -34.820053293803682 ] ] ], [ [ [ -56.003386141005976, -34.821092580933922 ], [ -56.002813007719396, -34.820838661055525 ], [ -56.002512642124614, -34.821276209742273 ], [ -56.003096563876106, -34.821488872743807 ], [ -56.003386141005976, -34.821092580933922 ] ] ] ] } },
{ "type": "Feature", "properties": { "codigo_ai": 3633003, "nombre_ai": "Sin Nombre", "nombre_dep": "Canelones", "nombre_loc": "San José De Carrasco", "fecha_desde": 2011, "footprints_all": 67, "footprints_min6": 67, "footprints_min10": 64, "oai_viviendas": null, "oai_personas": null, "est_dwellings": 60.0, "est_population": 204.0, "meets_definition": true }, "geometry": { "type": "Polygon", "coordinates": [ [ [ -55.997223781479839, -34.833266044482656 ], [ -55.99713897346134, -34.833329852606781 ], [ -55.997007664405153, -34.833399968923771 ], [ -55.996853408217881, -34.833523629382732 ], [ -55.996473664875936, -34.833804732041344 ], [ -55.996076943566983, -34.834140458439101 ], [ -55.99602462197646, -34.834223876676468 ], [ -55.996017339454369, -34.83432892469277 ], [ -55.996122047134612, -34.834413535244735 ], [ -55.996826096467139, -34.835095824115399 ], [ -55.998120379825593, -34.834218861217053 ], [ -55.997223781479839, -34.833266044482656 ] ] ] } },
{ "type": "Feature", "properties": { "codigo_ai": 3828003, "nombre_ai": "Sin Nombre", "nombre_dep": "Canelones", "nombre_loc": "El Pinar", "fecha_desde": 2017, "footprints_all": 88, "footprints_min6": 88, "footprints_min10": 71, "oai_viviendas": null, "oai_personas": null, "est_dwellings": 79.0, "est_population": 269.0, "meets_definition": true }, "geometry": { "type": "Polygon", "coordinates": [ [ [ -55.943133409756086, -34.789088885926915 ], [ -55.943148156747647, -34.788367265209189 ], [ -55.943215222861056, -34.787621711621519 ], [ -55.942419681416325, -34.787307077342042 ], [ -55.942329999760616, -34.787547987412943 ], [ -55.942850506135017, -34.787741419267327 ], [ -55.942858098130351, -34.787805735584115 ], [ -55.942724069694258, -34.788230280485436 ], [ -55.942669384097528, -34.788321714306477 ], [ -55.941651272179392, -34.788118702279633 ], [ -55.941478260661604, -34.788777357911293 ], [ -55.941387920963926, -34.789091906853969 ], [ -55.94123406887811, -34.789535671731905 ], [ -55.942029919079481, -34.789663118247631 ], [ -55.942258424728259, -34.789688293018791 ], [ -55.942552180373575, -34.789791205413522 ], [ -55.942856004921801, -34.789954125750917 ], [ -55.943133409756086, -34.789088885926915 ] ] ] } },
{ "type": "Feature", "properties": { "codigo_ai": 3522002, "nombre_ai": "Sin Nombre", "nombre_dep": "Canelones", "nombre_loc": "Barros Blancos", "fecha_desde": 2001, "footprints_all": 41, "footprints_min6": 41, "footprints_min10": 40, "oai_viviendas": null, "oai_personas": null, "est_dwellings": 37.0, "est_population": 126.0, "meets_definition": true }, "geometry": { "type": "Polygon", "coordinates": [ [ [ -56.030993090516226, -34.770964426770782 ], [ -56.030899257297378, -34.771083380367365 ], [ -56.03070579497313, -34.771443902072342 ], [ -56.031125000769762, -34.771573935229497 ], [ -56.031304303327566, -34.77162693669684 ], [ -56.031317306328937, -34.771630403625736 ], [ -56.031547965278754, -34.7717042168753 ], [ -56.031690065611564, -34.771752434801016 ], [ -56.031794889380038, -34.771781521611473 ], [ -56.031976676594354, -34.771486713782515 ], [ -56.03328600864171, -34.772042142489767 ], [ -56.033449021104907, -34.77176722976693 ], [ -56.031102695839273, -34.770806833132163 ], [ -56.030993090516226, -34.770964426770782 ] ] ] } },
{ "type": "Feature", "properties": { "codigo_ai": 3525008, "nombre_ai": "Sin Nombre", "nombre_dep": "Canelones", "nombre_loc": "Paso Carrasco", "fecha_desde": 2000, "footprints_all": 37, "footprints_min6": 37, "footprints_min10": 34, "oai_viviendas": null, "oai_personas": null, "est_dwellings": 33.0, "est_population": 112.0, "meets_definition": true }, "geometry": { "type": "Polygon", "coordinates": [ [ [ -56.053115332105712, -34.866888432188439 ], [ -56.053743814709108, -34.866940923096891 ], [ -56.053761932324555, -34.866687450550351 ], [ -56.053679613904123, -34.866247428293647 ], [ -56.053592512022092, -34.866187732724512 ], [ -56.05347988304419, -34.866166513200213 ], [ -56.053308403365193, -34.86614359101096 ], [ -56.053188064942084, -34.866133528602674 ], [ -56.052989334873558, -34.86618963701266 ], [ -56.052870106733501, -34.866247807148682 ], [ -56.052612190876665, -34.866449460558037 ], [ -56.05238428577708, -34.866624971957904 ], [ -56.052990687076175, -34.867042156186969 ], [ -56.053115332105712, -34.866888432188439 ] ] ] } },
{ "type": "Feature", "properties": { "codigo_ai": 3733003, "nombre_ai": "Sin Nombre", "nombre_dep": "Canelones", "nombre_loc": "Villa Aeroparque", "fecha_desde": 2011, "footprints_all": 46, "footprints_min6": 46, "footprints_min10": 44, "oai_viviendas": null, "oai_personas": null, "est_dwellings": 41.0, "est_population": 139.0, "meets_definition": true }, "geometry": { "type": "Polygon", "coordinates": [ [ [ -55.996499204313636, -34.786171118901485 ], [ -55.997167050115664, -34.786037175596839 ], [ -55.997021667073795, -34.785583512529548 ], [ -55.997011555748649, -34.785528012649934 ], [ -55.996799158385357, -34.784817910248108 ], [ -55.997010657883152, -34.784780884378385 ], [ -55.997149266475404, -34.784753547214585 ], [ -55.996976589063422, -34.784193179537361 ], [ -55.996031007584911, -34.784369038626281 ], [ -55.996499204313636, -34.786171118901485 ] ] ] } },
{ "type": "Feature", "properties": { "codigo_ai": 3322008, "nombre_ai": "Sin Nombre", "nombre_dep": "Canelones", "nombre_loc": "Pando", "fecha_desde": 2002, "footprints_all": 81, "footprints_min6": 81, "footprints_min10": 72, "oai_viviendas": null, "oai_personas": null, "est_dwellings": 73.0, "est_population": 248.0, "meets_definition": true }, "geometry": { "type": "Polygon", "coordinates": [ [ [ -55.978465838275213, -34.727343382811995 ], [ -55.978526150884768, -34.726941902811625 ], [ -55.978533400016175, -34.725937602262903 ], [ -55.97856950861793, -34.725173335437482 ], [ -55.978574303003803, -34.724734303175225 ], [ -55.978300229092547, -34.724754252269356 ], [ -55.978303809241439, -34.725189634192816 ], [ -55.977510976526347, -34.725163940670107 ], [ -55.977065457023684, -34.72504350762749 ], [ -55.97667578488516, -34.725234732383413 ], [ -55.977706030479297, -34.726466809855388 ], [ -55.976073302109548, -34.725996873748905 ], [ -55.975993606324202, -34.72623611461006 ], [ -55.975022209945202, -34.726012510444562 ], [ -55.97481693406381, -34.72649271004817 ], [ -55.975508395423603, -34.726665310520588 ], [ -55.978465838275213, -34.727343382811995 ] ] ] } },
{ "type": "Feature", "properties": { "codigo_ai": 3521023, "nombre_ai": "Sin Nombre", "nombre_dep": "Canelones", "nombre_loc": "Barros Blancos", "fecha_desde": 2014, "footprints_all": 41, "footprints_min6": 41, "footprints_min10": 36, "oai_viviendas": null, "oai_personas": null, "est_dwellings": 37.0, "est_population": 126.0, "meets_definition": true }, "geometry": { "type": "Polygon", "coordinates": [ [ [ -56.00824841272231, -34.777451869905988 ], [ -56.008444135736468, -34.777493690499284 ], [ -56.008561555163766, -34.777502636216276 ], [ -56.008678351094019, -34.77749427255003 ], [ -56.011141368441571, -34.776958402589976 ], [ -56.010925089473467, -34.776784101256808 ], [ -56.010818867962108, -34.776716480371654 ], [ -56.010730407063043, -34.776577679592691 ], [ -56.010703541900604, -34.77651777214826 ], [ -56.010652179892496, -34.776355936933122 ], [ -56.009491940155911, -34.776660646435921 ], [ -56.009339585700779, -34.77615743705892 ], [ -56.007934949255684, -34.776433839079488 ], [ -56.00824841272231, -34.777451869905988 ] ] ] } },
{ "type": "Feature", "properties": { "codigo_ai": 3525007, "nombre_ai": "Sin Nombre", "nombre_dep": "Canelones", "nombre_loc": "Paso Carrasco", "fecha_desde": 2001, "footprints_all": 24, "footprints_min6": 24, "footprints_min10": 23, "oai_viviendas": null, "oai_personas": null, "est_dwellings": 22.0, "est_population": 75.0, "meets_definition": true }, "geometry": { "type": "Polygon", "coordinates": [ [ [ -56.027910358093926, -34.849502018850366 ], [ -56.027608516630671, -34.849095688887822 ], [ -56.02730312942149, -34.849253191378246 ], [ -56.027638960403586, -34.849659794742678 ], [ -56.027687728596838, -34.849737965304556 ], [ -56.02741981208311, -34.849875599728875 ], [ -56.027705615868811, -34.850262092993042 ], [ -56.028288362057374, -34.849973005871078 ], [ -56.027991206554567, -34.849546188420966 ], [ -56.027937643118847, -34.849528265117492 ], [ -56.027910358093926, -34.849502018850366 ] ] ] } },
{ "type": "Feature", "properties": { "codigo_ai": 3221025, "nombre_ai": "Sin Nombre", "nombre_dep": "Canelones", "nombre_loc": "Las Piedras", "fecha_desde": 2020, "footprints_all": 45, "footprints_min6": 45, "footprints_min10": 40, "oai_viviendas": null, "oai_personas": null, "est_dwellings": 40.0, "est_population": 136.0, "meets_definition": true }, "geometry": { "type": "Polygon", "coordinates": [ [ [ -56.21223353536022, -34.741594166873256 ], [ -56.211832928917474, -34.741694324281191 ], [ -56.211507293213188, -34.741911247626675 ], [ -56.211300351769459, -34.741735134542495 ], [ -56.211066056625313, -34.741525073293658 ], [ -56.211065982011682, -34.741326541205737 ], [ -56.211031210421091, -34.741122380145562 ], [ -56.21136243207215, -34.740991765762956 ], [ -56.211624208643514, -34.74083839340706 ], [ -56.211894657400727, -34.740527245551668 ], [ -56.212936561383749, -34.740120521443401 ], [ -56.212809026178341, -34.739944383853697 ], [ -56.210370900353688, -34.741151274501384 ], [ -56.210077629743225, -34.741383715619172 ], [ -56.210291464654802, -34.741667679950496 ], [ -56.210539747327154, -34.741724475040293 ], [ -56.210661228897727, -34.741860244836879 ], [ -56.210948095228225, -34.741738744908616 ], [ -56.211414433155369, -34.742167078600851 ], [ -56.211716155533317, -34.741937789214774 ], [ -56.211852867148004, -34.741865416542915 ], [ -56.212063247681833, -34.741779229375979 ], [ -56.212279442125904, -34.741710249712725 ], [ -56.21223353536022, -34.741594166873256 ] ] ] } },
{ "type": "Feature", "properties": { "codigo_ai": 3834002, "nombre_ai": "Sin Nombre", "nombre_dep": "Canelones", "nombre_loc": "San Luis", "fecha_desde": 2007, "footprints_all": 342, "footprints_min6": 342, "footprints_min10": 323, "oai_viviendas": null, "oai_personas": null, "est_dwellings": 308.0, "est_population": 1047.0, "meets_definition": true }, "geometry": { "type": "MultiPolygon", "coordinates": [ [ [ [ -55.57260480103097, -34.7706725761591 ], [ -55.573040469929836, -34.770263843797032 ], [ -55.573224403230697, -34.770553225398331 ], [ -55.573053118715414, -34.770629082184982 ], [ -55.573072503428094, -34.770866021973504 ], [ -55.573349926669501, -34.770746181818865 ], [ -55.573541582501903, -34.770630773112998 ], [ -55.57380504942595, -34.770988672151191 ], [ -55.574462525767487, -34.770655978661196 ], [ -55.575035177308074, -34.770282246783715 ], [ -55.57552333961965, -34.769951477651865 ], [ -55.576042011234975, -34.769618503520135 ], [ -55.575955138072587, -34.769374993889869 ], [ -55.575660790013799, -34.768895158172299 ], [ -55.575423985551843, -34.768509123426142 ], [ -55.575246382298751, -34.768219594588764 ], [ -55.5748988052028, -34.76836477843532 ], [ -55.574673303325142, -34.768494281313387 ], [ -55.574180307413464, -34.767729527607663 ], [ -55.574056979545269, -34.767539861788521 ], [ -55.573268048578022, -34.766195361976685 ], [ -55.572620829811747, -34.7663423723859 ], [ -55.572621544348344, -34.766801627220673 ], [ -55.572072769349894, -34.767050337935821 ], [ -55.572134737903035, -34.767145661869684 ], [ -55.571413368712996, -34.767485694989489 ], [ -55.571732044368886, -34.767975851026868 ], [ -55.57189546288064, -34.768194081303079 ], [ -55.571901501561562, -34.768521951539391 ], [ -55.571352724022169, -34.768770649721553 ], [ -55.571227854292538, -34.768750226345105 ], [ -55.570735252421677, -34.769094315988987 ], [ -55.571673622705951, -34.770520186208152 ], [ -55.572227464035883, -34.770269188282846 ], [ -55.572351779995131, -34.770289555475223 ], [ -55.57260480103097, -34.7706725761591 ] ] ], [ [ [ -55.578025298182332, -34.765674283005453 ], [ -55.577677729903293, -34.765819477853555 ], [ -55.577532063090608, -34.76589216450666 ], [ -55.577295256754347, -34.765506134102026 ], [ -55.576593569726469, -34.765799258866735 ], [ -55.577366475567331, -34.767052495223666 ], [ -55.577714041945256, -34.766907302244277 ], [ -55.577773248487468, -34.767003815601228 ], [ -55.577891651315028, -34.767196826781166 ], [ -55.578388163185132, -34.766977574694991 ], [ -55.578684187788959, -34.767460108850024 ], [ -55.578820340242885, -34.767688765151028 ], [ -55.579066667042795, -34.767504021623516 ], [ -55.579478386000083, -34.767236864442438 ], [ -55.579582390063912, -34.767197091227857 ], [ -55.579753313677429, -34.767076232355272 ], [ -55.579856977206049, -34.767010012227217 ], [ -55.579716058891165, -34.766856166217018 ], [ -55.579792354150264, -34.766820887208681 ], [ -55.579530224544982, -34.76638536537412 ], [ -55.579261179603549, -34.765955034402964 ], [ -55.579024367124902, -34.765569006290214 ], [ -55.578784424603725, -34.765177855697331 ], [ -55.578383915863448, -34.765243462605582 ], [ -55.5783136555021, -34.765432587536729 ], [ -55.578376133889066, -34.765527718680197 ], [ -55.578025298182332, -34.765674283005453 ] ] ], [ [ [ -55.577287968709086, -34.768706387132106 ], [ -55.577677467822483, -34.768447501038466 ], [ -55.578058683543063, -34.768203812108396 ], [ -55.57790161732008, -34.768044590752744 ], [ -55.577724166932192, -34.76802724763651 ], [ -55.577583296385889, -34.767991106063896 ], [ -55.577458111011047, -34.767958994195737 ], [ -55.577351266387524, -34.768227960320424 ], [ -55.57739074606161, -34.768255715578199 ], [ -55.577088862471484, -34.768381829968156 ], [ -55.577017970045389, -34.768420741953449 ], [ -55.577197679993063, -34.768754392293381 ], [ -55.577287968709086, -34.768706387132106 ] ] ] ] } },
{ "type": "Feature", "properties": { "codigo_ai": 3221020, "nombre_ai": "Sin Nombre", "nombre_dep": "Canelones", "nombre_loc": "Las Piedras", "fecha_desde": 2001, "footprints_all": 163, "footprints_min6": 163, "footprints_min10": 153, "oai_viviendas": null, "oai_personas": null, "est_dwellings": 147.0, "est_population": 500.0, "meets_definition": true }, "geometry": { "type": "MultiPolygon", "coordinates": [ [ [ [ -56.23209089333762, -34.707377668686902 ], [ -56.23201219628163, -34.707011334495441 ], [ -56.231972487778791, -34.706771917888304 ], [ -56.231930640598023, -34.706557284348825 ], [ -56.231891532229803, -34.706397936866239 ], [ -56.23180655760882, -34.705955362476267 ], [ -56.231738114768625, -34.705617426863355 ], [ -56.231512408699501, -34.70433179291733 ], [ -56.231483462141519, -34.703945768270771 ], [ -56.231460068564417, -34.703704580440352 ], [ -56.231254231236584, -34.703860341434499 ], [ -56.230313822408704, -34.704451989868559 ], [ -56.230343106228887, -34.704557445309533 ], [ -56.230356827579705, -34.704642547130298 ], [ -56.23035386952759, -34.705396522618344 ], [ -56.230361964276973, -34.705766114605566 ], [ -56.23037354408531, -34.706118780023807 ], [ -56.229643544722009, -34.706138777715552 ], [ -56.229633592560681, -34.707187908493367 ], [ -56.229090247980857, -34.707208579601385 ], [ -56.22908754520013, -34.707420458661829 ], [ -56.229072326211039, -34.707575262867778 ], [ -56.230328284364269, -34.707507500372365 ], [ -56.23209089333762, -34.707377668686902 ] ] ], [ [ [ -56.232714428043451, -34.701952289502742 ], [ -56.231416820631772, -34.702016823421992 ], [ -56.231445344042079, -34.702688093723282 ], [ -56.231510063455346, -34.703454545700673 ], [ -56.231519255993881, -34.703581631822004 ], [ -56.231714447253623, -34.703436601810218 ], [ -56.232151940696575, -34.703138218685162 ], [ -56.232845595534947, -34.702675084929155 ], [ -56.232787511473248, -34.702359197128267 ], [ -56.23274795008367, -34.702135749881478 ], [ -56.232714428043451, -34.701952289502742 ] ] ], [ [ [ -56.229073577564151, -34.705253156133224 ], [ -56.228928015521511, -34.705324540824286 ], [ -56.228566870268224, -34.705494123851921 ], [ -56.228510220912014, -34.70551949056334 ], [ -56.228506086094086, -34.705665532192697 ], [ -56.22905206910572, -34.705637396612453 ], [ -56.229073577564151, -34.705253156133224 ] ] ] ] } },
{ "type": "Feature", "properties": { "codigo_ai": 3221024, "nombre_ai": "Sin Nombre", "nombre_dep": "Canelones", "nombre_loc": "Las Piedras", "fecha_desde": 2015, "footprints_all": 56, "footprints_min6": 56, "footprints_min10": 53, "oai_viviendas": null, "oai_personas": null, "est_dwellings": 50.0, "est_population": 170.0, "meets_definition": true }, "geometry": { "type": "Polygon", "coordinates": [ [ [ -56.231499777687354, -34.697236147492326 ], [ -56.232444954559959, -34.696355572910086 ], [ -56.232554893859565, -34.696252585396934 ], [ -56.232638876119189, -34.696137292127673 ], [ -56.232707377531483, -34.696031439246823 ], [ -56.232730219933934, -34.695986780895858 ], [ -56.23272904096347, -34.695942164276531 ], [ -56.232684322336951, -34.695826381603126 ], [ -56.232513554476199, -34.695876041996243 ], [ -56.232073475446022, -34.695956103534975 ], [ -56.232041664555858, -34.69596093219144 ], [ -56.232023735525779, -34.695975864178017 ], [ -56.231948533831698, -34.69599652479863 ], [ -56.231834873130794, -34.696102713003874 ], [ -56.23170354699171, -34.696283396882301 ], [ -56.231534953901864, -34.696447589573779 ], [ -56.231301255711607, -34.696611925943508 ], [ -56.230641614856907, -34.697026678651525 ], [ -56.230588850337952, -34.696962017543079 ], [ -56.230166283753874, -34.697232184484804 ], [ -56.230201072222073, -34.697811122389602 ], [ -56.23040519084774, -34.697797114191559 ], [ -56.230417698255472, -34.697879385013437 ], [ -56.230446479572898, -34.698083361863596 ], [ -56.230453446959366, -34.698228738936919 ], [ -56.230471832176448, -34.69830897101496 ], [ -56.230528346092697, -34.698491304873954 ], [ -56.230549827945971, -34.698554076773796 ], [ -56.230572980454937, -34.698609996823969 ], [ -56.230582611398098, -34.698639275562449 ], [ -56.230758101191007, -34.698630854581808 ], [ -56.230714789388635, -34.697568755868339 ], [ -56.230915657537743, -34.697407173060945 ], [ -56.231183034347112, -34.697366166388512 ], [ -56.231185726424556, -34.697406816691938 ], [ -56.231315609678141, -34.697385201156294 ], [ -56.231504223826065, -34.69736390898143 ], [ -56.231499777687354, -34.697236147492326 ] ] ] } },
{ "type": "Feature", "properties": { "codigo_ai": 3521018, "nombre_ai": "Sin Nombre", "nombre_dep": "Canelones", "nombre_loc": "Barros Blancos", "fecha_desde": 2012, "footprints_all": 20, "footprints_min6": 20, "footprints_min10": 19, "oai_viviendas": null, "oai_personas": null, "est_dwellings": 18.0, "est_population": 61.0, "meets_definition": true }, "geometry": { "type": "Polygon", "coordinates": [ [ [ -56.00717340936864, -34.769844038958048 ], [ -56.006934373763571, -34.769011150830778 ], [ -56.006720714013539, -34.76822386233389 ], [ -56.006519224073607, -34.768258386681971 ], [ -56.006734297452567, -34.768923980450047 ], [ -56.006203090919612, -34.769026645588241 ], [ -56.005783448631384, -34.769107357965048 ], [ -56.005885398128342, -34.769449155577014 ], [ -56.005966508667072, -34.769721761781064 ], [ -56.005993820104024, -34.769789830984763 ], [ -56.006053582526384, -34.769828164554703 ], [ -56.006141912380144, -34.76986354820572 ], [ -56.006260136712754, -34.769919284408097 ], [ -56.006353279541287, -34.769946988380241 ], [ -56.006574205544325, -34.769965320991837 ], [ -56.00717340936864, -34.769844038958048 ] ] ] } },
{ "type": "Feature", "properties": { "codigo_ai": 3521019, "nombre_ai": "Sin Nombre", "nombre_dep": "Canelones", "nombre_loc": "Barros Blancos", "fecha_desde": 2002, "footprints_all": 30, "footprints_min6": 30, "footprints_min10": 30, "oai_viviendas": null, "oai_personas": null, "est_dwellings": 27.0, "est_population": 92.0, "meets_definition": true }, "geometry": { "type": "MultiPolygon", "coordinates": [ [ [ [ -55.995946935790457, -34.755115642779145 ], [ -55.995598845214872, -34.753898427888103 ], [ -55.995277787639438, -34.752831716656829 ], [ -55.994999440842271, -34.752887200840547 ], [ -55.995694183302085, -34.755173968059296 ], [ -55.995946935790457, -34.755115642779145 ] ] ], [ [ [ -55.995792834196223, -34.753102186316397 ], [ -55.99555959103418, -34.753148575546653 ], [ -55.995759056920974, -34.753819634039132 ], [ -55.995781301674036, -34.75385596431839 ], [ -55.995959085317807, -34.754486899607691 ], [ -55.996156431332714, -34.755073545912623 ], [ -55.99634084825734, -34.755034581986479 ], [ -55.995792834196223, -34.753102186316397 ] ] ] ] } },
{ "type": "Feature", "properties": { "codigo_ai": 3221021, "nombre_ai": "Sin Nombre", "nombre_dep": "Canelones", "nombre_loc": "Las Piedras", "fecha_desde": 2015, "footprints_all": 15, "footprints_min6": 15, "footprints_min10": 14, "oai_viviendas": null, "oai_personas": null, "est_dwellings": 14.0, "est_population": 48.0, "meets_definition": true }, "geometry": { "type": "Polygon", "coordinates": [ [ [ -56.210584851418801, -34.723541565050773 ], [ -56.210578319023334, -34.723437713592297 ], [ -56.210929670878684, -34.7234282662276 ], [ -56.210928561495429, -34.723337317953515 ], [ -56.210511455286344, -34.723352573927151 ], [ -56.210502502013753, -34.723263849042311 ], [ -56.210009921849185, -34.723284603595133 ], [ -56.210062440210969, -34.723558757531407 ], [ -56.210584851418801, -34.723541565050773 ] ] ] } },
{ "type": "Feature", "properties": { "codigo_ai": 3523005, "nombre_ai": "Sin Nombre", "nombre_dep": "Canelones", "nombre_loc": "Colonia Nicolich", "fecha_desde": 2000, "footprints_all": 54, "footprints_min6": 54, "footprints_min10": 51, "oai_viviendas": null, "oai_personas": null, "est_dwellings": 49.0, "est_population": 167.0, "meets_definition": true }, "geometry": { "type": "Polygon", "coordinates": [ [ [ -56.042502838957049, -34.815831034790769 ], [ -56.045378066093733, -34.815245941762072 ], [ -56.045174149231883, -34.814563614795318 ], [ -56.042818988642182, -34.815066569817681 ], [ -56.042702979668263, -34.814693959642554 ], [ -56.042183552507495, -34.81480271844022 ], [ -56.042502838957049, -34.815831034790769 ] ] ] } },
{ "type": "Feature", "properties": { "codigo_ai": 3830002, "nombre_ai": "Sin Nombre", "nombre_dep": "Canelones", "nombre_loc": "Pinamar - Pinepark", "fecha_desde": 2015, "footprints_all": 394, "footprints_min6": 394, "footprints_min10": 358, "oai_viviendas": null, "oai_personas": null, "est_dwellings": 355.0, "est_population": 1207.0, "meets_definition": true }, "geometry": { "type": "Polygon", "coordinates": [ [ [ -55.864683508780516, -34.76594954224435 ], [ -55.864797534069055, -34.765457510844868 ], [ -55.864879152596842, -34.765191480968944 ], [ -55.865033738112885, -34.764821957748012 ], [ -55.865268060690539, -34.764221570645013 ], [ -55.865448144956204, -34.763414642462081 ], [ -55.8654832732663, -34.763193571243448 ], [ -55.865584753684018, -34.762359073286049 ], [ -55.865660187645176, -34.762077056240351 ], [ -55.865979468508201, -34.761483917901927 ], [ -55.865307449584549, -34.760610222685457 ], [ -55.865137531799711, -34.760413086251049 ], [ -55.864790943703092, -34.760068245885158 ], [ -55.86421969386258, -34.759497475685848 ], [ -55.863232612873468, -34.758536610155609 ], [ -55.862465521186309, -34.757841284850798 ], [ -55.862145908599672, -34.75847632923189 ], [ -55.862033536151522, -34.758769522883448 ], [ -55.861720873733091, -34.759809125001055 ], [ -55.861508039235957, -34.760648041100715 ], [ -55.861454713511918, -34.76085822950013 ], [ -55.86135264562008, -34.761277989009677 ], [ -55.861247637612202, -34.761683096853766 ], [ -55.86123533336211, -34.761781837876747 ], [ -55.861129287810357, -34.762102253854231 ], [ -55.860934050504206, -34.762854355360055 ], [ -55.860885006013277, -34.763052615880696 ], [ -55.860788914172552, -34.763441068029685 ], [ -55.860601478725158, -34.764124454353762 ], [ -55.860497379180835, -34.764381252799993 ], [ -55.86055901514505, -34.764534583118156 ], [ -55.860700900716488, -34.764844083318629 ], [ -55.860847595574867, -34.765136372206285 ], [ -55.860992646955218, -34.765463895427068 ], [ -55.861182738418066, -34.765821692007002 ], [ -55.861266046497747, -34.766012046258112 ], [ -55.861333209282257, -34.766260558014373 ], [ -55.861362012890268, -34.766383389565263 ], [ -55.861571038901467, -34.766408015311647 ], [ -55.862557606017837, -34.766565669197853 ], [ -55.863089061738329, -34.766665896144609 ], [ -55.863224854180636, -34.766693612426138 ], [ -55.863309782240719, -34.766721428048115 ], [ -55.863535718897133, -34.766543773918862 ], [ -55.863606345862749, -34.766496639528782 ], [ -55.864088619101068, -34.766280558825201 ], [ -55.864241409935275, -34.766227665831863 ], [ -55.86438686116265, -34.766185286725396 ], [ -55.864642803784328, -34.766120775525017 ], [ -55.864683508780516, -34.76594954224435 ] ] ] } },
{ "type": "Feature", "properties": { "codigo_ai": 3622001, "nombre_ai": "Sin Nombre", "nombre_dep": "Canelones", "nombre_loc": "Estación Atlántida", "fecha_desde": 2006, "footprints_all": 105, "footprints_min6": 105, "footprints_min10": 97, "oai_viviendas": null, "oai_personas": null, "est_dwellings": 94.0, "est_population": 320.0, "meets_definition": true }, "geometry": { "type": "Polygon", "coordinates": [ [ [ -55.766802738751068, -34.73349724537028 ], [ -55.766339745473708, -34.734070250377584 ], [ -55.766021113699949, -34.734488975676989 ], [ -55.765827141295837, -34.734729437528379 ], [ -55.765625255041208, -34.735015162205414 ], [ -55.765029556942203, -34.735783151411709 ], [ -55.76469026459916, -34.736218733719888 ], [ -55.764438668257554, -34.736546128594867 ], [ -55.764394595877917, -34.736651675568545 ], [ -55.765185967035954, -34.736764017092788 ], [ -55.765535625702526, -34.736325445648895 ], [ -55.766018091293844, -34.735675211608971 ], [ -55.766096255932489, -34.735592701835074 ], [ -55.76645964368565, -34.735122208162224 ], [ -55.766748203415624, -34.734745243812675 ], [ -55.767389240727546, -34.733937008715358 ], [ -55.767656347685566, -34.733573514694342 ], [ -55.76858579655206, -34.732404633014362 ], [ -55.768663529527537, -34.732314022470142 ], [ -55.76871252126179, -34.732231364749843 ], [ -55.769255708229814, -34.731544483818524 ], [ -55.769481244114672, -34.731275028593856 ], [ -55.768608939797168, -34.731150583416536 ], [ -55.768559504946751, -34.731144683261746 ], [ -55.768233171777602, -34.7315781285794 ], [ -55.766883824654037, -34.733337963272511 ], [ -55.766801879301461, -34.733494294388649 ], [ -55.766802738751068, -34.73349724537028 ] ] ] } },
{ "type": "Feature", "properties": { "codigo_ai": 3633004, "nombre_ai": "Sin Nombre", "nombre_dep": "Canelones", "nombre_loc": "San José De Carrasco", "fecha_desde": 2020, "footprints_all": 63, "footprints_min6": 63, "footprints_min10": 59, "oai_viviendas": null, "oai_personas": null, "est_dwellings": 57.0, "est_population": 194.0, "meets_definition": true }, "geometry": { "type": "Polygon", "coordinates": [ [ [ -55.999479822651352, -34.834656147795833 ], [ -55.997701984938629, -34.832818809782218 ], [ -55.997104192339549, -34.832350956437509 ], [ -55.996897964912826, -34.832542291852384 ], [ -55.997375980704795, -34.83293635138179 ], [ -55.997029545722299, -34.833193603944508 ], [ -55.997123675603873, -34.833278858625484 ], [ -55.997227788498428, -34.833202362842393 ], [ -55.998167995946027, -34.83420385020387 ], [ -55.998965189610118, -34.835003524285398 ], [ -55.999479822651352, -34.834656147795833 ] ] ] } },
{ "type": "Feature", "properties": { "codigo_ai": 3530001, "nombre_ai": "Sin Nombre", "nombre_dep": "Canelones", "nombre_loc": "Cno. Del Andaluz", "fecha_desde": 2000, "footprints_all": 73, "footprints_min6": 73, "footprints_min10": 68, "oai_viviendas": null, "oai_personas": null, "est_dwellings": 66.0, "est_population": 224.0, "meets_definition": true }, "geometry": { "type": "MultiPolygon", "coordinates": [ [ [ [ -56.057254317665802, -34.739892783497972 ], [ -56.05679106320062, -34.739688921203886 ], [ -56.055003964529568, -34.742162916961831 ], [ -56.05512431127503, -34.742223066134706 ], [ -56.055397485178979, -34.74240579457696 ], [ -56.056085727268666, -34.741467173936741 ], [ -56.056162746058448, -34.741377980153509 ], [ -56.056199702047557, -34.741306485394674 ], [ -56.056590681409048, -34.740778985311067 ], [ -56.056987877423289, -34.740230090457338 ], [ -56.057254317665802, -34.739892783497972 ] ] ], [ [ [ -56.055833236318804, -34.743711981859164 ], [ -56.054812944756378, -34.742378530990621 ], [ -56.054283978476612, -34.743169683427908 ], [ -56.05569682799166, -34.743894823973697 ], [ -56.056280383064845, -34.744212079526676 ], [ -56.055833236318804, -34.743711981859164 ] ] ] ] } },
{ "type": "Feature", "properties": { "codigo_ai": 3732006, "nombre_ai": "Sin Nombre", "nombre_dep": "Canelones", "nombre_loc": "Solymar", "fecha_desde": 1998, "footprints_all": 68, "footprints_min6": 68, "footprints_min10": 64, "oai_viviendas": null, "oai_personas": null, "est_dwellings": 61.0, "est_population": 207.0, "meets_definition": true }, "geometry": { "type": "Polygon", "coordinates": [ [ [ -55.973691131665156, -34.820102885893732 ], [ -55.973463132853382, -34.820428599630965 ], [ -55.973112364669674, -34.820877081074919 ], [ -55.973163582391912, -34.820908509996613 ], [ -55.973114870330988, -34.820982312205075 ], [ -55.974384313079653, -34.821670865920289 ], [ -55.975200441475863, -34.820887238659552 ], [ -55.973691131665156, -34.820102885893732 ] ] ] } },
{ "type": "Feature", "properties": { "codigo_ai": 3523006, "nombre_ai": "Sin Nombre", "nombre_dep": "Canelones", "nombre_loc": "Colonia Nicolich", "fecha_desde": 2012, "footprints_all": 367, "footprints_min6": 367, "footprints_min10": 330, "oai_viviendas": null, "oai_personas": null, "est_dwellings": 330.0, "est_population": 1122.0, "meets_definition": true }, "geometry": { "type": "Polygon", "coordinates": [ [ [ -56.048966516779089, -34.818447378715675 ], [ -56.047125408559744, -34.817998313644907 ], [ -56.046986439789528, -34.817460350169924 ], [ -56.046141611938957, -34.817612503226961 ], [ -56.04621546291375, -34.817867142080949 ], [ -56.046306398081327, -34.818081139590866 ], [ -56.046340573793437, -34.818244485769227 ], [ -56.046409931611215, -34.818503996470362 ], [ -56.046468724051969, -34.818627928974799 ], [ -56.046387828427711, -34.818592986024811 ], [ -56.046142948564459, -34.818522970681435 ], [ -56.044937711560891, -34.818134656816497 ], [ -56.044756922973967, -34.81810366718156 ], [ -56.044532247316113, -34.818121180098899 ], [ -56.04399022158816, -34.818217484689058 ], [ -56.043236581401295, -34.818362669244323 ], [ -56.04389116347528, -34.820545340405914 ], [ -56.043946314618353, -34.820713837645911 ], [ -56.043960391024655, -34.820756844304952 ], [ -56.044033962325429, -34.821015928539076 ], [ -56.045390899896859, -34.820731258608483 ], [ -56.045492741381615, -34.821092780866763 ], [ -56.04558897286406, -34.821371298346222 ], [ -56.045760172178369, -34.821931465695528 ], [ -56.046740406605373, -34.821714118819017 ], [ -56.046846816576078, -34.821727148390373 ], [ -56.047078658804125, -34.821755537527359 ], [ -56.047242177343129, -34.821719599413264 ], [ -56.047287100603008, -34.821671082118932 ], [ -56.047281709299483, -34.821635143954175 ], [ -56.047343194776047, -34.821619311382165 ], [ -56.048106452438887, -34.8214479339332 ], [ -56.048180648788531, -34.821403600308457 ], [ -56.048257120347451, -34.821230383451613 ], [ -56.048335953814068, -34.820901508136927 ], [ -56.048402699931003, -34.820643925243559 ], [ -56.048720778339366, -34.819416397149851 ], [ -56.048712577051639, -34.819342838634881 ], [ -56.048733691961061, -34.819286734134963 ], [ -56.048966516779089, -34.818447378715675 ] ] ] } },
{ "type": "Feature", "properties": { "codigo_ai": 3523007, "nombre_ai": "Sin Nombre", "nombre_dep": "Canelones", "nombre_loc": "Colonia Nicolich", "fecha_desde": 2018, "footprints_all": 32, "footprints_min6": 32, "footprints_min10": 28, "oai_viviendas": null, "oai_personas": null, "est_dwellings": 29.0, "est_population": 99.0, "meets_definition": true }, "geometry": { "type": "Polygon", "coordinates": [ [ [ -56.037898753241947, -34.809419182603179 ], [ -56.0375650620744, -34.809017876309589 ], [ -56.037278396566911, -34.809059270249151 ], [ -56.037236299975511, -34.808966659762525 ], [ -56.036945839649945, -34.809027698594171 ], [ -56.037000564122266, -34.809196082114148 ], [ -56.037002669196887, -34.80923607236678 ], [ -56.036755882927586, -34.809333419074555 ], [ -56.036585516111131, -34.809425758906819 ], [ -56.036187239640121, -34.809647310883811 ], [ -56.036243819074784, -34.809717780887901 ], [ -56.037001788010372, -34.810645578474329 ], [ -56.037940176657656, -34.810104744796341 ], [ -56.037532994745447, -34.809630577563979 ], [ -56.037898753241947, -34.809419182603179 ] ] ] } },
{ "type": "Feature", "properties": { "codigo_ai": 3914001, "nombre_ai": "Sin Nombre", "nombre_dep": "Canelones", "nombre_loc": "Paso Espinosa", "fecha_desde": 2002, "footprints_all": 29, "footprints_min6": 29, "footprints_min10": 28, "oai_viviendas": null, "oai_personas": null, "est_dwellings": 26.0, "est_population": 88.0, "meets_definition": true }, "geometry": { "type": "Polygon", "coordinates": [ [ [ -56.279714489552212, -34.495096982708539 ], [ -56.279691093766878, -34.495381944930614 ], [ -56.279674616067403, -34.495416181764988 ], [ -56.279660894377287, -34.495508254220354 ], [ -56.279599553168275, -34.495509121715344 ], [ -56.279580634174735, -34.495689657386272 ], [ -56.281170674876272, -34.495396272045433 ], [ -56.281173596875085, -34.495054784588667 ], [ -56.279739989955431, -34.495052114606381 ], [ -56.279714489552212, -34.495096982708539 ] ] ] } },
{ "type": "Feature", "properties": { "codigo_ai": 3525006, "nombre_ai": "Sin Nombre", "nombre_dep": "Canelones", "nombre_loc": "Paso Carrasco", "fecha_desde": 2000, "footprints_all": 32, "footprints_min6": 32, "footprints_min10": 32, "oai_viviendas": null, "oai_personas": null, "est_dwellings": 29.0, "est_population": 99.0, "meets_definition": true }, "geometry": { "type": "Polygon", "coordinates": [ [ [ -56.055157021905451, -34.86657418641424 ], [ -56.055075636755717, -34.866467953405916 ], [ -56.054948924083362, -34.866361854980326 ], [ -56.05483619147757, -34.8662750627389 ], [ -56.054643665016421, -34.86616162275628 ], [ -56.054589989602043, -34.866134347662168 ], [ -56.054731613185773, -34.866038542566379 ], [ -56.054377067442005, -34.865740154681241 ], [ -56.054300743539372, -34.865796315420958 ], [ -56.053854870622914, -34.866129462886263 ], [ -56.054178385257188, -34.866319737099019 ], [ -56.054197100932939, -34.866465453831125 ], [ -56.054572517396743, -34.86682746042451 ], [ -56.054880472692261, -34.866707922000842 ], [ -56.055090242430985, -34.866602784052724 ], [ -56.055157021905451, -34.86657418641424 ] ] ] } },
{ "type": "Feature", "properties": { "codigo_ai": 3320004, "nombre_ai": "Sin Nombre", "nombre_dep": "Canelones", "nombre_loc": "Canelones", "fecha_desde": 2013, "footprints_all": 36, "footprints_min6": 36, "footprints_min10": 30, "oai_viviendas": null, "oai_personas": null, "est_dwellings": 32.0, "est_population": 109.0, "meets_definition": true }, "geometry": { "type": "Polygon", "coordinates": [ [ [ -56.277299675844759, -34.513215313967443 ], [ -56.277034163125826, -34.513118929512693 ], [ -56.277029743833118, -34.513198583761145 ], [ -56.276972447750751, -34.513417887436916 ], [ -56.276664577609871, -34.514289810385115 ], [ -56.276615424117736, -34.514410202301185 ], [ -56.277778119474462, -34.514332930617677 ], [ -56.27721909596233, -34.51347903927936 ], [ -56.277299675844759, -34.513215313967443 ] ] ] } },
{ "type": "Feature", "properties": { "codigo_ai": 3521020, "nombre_ai": "Sin Nombre", "nombre_dep": "Canelones", "nombre_loc": "Barros Blancos", "fecha_desde": 2015, "footprints_all": 167, "footprints_min6": 167, "footprints_min10": 150, "oai_viviendas": null, "oai_personas": null, "est_dwellings": 150.0, "est_population": 510.0, "meets_definition": true }, "geometry": { "type": "Polygon", "coordinates": [ [ [ -56.003797929691238, -34.772401871683698 ], [ -56.003095233563627, -34.770060692622842 ], [ -56.001825924599878, -34.770329617283672 ], [ -56.001004260608418, -34.770491131320561 ], [ -56.00055591983935, -34.770578450401686 ], [ -56.001716333230682, -34.774394261940557 ], [ -56.002176478667494, -34.774300760434791 ], [ -56.002900889580673, -34.774145214347811 ], [ -56.003689623633925, -34.77398671871633 ], [ -56.003379564551231, -34.772937434780864 ], [ -56.003356653904142, -34.77287609189878 ], [ -56.003427497061026, -34.772767283015014 ], [ -56.003527285220002, -34.772657908478593 ], [ -56.003721177262811, -34.772453330204293 ], [ -56.003797929691238, -34.772401871683698 ] ] ] } },
{ "type": "Feature", "properties": { "codigo_ai": 3322010, "nombre_ai": "Sin Nombre", "nombre_dep": "Canelones", "nombre_loc": "Pando", "fecha_desde": 2013, "footprints_all": 42, "footprints_min6": 42, "footprints_min10": 40, "oai_viviendas": null, "oai_personas": null, "est_dwellings": 38.0, "est_population": 129.0, "meets_definition": true }, "geometry": { "type": "Polygon", "coordinates": [ [ [ -55.993755684297057, -34.714462915091346 ], [ -55.99384157807787, -34.713816193310635 ], [ -55.992811932976714, -34.713706336419072 ], [ -55.992365280186341, -34.713647454912405 ], [ -55.992313420547937, -34.714045956341288 ], [ -55.99290012017223, -34.714135818988815 ], [ -55.992812912131413, -34.714668646045254 ], [ -55.993389238192485, -34.714767595786732 ], [ -55.993697201170704, -34.715363142188998 ], [ -55.994618826845311, -34.71546504247857 ], [ -55.994738840982485, -34.714559268335016 ], [ -55.993755684297057, -34.714462915091346 ] ] ] } },
{ "type": "Feature", "properties": { "codigo_ai": 3221022, "nombre_ai": "Sin Nombre", "nombre_dep": "Canelones", "nombre_loc": "Las Piedras", "fecha_desde": 2011, "footprints_all": 57, "footprints_min6": 57, "footprints_min10": 51, "oai_viviendas": null, "oai_personas": null, "est_dwellings": 51.0, "est_population": 173.0, "meets_definition": true }, "geometry": { "type": "Polygon", "coordinates": [ [ [ -56.210245143072541, -34.69815725336197 ], [ -56.210419546595688, -34.698064760241401 ], [ -56.210404879438926, -34.698038490759579 ], [ -56.210415535248295, -34.698010385257447 ], [ -56.210407628689339, -34.697991709104016 ], [ -56.210374672436664, -34.697975528118114 ], [ -56.21027342424054, -34.69784106545363 ], [ -56.210220134507395, -34.697716553335262 ], [ -56.210183893558693, -34.69756139450741 ], [ -56.210141947134289, -34.697451132419097 ], [ -56.210135189985422, -34.697407908807868 ], [ -56.210092398268038, -34.697340081593666 ], [ -56.210047782135902, -34.697313964207773 ], [ -56.210007482594911, -34.697242981633536 ], [ -56.209924794177482, -34.697047002879891 ], [ -56.209832186222307, -34.696763000393922 ], [ -56.209629404581229, -34.696482799322666 ], [ -56.209542287217019, -34.696205295118247 ], [ -56.209408560373944, -34.696085485637809 ], [ -56.209121968403089, -34.695709762208416 ], [ -56.208394817431703, -34.696319940288248 ], [ -56.208295170649514, -34.696449952376305 ], [ -56.208209398238381, -34.696544330455261 ], [ -56.2081336550388, -34.696605359876742 ], [ -56.208069302892255, -34.696683328868339 ], [ -56.207916524660973, -34.696818984819856 ], [ -56.207609950028321, -34.697045874292272 ], [ -56.207435838084862, -34.697155211948406 ], [ -56.207562817166206, -34.697292793023848 ], [ -56.207790513769957, -34.697156659718289 ], [ -56.208037691817779, -34.696989274094648 ], [ -56.208080564738609, -34.696951080986764 ], [ -56.208532147699088, -34.696631782146156 ], [ -56.208578923464408, -34.696613084077981 ], [ -56.208605176948872, -34.696609455467197 ], [ -56.208652496416342, -34.696609566177415 ], [ -56.208676073813159, -34.696612937659452 ], [ -56.208720182836757, -34.696635696807952 ], [ -56.208758579261868, -34.69666972059084 ], [ -56.209457395611736, -34.697379525062409 ], [ -56.210245143072541, -34.69815725336197 ] ] ] } },
{ "type": "Feature", "properties": { "codigo_ai": 3631002, "nombre_ai": "Sin Nombre", "nombre_dep": "Canelones", "nombre_loc": "Toledo", "fecha_desde": 2002, "footprints_all": 37, "footprints_min6": 37, "footprints_min10": 37, "oai_viviendas": null, "oai_personas": null, "est_dwellings": 33.0, "est_population": 112.0, "meets_definition": true }, "geometry": { "type": "Polygon", "coordinates": [ [ [ -56.082597008981068, -34.731706715405785 ], [ -56.082033023309677, -34.731389319725615 ], [ -56.081089911673473, -34.73245376846868 ], [ -56.08166964151745, -34.732810477845476 ], [ -56.082597008981068, -34.731706715405785 ] ] ] } },
{ "type": "Feature", "properties": { "codigo_ai": 3524001, "nombre_ai": "Sin Nombre", "nombre_dep": "Canelones", "nombre_loc": "Joaquín Suárez", "fecha_desde": 2012, "footprints_all": 24, "footprints_min6": 24, "footprints_min10": 21, "oai_viviendas": null, "oai_personas": null, "est_dwellings": 22.0, "est_population": 75.0, "meets_definition": true }, "geometry": { "type": "Polygon", "coordinates": [ [ [ -56.042773502496438, -34.744741897501505 ], [ -56.044169240256977, -34.743329669040172 ], [ -56.043650355634298, -34.742993075962055 ], [ -56.043619341585398, -34.74304553268194 ], [ -56.04277149514072, -34.743799141119226 ], [ -56.042213579001299, -34.744309136390484 ], [ -56.042773502496438, -34.744741897501505 ] ] ] } },
{ "type": "Feature", "properties": { "codigo_ai": 3521026, "nombre_ai": "Sin Nombre", "nombre_dep": "Canelones", "nombre_loc": "Barros Blancos", "fecha_desde": 2001, "footprints_all": 44, "footprints_min6": 44, "footprints_min10": 43, "oai_viviendas": null, "oai_personas": null, "est_dwellings": 40.0, "est_population": 136.0, "meets_definition": true }, "geometry": { "type": "Polygon", "coordinates": [ [ [ -56.002268464749804, -34.764127053828418 ], [ -56.002056760926294, -34.763454438088409 ], [ -56.001733292002342, -34.763531356872051 ], [ -56.001509268678987, -34.762835144553875 ], [ -56.00097577378709, -34.762944839873626 ], [ -56.000869848186881, -34.762981746883575 ], [ -56.000816298922402, -34.763010555077344 ], [ -56.000787293277192, -34.763066377649309 ], [ -56.00073904216066, -34.763642927143273 ], [ -56.00072712893693, -34.763830858292543 ], [ -56.000747749875664, -34.763932237811609 ], [ -56.001270547205024, -34.764007720942438 ], [ -56.001739723156582, -34.764086284353439 ], [ -56.001969668463857, -34.764118909522253 ], [ -56.002133831285953, -34.764126359831579 ], [ -56.002268464749804, -34.764127053828418 ] ] ] } },
{ "type": "Feature", "properties": { "codigo_ai": 3321003, "nombre_ai": "Somos Uruguayos", "nombre_dep": "Canelones", "nombre_loc": "La Paz", "fecha_desde": 2004, "footprints_all": 40, "footprints_min6": 40, "footprints_min10": 40, "oai_viviendas": null, "oai_personas": null, "est_dwellings": 36.0, "est_population": 122.0, "meets_definition": true }, "geometry": { "type": "Polygon", "coordinates": [ [ [ -56.236653943222358, -34.754780991120889 ], [ -56.234705921698705, -34.754790783770751 ], [ -56.234698451448359, -34.755020425728198 ], [ -56.234450357299274, -34.755018866246516 ], [ -56.234425421897207, -34.756035868685942 ], [ -56.234489664669937, -34.75705941744755 ], [ -56.234726423719131, -34.757120050655764 ], [ -56.23488522512028, -34.756811109240317 ], [ -56.235162406082125, -34.756181677385946 ], [ -56.235194166212239, -34.755856855670281 ], [ -56.234987724215081, -34.755845305948377 ], [ -56.234986280953038, -34.755744251051979 ], [ -56.234830366629545, -34.755747138129827 ], [ -56.234839028227249, -34.755062847460124 ], [ -56.236689066860784, -34.755097494614049 ], [ -56.236735264154653, -34.754802989632694 ], [ -56.236653943222358, -34.754780991120889 ] ] ] } },
{ "type": "Feature", "properties": { "codigo_ai": 3957001, "nombre_ai": "Tacuabé", "nombre_dep": "Canelones", "nombre_loc": "Marindia", "fecha_desde": 2000, "footprints_all": 1338, "footprints_min6": 1338, "footprints_min10": 1277, "oai_viviendas": null, "oai_personas": null, "est_dwellings": 1204.0, "est_population": 4094.0, "meets_definition": true }, "geometry": { "type": "Polygon", "coordinates": [ [ [ -55.833079290332108, -34.766150294343525 ], [ -55.833243472852608, -34.765492480377773 ], [ -55.833268320658384, -34.765392923217632 ], [ -55.833316637053478, -34.765324109434459 ], [ -55.833374611506805, -34.765100691176876 ], [ -55.820754079315044, -34.763011244941815 ], [ -55.820535106862472, -34.762981929940864 ], [ -55.820436730703541, -34.762998188728155 ], [ -55.820354087777524, -34.763033400575118 ], [ -55.81998478525599, -34.763106151637935 ], [ -55.81985489809788, -34.763148500343739 ], [ -55.81904439320698, -34.763033772890751 ], [ -55.817140367146543, -34.76270711622503 ], [ -55.816450871228895, -34.762581872738821 ], [ -55.816367583320599, -34.762599952094732 ], [ -55.81586693791462, -34.762504333730853 ], [ -55.815662091303786, -34.763741843617169 ], [ -55.815555363215374, -34.764389045550658 ], [ -55.816162073172457, -34.765454575465789 ], [ -55.816505784401947, -34.766063017719382 ], [ -55.816514363454516, -34.766066589838999 ], [ -55.816912489298403, -34.76610581465998 ], [ -55.817340548110337, -34.766137570645796 ], [ -55.817638312469683, -34.76664062586012 ], [ -55.817713808171902, -34.766607197730643 ], [ -55.818241567474651, -34.76634520437679 ], [ -55.818519485758976, -34.766239554914932 ], [ -55.818571138395605, -34.766219919165486 ], [ -55.818750843162832, -34.766205123765005 ], [ -55.818809089208962, -34.766213083840682 ], [ -55.819287281669915, -34.766314914384452 ], [ -55.819941774107832, -34.766464305915875 ], [ -55.820046252429961, -34.766405541437258 ], [ -55.820228398909869, -34.766330897487535 ], [ -55.820569313705867, -34.766272563342937 ], [ -55.821028662369486, -34.766246050555992 ], [ -55.821060580531473, -34.766225486833264 ], [ -55.821181193085124, -34.766250900898335 ], [ -55.821843893382749, -34.766487195637083 ], [ -55.822421824325815, -34.766668763448614 ], [ -55.82266448166942, -34.766734234706853 ], [ -55.822847204860722, -34.766784780646013 ], [ -55.823038739334216, -34.766819196016272 ], [ -55.823208861160737, -34.766827997476341 ], [ -55.823494539141691, -34.766766579265202 ], [ -55.823780270846981, -34.766691178953813 ], [ -55.82421084236762, -34.766507976008249 ], [ -55.824701967143319, -34.766313264152906 ], [ -55.824826852041433, -34.766192851320945 ], [ -55.825262545460745, -34.766262516963792 ], [ -55.825299170122328, -34.766356611447812 ], [ -55.82551505851179, -34.767137195573383 ], [ -55.825605018657157, -34.767497872641322 ], [ -55.826368105463551, -34.767628553285114 ], [ -55.827812406201261, -34.767929870276262 ], [ -55.828625767502729, -34.768006358202889 ], [ -55.828910174927991, -34.768080692186224 ], [ -55.829551058365787, -34.768197079078952 ], [ -55.829718071305116, -34.768014182633806 ], [ -55.829775454717321, -34.767940757767811 ], [ -55.829876512969939, -34.768000157405169 ], [ -55.830717534175371, -34.768525633500985 ], [ -55.83078911439862, -34.76857309822806 ], [ -55.830870591790323, -34.768660754405886 ], [ -55.830995862384754, -34.768815367518755 ], [ -55.831092917653187, -34.768935761020572 ], [ -55.83131029875257, -34.769289397769356 ], [ -55.831461102586232, -34.769591156181264 ], [ -55.831546842642283, -34.769794138545016 ], [ -55.831563629514491, -34.769838931719775 ], [ -55.831621900494298, -34.769998824452742 ], [ -55.831685459886316, -34.770330652293438 ], [ -55.831700477588164, -34.770474234484269 ], [ -55.831746763570138, -34.770610197007485 ], [ -55.831794067392153, -34.770610289370211 ], [ -55.831806607449124, -34.770569760521944 ], [ -55.831890996969172, -34.770313180162454 ], [ -55.832011104374608, -34.769801141072932 ], [ -55.832171248088301, -34.769312281172915 ], [ -55.83232262072233, -34.768830169151116 ], [ -55.832704147104671, -34.767514489909466 ], [ -55.833079290332108, -34.766150294343525 ] ] ] } },
{ "type": "Feature", "properties": { "codigo_ai": 3521025, "nombre_ai": "Tajamar Nuevo", "nombre_dep": "Canelones", "nombre_loc": "Barros Blancos", "fecha_desde": 2016, "footprints_all": 155, "footprints_min6": 155, "footprints_min10": 138, "oai_viviendas": null, "oai_personas": null, "est_dwellings": 140.0, "est_population": 476.0, "meets_definition": true }, "geometry": { "type": "Polygon", "coordinates": [ [ [ -55.983960680229437, -34.750267890279275 ], [ -55.982905764171036, -34.750485450651645 ], [ -55.983346208121546, -34.751921834945534 ], [ -55.984446254497563, -34.751696272979352 ], [ -55.984362970751611, -34.751387427108646 ], [ -55.985035487843284, -34.751257197685575 ], [ -55.984994197058136, -34.751083912298988 ], [ -55.984946046145055, -34.750944679496804 ], [ -55.987405327528769, -34.750452515864701 ], [ -55.987187126838975, -34.749601810232292 ], [ -55.986754662627654, -34.749660129954272 ], [ -55.985746106474437, -34.749874533592092 ], [ -55.984606328052777, -34.750108073151807 ], [ -55.983960680229437, -34.750267890279275 ] ] ] } },
{ "type": "Feature", "properties": { "codigo_ai": 3221014, "nombre_ai": "Talca", "nombre_dep": "Canelones", "nombre_loc": "Las Piedras", "fecha_desde": 2002, "footprints_all": 45, "footprints_min6": 45, "footprints_min10": 43, "oai_viviendas": null, "oai_personas": null, "est_dwellings": 40.0, "est_population": 136.0, "meets_definition": true }, "geometry": { "type": "Polygon", "coordinates": [ [ [ -56.221376188940113, -34.712800372391889 ], [ -56.221378039862586, -34.71285118201375 ], [ -56.221354688234051, -34.712892966295655 ], [ -56.221318644858201, -34.712929285064611 ], [ -56.221185602345244, -34.713033070994101 ], [ -56.221086921162232, -34.713120824085301 ], [ -56.221042877826036, -34.713169898380912 ], [ -56.221011569236801, -34.713243954306009 ], [ -56.220957240602679, -34.71337947558964 ], [ -56.22094685375837, -34.713474780817755 ], [ -56.220949803722696, -34.713563245828638 ], [ -56.221330036547741, -34.713552072653037 ], [ -56.221334849865812, -34.713951507901115 ], [ -56.221640090731412, -34.713952286084485 ], [ -56.221630673818389, -34.713219533750205 ], [ -56.221892499329272, -34.713216207751053 ], [ -56.222014489065749, -34.713277511831137 ], [ -56.222138485267884, -34.713305437428978 ], [ -56.22214060441523, -34.712961078852686 ], [ -56.222241762300158, -34.712671740218191 ], [ -56.221671018523075, -34.712473025504508 ], [ -56.221570622111493, -34.712217284146405 ], [ -56.221441447928612, -34.712205823443853 ], [ -56.221408517679222, -34.712273316053803 ], [ -56.221362815539592, -34.712453309636501 ], [ -56.221356152106374, -34.712606514401877 ], [ -56.221366930240869, -34.71276150338997 ], [ -56.221376188940113, -34.712800372391889 ] ] ] } },
{ "type": "Feature", "properties": { "codigo_ai": 3989001, "nombre_ai": "Tato", "nombre_dep": "Canelones", "nombre_loc": "Villa El Tato", "fecha_desde": 2002, "footprints_all": 165, "footprints_min6": 165, "footprints_min10": 148, "oai_viviendas": null, "oai_personas": null, "est_dwellings": 148.0, "est_population": 503.0, "meets_definition": true }, "geometry": { "type": "MultiPolygon", "coordinates": [ [ [ [ -55.979511364562384, -34.774823061699124 ], [ -55.979747452888233, -34.774794201530518 ], [ -55.979844081165993, -34.774775135468531 ], [ -55.979689236328241, -34.774718362564677 ], [ -55.979493014851407, -34.77462683269372 ], [ -55.979364788555969, -34.774514579225048 ], [ -55.979349526841233, -34.774400849862751 ], [ -55.979424067081361, -34.774250137014768 ], [ -55.979446249651474, -34.774206334922646 ], [ -55.979453200359863, -34.774067492920523 ], [ -55.979403707872947, -34.773981231749005 ], [ -55.979311606891535, -34.773929568771486 ], [ -55.979151473629599, -34.773849643187596 ], [ -55.979121907235644, -34.77380105364179 ], [ -55.978757245121287, -34.773875557073602 ], [ -55.978592335412529, -34.773475711041932 ], [ -55.97852813172625, -34.77345143345535 ], [ -55.976135935645395, -34.773899141434306 ], [ -55.976178214283117, -34.774098555060242 ], [ -55.976221747643841, -34.774343445195022 ], [ -55.976251621406625, -34.77443223249189 ], [ -55.976451840612, -34.775019672531776 ], [ -55.976456793291533, -34.775098607162178 ], [ -55.976825121061943, -34.776299828005619 ], [ -55.976959535289183, -34.776261229438525 ], [ -55.977802718542804, -34.775735318214586 ], [ -55.978028953795949, -34.775598862162404 ], [ -55.978465373596293, -34.77535017603563 ], [ -55.978683042647909, -34.775229647100147 ], [ -55.979358435480229, -34.77489399892805 ], [ -55.979511364562384, -34.774823061699124 ] ] ], [ [ [ -55.973999877560345, -34.771519265358762 ], [ -55.973449773996698, -34.771639041866834 ], [ -55.973474171810246, -34.771715428207415 ], [ -55.973582814287013, -34.772099384392099 ], [ -55.97365572373176, -34.772229404143943 ], [ -55.973768482399272, -34.772599649824031 ], [ -55.973881405907569, -34.772970428795361 ], [ -55.973910555175912, -34.773117676722357 ], [ -55.97395809340874, -34.77327946848834 ], [ -55.974106653319495, -34.77324751443782 ], [ -55.974522473293028, -34.773156636891379 ], [ -55.973999877560345, -34.771519265358762 ] ] ] ] } },
{ "type": "Feature", "properties": { "codigo_ai": 3530005, "nombre_ai": "Vaimaca Piru", "nombre_dep": "Canelones", "nombre_loc": "Cno. Del Andaluz", "fecha_desde": 2004, "footprints_all": 167, "footprints_min6": 167, "footprints_min10": 161, "oai_viviendas": null, "oai_personas": null, "est_dwellings": 150.0, "est_population": 510.0, "meets_definition": true }, "geometry": { "type": "Polygon", "coordinates": [ [ [ -56.071336496172009, -34.763342268050515 ], [ -56.071459776263836, -34.763264472181007 ], [ -56.071512262164369, -34.763249443718692 ], [ -56.071543947482105, -34.763202822043787 ], [ -56.071535581185586, -34.763140042395072 ], [ -56.071472391136446, -34.763090307598233 ], [ -56.071442074562952, -34.763060562519989 ], [ -56.071333746791495, -34.762881002896165 ], [ -56.071259520808965, -34.762805239920432 ], [ -56.071135888482189, -34.762665105472124 ], [ -56.071059657341955, -34.762548614525087 ], [ -56.071006345391417, -34.762477457428062 ], [ -56.070920456273157, -34.762370640486118 ], [ -56.070848682422927, -34.762269873653842 ], [ -56.070811385613737, -34.762232202980478 ], [ -56.070793887377434, -34.762149731772801 ], [ -56.070861692597887, -34.762074178636688 ], [ -56.070911216222243, -34.762051977941361 ], [ -56.070718934889335, -34.761766147546105 ], [ -56.070536608072381, -34.762004664943298 ], [ -56.070456997717407, -34.762117136887696 ], [ -56.070039448827664, -34.761922024348436 ], [ -56.069638571650977, -34.761685415374743 ], [ -56.069409361672356, -34.761562564862373 ], [ -56.068664239130783, -34.761180597698612 ], [ -56.068487044682051, -34.761092743901024 ], [ -56.067814903522013, -34.760745928677757 ], [ -56.067643612975978, -34.760908553031342 ], [ -56.067491796158038, -34.761105083726896 ], [ -56.067444157423182, -34.761150179959387 ], [ -56.067313708950678, -34.761229824948103 ], [ -56.067261787442497, -34.761243004665751 ], [ -56.067046352495552, -34.761268983329735 ], [ -56.066909472440265, -34.761256928708349 ], [ -56.066817723009329, -34.761225299556344 ], [ -56.066616439137405, -34.762082605616243 ], [ -56.067172360594228, -34.762346871224686 ], [ -56.067574086972726, -34.761649180313718 ], [ -56.069409855641787, -34.762569795064181 ], [ -56.069140670815628, -34.763181590577553 ], [ -56.070327612475168, -34.763209300213774 ], [ -56.070548424507841, -34.76295791974735 ], [ -56.071336496172009, -34.763342268050515 ] ] ] } },
{ "type": "Feature", "properties": { "codigo_ai": 3421003, "nombre_ai": "Villa Alegría", "nombre_dep": "Canelones", "nombre_loc": "Progreso", "fecha_desde": 2002, "footprints_all": 64, "footprints_min6": 64, "footprints_min10": 63, "oai_viviendas": null, "oai_personas": null, "est_dwellings": 58.0, "est_population": 197.0, "meets_definition": true }, "geometry": { "type": "Polygon", "coordinates": [ [ [ -56.224054484952489, -34.678593337661162 ], [ -56.223406503307757, -34.677791710207032 ], [ -56.222810004808295, -34.678161690707661 ], [ -56.223033585757371, -34.67839780967919 ], [ -56.222626757821956, -34.678669857420466 ], [ -56.222562080626609, -34.67871701288005 ], [ -56.222554298270431, -34.678748828819224 ], [ -56.222144655380717, -34.679025867149399 ], [ -56.222034503785267, -34.679110297725636 ], [ -56.222471311933361, -34.679527021728482 ], [ -56.222834734594585, -34.679877893109889 ], [ -56.222886584898838, -34.679921668798833 ], [ -56.222986586561746, -34.679833432251918 ], [ -56.222912048156111, -34.679733369145787 ], [ -56.222895816121905, -34.679692469934935 ], [ -56.22288891345697, -34.67966716756591 ], [ -56.222889171115646, -34.679624398624732 ], [ -56.222910790098105, -34.679552548774382 ], [ -56.222953643208747, -34.67947106820364 ], [ -56.223008288557317, -34.679385749138874 ], [ -56.223072303079363, -34.679308244923476 ], [ -56.223121749165195, -34.679266731839469 ], [ -56.224054484952489, -34.678593337661162 ] ] ] } },
{ "type": "Feature", "properties": { "codigo_ai": 3521024, "nombre_ai": "Villa Altamira", "nombre_dep": "Canelones", "nombre_loc": "Barros Blancos", "fecha_desde": 1998, "footprints_all": 296, "footprints_min6": 296, "footprints_min10": 275, "oai_viviendas": null, "oai_personas": null, "est_dwellings": 266.0, "est_population": 904.0, "meets_definition": true }, "geometry": { "type": "Polygon", "coordinates": [ [ [ -56.00799182530411, -34.77722433503952 ], [ -56.00715784778037, -34.777391858239703 ], [ -56.006530012714521, -34.777526830410004 ], [ -56.006360862450904, -34.777567958233568 ], [ -56.005717930604256, -34.777692234687251 ], [ -56.005544489456391, -34.777738881874917 ], [ -56.004896106645553, -34.77786766135862 ], [ -56.004726574294843, -34.777903990178856 ], [ -56.00426401274192, -34.777941272970246 ], [ -56.003913718805727, -34.777564045183048 ], [ -56.003465324956785, -34.776154116712178 ], [ -56.00229332966326, -34.776389292020589 ], [ -56.002835614638855, -34.778212752110605 ], [ -56.002834459734771, -34.778308732604849 ], [ -56.001412155860145, -34.778556247136187 ], [ -56.001453914930735, -34.778776530374408 ], [ -56.001490183369654, -34.778903408064302 ], [ -56.001658550620149, -34.779449041865185 ], [ -56.00175607713107, -34.779836209901369 ], [ -56.002825232991611, -34.779616457001055 ], [ -56.00367775674804, -34.779435055872369 ], [ -56.00831043438896, -34.778505277930343 ], [ -56.008062561708797, -34.777469582281846 ], [ -56.00799182530411, -34.77722433503952 ] ] ] } },
{ "type": "Feature", "properties": { "codigo_ai": 3521008, "nombre_ai": "Villa El Carmen", "nombre_dep": "Canelones", "nombre_loc": "Barros Blancos", "fecha_desde": 2011, "footprints_all": 43, "footprints_min6": 43, "footprints_min10": 36, "oai_viviendas": null, "oai_personas": null, "est_dwellings": 39.0, "est_population": 133.0, "meets_definition": true }, "geometry": { "type": "Polygon", "coordinates": [ [ [ -55.990929698951845, -34.758467661877532 ], [ -55.990902973189442, -34.758359231799716 ], [ -55.990854866049212, -34.758195058957703 ], [ -55.990733455326819, -34.757858314839424 ], [ -55.99043107169188, -34.75792092919788 ], [ -55.990343176497063, -34.757732793685541 ], [ -55.990329047367851, -34.757699736299017 ], [ -55.990298141317197, -34.757653672090584 ], [ -55.990286696530987, -34.757611926239875 ], [ -55.990279493384335, -34.757561910622222 ], [ -55.990273614579245, -34.757515296493956 ], [ -55.990252957630247, -34.75747009275468 ], [ -55.990230744778877, -34.757432432612511 ], [ -55.990216655470164, -34.757416751894667 ], [ -55.990189838757722, -34.757394680558704 ], [ -55.990152746439492, -34.757369449092437 ], [ -55.990116919734113, -34.75735603176792 ], [ -55.9896980227239, -34.756548752075616 ], [ -55.989532387259423, -34.756582894098436 ], [ -55.988454390891192, -34.756803618653315 ], [ -55.988655285391296, -34.757546987060898 ], [ -55.989265218331035, -34.757455247260829 ], [ -55.989495348150776, -34.757821326699329 ], [ -55.989813854369629, -34.758727478449707 ], [ -55.990929698951845, -34.758467661877532 ] ] ] } },
{ "type": "Feature", "properties": { "codigo_ai": 3522015, "nombre_ai": "Villa Esperanza", "nombre_dep": "Canelones", "nombre_loc": "Cno. Maldonado", "fecha_desde": 2010, "footprints_all": 156, "footprints_min6": 156, "footprints_min10": 150, "oai_viviendas": null, "oai_personas": null, "est_dwellings": 140.0, "est_population": 476.0, "meets_definition": true }, "geometry": { "type": "Polygon", "coordinates": [ [ [ -55.976329714811293, -34.742292602154635 ], [ -55.974411306196167, -34.740902734105546 ], [ -55.973403162539967, -34.74183648995367 ], [ -55.974435774989892, -34.74260385369859 ], [ -55.974076712904413, -34.742981619734508 ], [ -55.974974104645099, -34.743600251590387 ], [ -55.976329714811293, -34.742292602154635 ] ] ] } },
{ "type": "Feature", "properties": { "codigo_ai": 3221015, "nombre_ai": "Villa Foresti", "nombre_dep": "Canelones", "nombre_loc": "Las Piedras", "fecha_desde": 2010, "footprints_all": 12, "footprints_min6": 12, "footprints_min10": 12, "oai_viviendas": null, "oai_personas": null, "est_dwellings": 11.0, "est_population": 37.0, "meets_definition": true }, "geometry": { "type": "Polygon", "coordinates": [ [ [ -56.229156560080035, -34.703364245039253 ], [ -56.229789204408434, -34.703358869979198 ], [ -56.229772913111326, -34.7028118454378 ], [ -56.229148155797027, -34.70284142756848 ], [ -56.229156560080035, -34.703364245039253 ] ] ] } },
{ "type": "Feature", "properties": { "codigo_ai": 3221006, "nombre_ai": "Villa Ilusion", "nombre_dep": "Canelones", "nombre_loc": "Las Piedras", "fecha_desde": 1985, "footprints_all": 118, "footprints_min6": 118, "footprints_min10": 117, "oai_viviendas": null, "oai_personas": null, "est_dwellings": 106.0, "est_population": 360.0, "meets_definition": true }, "geometry": { "type": "Polygon", "coordinates": [ [ [ -56.236473203564181, -34.729567507456899 ], [ -56.236981910552451, -34.729614662884934 ], [ -56.237713090939152, -34.729665755195299 ], [ -56.237749875068992, -34.729667753728961 ], [ -56.237738729211557, -34.729596186445455 ], [ -56.237712770762755, -34.729579283799801 ], [ -56.23765266517411, -34.729567614050374 ], [ -56.237607846130274, -34.729554351861417 ], [ -56.237551503142818, -34.72955781453512 ], [ -56.237422609146222, -34.729525976446475 ], [ -56.237377205809516, -34.729500822664548 ], [ -56.23727521394715, -34.729459259679352 ], [ -56.237135070077542, -34.729433476474107 ], [ -56.23704677384292, -34.729393257019609 ], [ -56.236992167299043, -34.729350402592942 ], [ -56.236922452769491, -34.729271660094987 ], [ -56.236882091425933, -34.729227030927035 ], [ -56.236805778903857, -34.729185709582048 ], [ -56.236659885862288, -34.729143907988821 ], [ -56.236617326023875, -34.729111752474758 ], [ -56.236573601038458, -34.729055812138959 ], [ -56.236498747224019, -34.728951512081366 ], [ -56.23632544789811, -34.728815920693123 ], [ -56.236228582252764, -34.728708811466078 ], [ -56.236182291437764, -34.728667423673166 ], [ -56.236108118382731, -34.728620048293493 ], [ -56.235965758230336, -34.728559220234736 ], [ -56.235872042207973, -34.728535551037105 ], [ -56.235754809584414, -34.72852774129953 ], [ -56.23566989999189, -34.728514913102856 ], [ -56.235524614034084, -34.728439278273953 ], [ -56.23536787461051, -34.728375915517177 ], [ -56.235257034481251, -34.728315643385137 ], [ -56.235130299075337, -34.728272575143507 ], [ -56.235044451978986, -34.728261011200345 ], [ -56.234960523408219, -34.728266933475602 ], [ -56.234791424583207, -34.728288827337686 ], [ -56.23467343566093, -34.728262040666905 ], [ -56.234564903469185, -34.728251952509076 ], [ -56.234498521582253, -34.728236915193193 ], [ -56.234438234681896, -34.728238431809181 ], [ -56.234390785419428, -34.728227922106072 ], [ -56.234316273323387, -34.728229073315724 ], [ -56.234272455448391, -34.728238495362589 ], [ -56.234026871006527, -34.728218056841584 ], [ -56.233897232065431, -34.728182336410299 ], [ -56.233758909910605, -34.728186980631087 ], [ -56.233631675655779, -34.72816398529524 ], [ -56.233635506550257, -34.728107729902725 ], [ -56.231525189737368, -34.727871407177417 ], [ -56.231527777202103, -34.728840632457327 ], [ -56.23261969858715, -34.728816296510871 ], [ -56.233713453613298, -34.728797134777068 ], [ -56.234356760748419, -34.728798284443791 ], [ -56.234739895015615, -34.728789392126799 ], [ -56.235106484502303, -34.728789681900011 ], [ -56.235366055665608, -34.72879319893503 ], [ -56.235548939902877, -34.728803291319068 ], [ -56.235677719813857, -34.728816590561436 ], [ -56.235796555698485, -34.728836683334031 ], [ -56.235932125285998, -34.728885806584913 ], [ -56.236054251722472, -34.728945488803539 ], [ -56.236145004264422, -34.729000223712937 ], [ -56.236229384581328, -34.729067206830344 ], [ -56.236293248002141, -34.729136826943751 ], [ -56.236371034265488, -34.729244705640326 ], [ -56.23641436830237, -34.72933151160727 ], [ -56.236453359303454, -34.729430467648044 ], [ -56.236470424423182, -34.729509595497099 ], [ -56.236473203564181, -34.729567507456899 ] ] ] } },
{ "type": "Feature", "properties": { "codigo_ai": 3221007, "nombre_ai": "Villa Juanita", "nombre_dep": "Canelones", "nombre_loc": "Las Piedras", "fecha_desde": 1985, "footprints_all": 114, "footprints_min6": 114, "footprints_min10": 109, "oai_viviendas": null, "oai_personas": null, "est_dwellings": 103.0, "est_population": 350.0, "meets_definition": true }, "geometry": { "type": "Polygon", "coordinates": [ [ [ -56.212195375375963, -34.744773681344178 ], [ -56.212189512421496, -34.744810131909233 ], [ -56.212185280669402, -34.744836438397023 ], [ -56.212182211039867, -34.744873816898675 ], [ -56.212191069891396, -34.744904984647683 ], [ -56.212196696842433, -34.744932400039971 ], [ -56.212206838777391, -34.744981807708299 ], [ -56.212213759471503, -34.745015523893372 ], [ -56.212222767875616, -34.745066383262035 ], [ -56.212229137466295, -34.745102340341504 ], [ -56.212241109583054, -34.745172776976354 ], [ -56.212251546906479, -34.745247116383283 ], [ -56.21225933904239, -34.745296292425408 ], [ -56.212276608332303, -34.745334070303905 ], [ -56.212286729577862, -34.745376000502624 ], [ -56.212291903655618, -34.745417524474796 ], [ -56.212310205724023, -34.745461363390262 ], [ -56.212336054867947, -34.745509656173112 ], [ -56.212367317777272, -34.745627631670331 ], [ -56.212403156167724, -34.745743289488324 ], [ -56.212394613285461, -34.745827171103997 ], [ -56.21238470479004, -34.7459128951824 ], [ -56.212367367596592, -34.745981689518452 ], [ -56.212331284870089, -34.746026872878019 ], [ -56.212275022322601, -34.746082494230727 ], [ -56.212118831033727, -34.746180378962265 ], [ -56.212090532061616, -34.746221063267001 ], [ -56.212058540418496, -34.746274411319959 ], [ -56.212040561036261, -34.746325893225361 ], [ -56.212050615535034, -34.746417531166912 ], [ -56.212060116971209, -34.746444086107346 ], [ -56.212134717913173, -34.746602375304512 ], [ -56.212205015781642, -34.746710850907647 ], [ -56.212262327079216, -34.746778753817509 ], [ -56.212310169184853, -34.746811408201538 ], [ -56.212361601612841, -34.746847703615437 ], [ -56.212393512453296, -34.746877679525973 ], [ -56.212403682250461, -34.746895759590302 ], [ -56.212419480881785, -34.746923698837257 ], [ -56.212476014045649, -34.746962314934031 ], [ -56.212509513287188, -34.746989199060145 ], [ -56.212556971096454, -34.747030597853772 ], [ -56.212609536587991, -34.747062067100856 ], [ -56.212652533398909, -34.747086823141707 ], [ -56.2126789401431, -34.747101524690919 ], [ -56.21273334962364, -34.747145336358479 ], [ -56.212749813066708, -34.747162522864727 ], [ -56.212764391252279, -34.747187040145612 ], [ -56.21277693187178, -34.747209033776848 ], [ -56.212792431151719, -34.74722835750844 ], [ -56.212812033344605, -34.747252797245409 ], [ -56.212842971172456, -34.74728633498021 ], [ -56.212922904571258, -34.74739902050576 ], [ -56.212963729179769, -34.747456779132648 ], [ -56.212975953551648, -34.747461791617752 ], [ -56.21333624218731, -34.746868696445141 ], [ -56.212933116149188, -34.746683588917605 ], [ -56.212960034120037, -34.746667191390756 ], [ -56.213619754954237, -34.745646147756943 ], [ -56.21362018564696, -34.745610039881129 ], [ -56.213599200974535, -34.745587743823634 ], [ -56.213557231990244, -34.745573316204819 ], [ -56.213379063920456, -34.745551810276197 ], [ -56.212995401039251, -34.745532198254146 ], [ -56.213053978029166, -34.744841144930923 ], [ -56.212847022718975, -34.744830068540374 ], [ -56.212985567418421, -34.743196323572384 ], [ -56.212672267585361, -34.743283964304602 ], [ -56.212511010806011, -34.742999682239748 ], [ -56.211958287061414, -34.743113609864842 ], [ -56.212011723990315, -34.743159556328671 ], [ -56.212038906437044, -34.743214259351703 ], [ -56.212074949479558, -34.743250916117049 ], [ -56.212200138922412, -34.743341368267743 ], [ -56.212221141392341, -34.743446270591967 ], [ -56.21222469681571, -34.743528596509279 ], [ -56.212234360442807, -34.743716636464427 ], [ -56.212237999997292, -34.743808514280495 ], [ -56.212199664111068, -34.743907702508103 ], [ -56.212190284388846, -34.743968230556007 ], [ -56.212195272294707, -34.744005532235015 ], [ -56.212208130111925, -34.74405388619666 ], [ -56.212224891610603, -34.744142131866397 ], [ -56.212237836036564, -34.744292988539506 ], [ -56.212223650721803, -34.744369500617502 ], [ -56.212193269497249, -34.744484480368207 ], [ -56.212177278972739, -34.744576108551847 ], [ -56.212182916181597, -34.744705193843131 ], [ -56.212195375375963, -34.744773681344178 ] ] ] } },
{ "type": "Feature", "properties": { "codigo_ai": 3530008, "nombre_ai": "Villa Juanita", "nombre_dep": "Canelones", "nombre_loc": "Cno. Del Andaluz", "fecha_desde": 2001, "footprints_all": 94, "footprints_min6": 94, "footprints_min10": 91, "oai_viviendas": null, "oai_personas": null, "est_dwellings": 85.0, "est_population": 289.0, "meets_definition": true }, "geometry": { "type": "Polygon", "coordinates": [ [ [ -56.061489416440899, -34.76556718911484 ], [ -56.062510306369624, -34.76437413524323 ], [ -56.060639176966568, -34.763302527131813 ], [ -56.059821638971925, -34.764254378534389 ], [ -56.059762750186508, -34.764330620058992 ], [ -56.059627978167292, -34.764432469113153 ], [ -56.058644045834555, -34.765754364552393 ], [ -56.058938928802029, -34.765848228133926 ], [ -56.059542660969761, -34.766109328009151 ], [ -56.060526296901124, -34.766697536586022 ], [ -56.061489416440899, -34.76556718911484 ] ] ] } },
{ "type": "Feature", "properties": { "codigo_ai": 3522019, "nombre_ai": "Villa Manuela", "nombre_dep": "Canelones", "nombre_loc": "Barros Blancos", "fecha_desde": 2002, "footprints_all": 17, "footprints_min6": 17, "footprints_min10": 16, "oai_viviendas": null, "oai_personas": null, "est_dwellings": 15.0, "est_population": 51.0, "meets_definition": true }, "geometry": { "type": "Polygon", "coordinates": [ [ [ -56.028919160491036, -34.764314433129115 ], [ -56.028777104297333, -34.764261802008477 ], [ -56.028206633164842, -34.764524371335646 ], [ -56.027510170897912, -34.765133183719655 ], [ -56.02689583519296, -34.765724489314216 ], [ -56.027359387929899, -34.766027845725283 ], [ -56.027543214203298, -34.765875604738895 ], [ -56.027828818274259, -34.765617293775357 ], [ -56.027940763751367, -34.765504731541547 ], [ -56.028117206405774, -34.765307758837423 ], [ -56.028340045786749, -34.765054716667208 ], [ -56.028911035624333, -34.76445024152796 ], [ -56.028953627947239, -34.764385935965485 ], [ -56.028919160491036, -34.764314433129115 ] ] ] } },
{ "type": "Feature", "properties": { "codigo_ai": 3530006, "nombre_ai": "Villa Molfino", "nombre_dep": "Canelones", "nombre_loc": "Cno. Del Andaluz", "fecha_desde": 2002, "footprints_all": 27, "footprints_min6": 27, "footprints_min10": 25, "oai_viviendas": null, "oai_personas": null, "est_dwellings": 24.0, "est_population": 82.0, "meets_definition": true }, "geometry": { "type": "Polygon", "coordinates": [ [ [ -56.059485976097378, -34.749371922934856 ], [ -56.059926081843827, -34.748795790094711 ], [ -56.058885326074034, -34.748248899400821 ], [ -56.058450998028682, -34.748822009959383 ], [ -56.059485976097378, -34.749371922934856 ] ] ] } },
{ "type": "Feature", "properties": { "codigo_ai": 3530004, "nombre_ai": "Villa Molfino Nuevo", "nombre_dep": "Canelones", "nombre_loc": "Cno. Del Andaluz", "fecha_desde": 2000, "footprints_all": 20, "footprints_min6": 20, "footprints_min10": 19, "oai_viviendas": null, "oai_personas": null, "est_dwellings": 18.0, "est_population": 61.0, "meets_definition": true }, "geometry": { "type": "Polygon", "coordinates": [ [ [ -56.061239397714743, -34.749413458856971 ], [ -56.060786066349763, -34.749178208346159 ], [ -56.060713480925202, -34.749163544401945 ], [ -56.06061038902115, -34.749126274755724 ], [ -56.060523511049404, -34.749083011815038 ], [ -56.060064006483238, -34.749660655376132 ], [ -56.060766905318332, -34.75002660557923 ], [ -56.061239397714743, -34.749413458856971 ] ] ] } },
{ "type": "Feature", "properties": { "codigo_ai": 3321002, "nombre_ai": "Villa Monte", "nombre_dep": "Canelones", "nombre_loc": "La Paz", "fecha_desde": 1985, "footprints_all": 50, "footprints_min6": 50, "footprints_min10": 48, "oai_viviendas": null, "oai_personas": null, "est_dwellings": 45.0, "est_population": 153.0, "meets_definition": true }, "geometry": { "type": "Polygon", "coordinates": [ [ [ -56.230632095471265, -34.76820405727787 ], [ -56.230033801613743, -34.768189181680796 ], [ -56.230030320641823, -34.768535399156413 ], [ -56.229727128207223, -34.768529962679452 ], [ -56.229732879631314, -34.769178353554885 ], [ -56.229973306495474, -34.769214259964102 ], [ -56.23003347884417, -34.769235822628787 ], [ -56.230348640733489, -34.769407478716268 ], [ -56.230359015455825, -34.769429385582647 ], [ -56.230603740948247, -34.769718005337189 ], [ -56.230678437843977, -34.769794460608317 ], [ -56.230632095471265, -34.76820405727787 ] ] ] } },
{ "type": "Feature", "properties": { "codigo_ai": 3322005, "nombre_ai": "Villa Montero", "nombre_dep": "Canelones", "nombre_loc": "Pando", "fecha_desde": 2002, "footprints_all": 64, "footprints_min6": 64, "footprints_min10": 61, "oai_viviendas": null, "oai_personas": null, "est_dwellings": 58.0, "est_population": 197.0, "meets_definition": true }, "geometry": { "type": "Polygon", "coordinates": [ [ [ -55.978650322201723, -34.724746184319123 ], [ -55.978581949447396, -34.72736295027174 ], [ -55.979373418625713, -34.727551599578248 ], [ -55.979546332683299, -34.727568747495766 ], [ -55.97965641240981, -34.727545016242118 ], [ -55.979771838783719, -34.727560807587103 ], [ -55.980170555504394, -34.727443621610341 ], [ -55.98055739033186, -34.724514918316174 ], [ -55.978650322201723, -34.724746184319123 ] ] ] } },
{ "type": "Feature", "properties": { "codigo_ai": 3321005, "nombre_ai": "Villa Nelly", "nombre_dep": "Canelones", "nombre_loc": "La Paz", "fecha_desde": 1998, "footprints_all": 40, "footprints_min6": 40, "footprints_min10": 39, "oai_viviendas": null, "oai_personas": null, "est_dwellings": 36.0, "est_population": 122.0, "meets_definition": true }, "geometry": { "type": "Polygon", "coordinates": [ [ [ -56.234071755251321, -34.745569787910107 ], [ -56.234132071573278, -34.745601720493703 ], [ -56.234467158592558, -34.74560225734583 ], [ -56.234542346691605, -34.745620231184553 ], [ -56.234707158283513, -34.745620348985632 ], [ -56.234202088680227, -34.743083068578692 ], [ -56.233953244891083, -34.742395473589035 ], [ -56.23398308166032, -34.743290229971763 ], [ -56.23401454875043, -34.74328685243384 ], [ -56.234032505412451, -34.743284925603575 ], [ -56.234058740913071, -34.743451497549408 ], [ -56.23405784684531, -34.743638310965181 ], [ -56.23404679688133, -34.743770149109345 ], [ -56.234071755251321, -34.745569787910107 ] ] ] } },
{ "type": "Feature", "properties": { "codigo_ai": 3522005, "nombre_ai": "Villa Union", "nombre_dep": "Canelones", "nombre_loc": "Barros Blancos", "fecha_desde": 2000, "footprints_all": 181, "footprints_min6": 181, "footprints_min10": 177, "oai_viviendas": null, "oai_personas": null, "est_dwellings": 163.0, "est_population": 554.0, "meets_definition": true }, "geometry": { "type": "Polygon", "coordinates": [ [ [ -56.021403202670456, -34.762861265990786 ], [ -56.021399952110514, -34.762949672819197 ], [ -56.021406946213403, -34.763021804552523 ], [ -56.021322179420721, -34.76303360228718 ], [ -56.021265719533751, -34.763104079651285 ], [ -56.020970404089113, -34.763578685963232 ], [ -56.020967761110548, -34.76362614184707 ], [ -56.020851575878325, -34.763608043034374 ], [ -56.020517511486204, -34.764067868236715 ], [ -56.02004443392169, -34.764964000509785 ], [ -56.020892450771967, -34.765533105791832 ], [ -56.021683334207886, -34.766077247856281 ], [ -56.022023935938897, -34.766302108109592 ], [ -56.022566070475577, -34.766689112004379 ], [ -56.022925760764657, -34.766951589992608 ], [ -56.023032950304717, -34.767011793214458 ], [ -56.023090083040522, -34.766998199069164 ], [ -56.023091063968877, -34.766918197110719 ], [ -56.023069954212126, -34.766723776486515 ], [ -56.023032654278339, -34.766576971776168 ], [ -56.023028489125906, -34.766378317311464 ], [ -56.023038019868132, -34.766205645257827 ], [ -56.022879982798131, -34.766214809132947 ], [ -56.022815193330047, -34.766216029472851 ], [ -56.021619923858992, -34.762847308539158 ], [ -56.021403202670456, -34.762861265990786 ] ], [ [ -56.021402535371337, -34.764884356006185 ], [ -56.02141380111054, -34.76491759064487 ], [ -56.02147516314551, -34.765106798458959 ], [ -56.021516021038991, -34.765157569762501 ], [ -56.021560169786731, -34.76517531989834 ], [ -56.021455429732889, -34.765211076730942 ], [ -56.021424520695362, -34.765224574311731 ], [ -56.021327478446416, -34.765252476593972 ], [ -56.021218229338345, -34.765288449459518 ], [ -56.02117448316293, -34.765319069571554 ], [ -56.021165709080087, -34.765250642286219 ], [ -56.021260273847666, -34.764958309654958 ], [ -56.021284664047641, -34.764923497756207 ], [ -56.021402535371337, -34.764884356006185 ] ] ] } },
{ "type": "Feature", "properties": { "codigo_ai": 4522001, "nombre_ai": "28 De Mayo", "nombre_dep": "Cerro Largo", "nombre_loc": "Rio Branco", "fecha_desde": 2003, "footprints_all": 60, "footprints_min6": 60, "footprints_min10": 58, "oai_viviendas": null, "oai_personas": null, "est_dwellings": 54.0, "est_population": 184.0, "meets_definition": true }, "geometry": { "type": "Polygon", "coordinates": [ [ [ -53.390172880915458, -32.604968081771844 ], [ -53.388919275815695, -32.604089310946165 ], [ -53.388781782605832, -32.603926948416742 ], [ -53.38805772376989, -32.603436242119962 ], [ -53.387805621573243, -32.603277751798139 ], [ -53.387443946821598, -32.603021176949596 ], [ -53.386688156556161, -32.602419982016919 ], [ -53.386532524201769, -32.602573129195093 ], [ -53.386444521664565, -32.602671673256729 ], [ -53.386996703991045, -32.603072596568289 ], [ -53.38991223263502, -32.605194232153657 ], [ -53.390172880915458, -32.604968081771844 ] ] ] } },
{ "type": "Feature", "properties": { "codigo_ai": 4020005, "nombre_ai": "Aguas Hermosas", "nombre_dep": "Cerro Largo", "nombre_loc": "Melo", "fecha_desde": 2014, "footprints_all": 10, "footprints_min6": 10, "footprints_min10": 9, "oai_viviendas": null, "oai_personas": null, "est_dwellings": 9.0, "est_population": 31.0, "meets_definition": true }, "geometry": { "type": "Polygon", "coordinates": [ [ [ -54.139398885884518, -32.370276077053475 ], [ -54.139341359132032, -32.370837605004617 ], [ -54.139345373434452, -32.370837793526341 ], [ -54.140521933789664, -32.370893094592127 ], [ -54.14053097268534, -32.370844890376553 ], [ -54.140636036752419, -32.369759995472407 ], [ -54.140632851814196, -32.369759719420948 ], [ -54.140632622727182, -32.369751547113935 ], [ -54.140029687015243, -32.369709052262309 ], [ -54.140020304436327, -32.369735863410547 ], [ -54.140019388613879, -32.369744932111985 ], [ -54.139967812255655, -32.370233762471003 ], [ -54.13996157198865, -32.370315326136904 ], [ -54.139398885884518, -32.370276077053475 ] ] ] } },
{ "type": "Feature", "properties": { "codigo_ai": 4020004, "nombre_ai": "Asentamiento Sur", "nombre_dep": "Cerro Largo", "nombre_loc": "Melo", "fecha_desde": 2019, "footprints_all": 78, "footprints_min6": 78, "footprints_min10": 67, "oai_viviendas": null, "oai_personas": null, "est_dwellings": 70.0, "est_population": 238.0, "meets_definition": true }, "geometry": { "type": "Polygon", "coordinates": [ [ [ -54.164720418189425, -32.389413047648816 ], [ -54.16526218799499, -32.389509564164754 ], [ -54.166226292253803, -32.3894338527518 ], [ -54.166402252317894, -32.389519167460712 ], [ -54.167194075041394, -32.388276779774763 ], [ -54.166634262098242, -32.388017281697103 ], [ -54.16626186943089, -32.388571017158007 ], [ -54.166164663511296, -32.388666396246634 ], [ -54.166032171005035, -32.38871889400869 ], [ -54.165871675332596, -32.38874860975006 ], [ -54.16575433255997, -32.388749605786856 ], [ -54.16575018860312, -32.38917771528849 ], [ -54.165751059427166, -32.389232301971632 ], [ -54.164424667398279, -32.3892316633994 ], [ -54.16442364757259, -32.389225060186519 ], [ -54.164228121912899, -32.38921985044243 ], [ -54.164286316505155, -32.389676996015631 ], [ -54.164352463757979, -32.390006802712449 ], [ -54.164399047250235, -32.390149345827787 ], [ -54.164452149565939, -32.390245901775323 ], [ -54.164087383803654, -32.390338555464162 ], [ -54.164128832121868, -32.390926794698942 ], [ -54.164865018873137, -32.390925225780968 ], [ -54.16543955178642, -32.392140800749111 ], [ -54.165868639367439, -32.391920675234324 ], [ -54.165380934599106, -32.390831778057716 ], [ -54.164957460636792, -32.390516843113495 ], [ -54.164846528155074, -32.390131288417024 ], [ -54.164720418189425, -32.389413047648816 ] ] ] } },
{ "type": "Feature", "properties": { "codigo_ai": 4987001, "nombre_ai": "Barrio La Vinchuca", "nombre_dep": "Cerro Largo", "nombre_loc": "Melo", "fecha_desde": 1990, "footprints_all": 260, "footprints_min6": 260, "footprints_min10": 251, "oai_viviendas": null, "oai_personas": null, "est_dwellings": 234.0, "est_population": 796.0, "meets_definition": true }, "geometry": { "type": "Polygon", "coordinates": [ [ [ -54.153705401270813, -32.352333110367312 ], [ -54.154380821986379, -32.352105154919883 ], [ -54.154482182594911, -32.352126936257228 ], [ -54.154558809853441, -32.352129246953581 ], [ -54.157614704185612, -32.351046778458581 ], [ -54.158775077023336, -32.350633320895078 ], [ -54.157493755133224, -32.347883449721749 ], [ -54.155250218534626, -32.348638210683987 ], [ -54.155186256977046, -32.348657720560254 ], [ -54.154277769695184, -32.348950633811704 ], [ -54.153122690718817, -32.349358820047271 ], [ -54.152959891484137, -32.349438753851999 ], [ -54.152888766259842, -32.349457562417406 ], [ -54.152044585327793, -32.349735698095209 ], [ -54.152986513850685, -32.351697752916905 ], [ -54.153325964231456, -32.351666651161736 ], [ -54.153705401270813, -32.352333110367312 ] ] ] } },
{ "type": "Feature", "properties": { "codigo_ai": 4522004, "nombre_ai": "Barrio Posada", "nombre_dep": "Cerro Largo", "nombre_loc": "Rio Branco", "fecha_desde": 1990, "footprints_all": 23, "footprints_min6": 23, "footprints_min10": 23, "oai_viviendas": null, "oai_personas": null, "est_dwellings": 21.0, "est_population": 71.0, "meets_definition": true }, "geometry": { "type": "Polygon", "coordinates": [ [ [ -53.374903726169833, -32.602775717222627 ], [ -53.375250111167674, -32.602550857940614 ], [ -53.374564565731028, -32.60187710497604 ], [ -53.374330391553769, -32.602017705677945 ], [ -53.374513354652557, -32.602202597179677 ], [ -53.374429057453071, -32.602269240197415 ], [ -53.374903726169833, -32.602775717222627 ] ] ] } },
{ "type": "Feature", "properties": { "codigo_ai": 4020003, "nombre_ai": "Barrio Prieto", "nombre_dep": "Cerro Largo", "nombre_loc": "Melo", "fecha_desde": 2019, "footprints_all": 9, "footprints_min6": 9, "footprints_min10": 9, "oai_viviendas": null, "oai_personas": null, "est_dwellings": 8.0, "est_population": 27.0, "meets_definition": false }, "geometry": { "type": "Polygon", "coordinates": [ [ [ -54.150269183009165, -32.356283648531843 ], [ -54.150505371378735, -32.356259385241522 ], [ -54.150632632883855, -32.35595511624269 ], [ -54.150875847960044, -32.355932419471984 ], [ -54.150885181541099, -32.355409443988357 ], [ -54.150649459605738, -32.355418917120041 ], [ -54.150652815396541, -32.355034135074909 ], [ -54.150866869341996, -32.355020471673384 ], [ -54.150837058542663, -32.354720052905641 ], [ -54.15066244688802, -32.354727207282394 ], [ -54.150522804421911, -32.35473145079667 ], [ -54.150545669498904, -32.355808829095963 ], [ -54.15020881597983, -32.35584561861188 ], [ -54.150269183009165, -32.356283648531843 ] ] ] } },
{ "type": "Feature", "properties": { "codigo_ai": 4020002, "nombre_ai": "Darsena", "nombre_dep": "Cerro Largo", "nombre_loc": "Melo", "fecha_desde": 2017, "footprints_all": 19, "footprints_min6": 19, "footprints_min10": 17, "oai_viviendas": null, "oai_personas": null, "est_dwellings": 17.0, "est_population": 58.0, "meets_definition": true }, "geometry": { "type": "Polygon", "coordinates": [ [ [ -54.156853322741988, -32.354070098765156 ], [ -54.157029561277142, -32.353892700655514 ], [ -54.156747246860022, -32.353710475307786 ], [ -54.156797346849558, -32.35362703501508 ], [ -54.156958044040515, -32.353143814402607 ], [ -54.156797792458747, -32.352925367834573 ], [ -54.156517452894086, -32.353331223061758 ], [ -54.156500505721681, -32.353379096266103 ], [ -54.156705275313136, -32.353537439828415 ], [ -54.156583508133359, -32.353835750063929 ], [ -54.156596200609663, -32.353850106718355 ], [ -54.156605585569018, -32.353858992356898 ], [ -54.156836492098421, -32.354075066778329 ], [ -54.156853322741988, -32.354070098765156 ] ] ] } },
{ "type": "Feature", "properties": { "codigo_ai": 4522003, "nombre_ai": "Fahid Bitar", "nombre_dep": "Cerro Largo", "nombre_loc": "Rio Branco", "fecha_desde": 2006, "footprints_all": 15, "footprints_min6": 15, "footprints_min10": 15, "oai_viviendas": null, "oai_personas": null, "est_dwellings": 14.0, "est_population": 48.0, "meets_definition": true }, "geometry": { "type": "Polygon", "coordinates": [ [ [ -53.376388100952475, -32.600456672212026 ], [ -53.376009690923659, -32.600067455245636 ], [ -53.375954919573026, -32.600010775528737 ], [ -53.375479346629803, -32.599536538041036 ], [ -53.375432304542031, -32.599487587716347 ], [ -53.375027652412086, -32.599082100722391 ], [ -53.375002534138467, -32.599106313989644 ], [ -53.374915991900608, -32.599190641685773 ], [ -53.374852641676014, -32.599227571312305 ], [ -53.375779968692292, -32.600226879434786 ], [ -53.376141985662443, -32.600627637457336 ], [ -53.376388100952475, -32.600456672212026 ] ] ] } },
{ "type": "Feature", "properties": { "codigo_ai": 4821001, "nombre_ai": "La Floresta", "nombre_dep": "Cerro Largo", "nombre_loc": "Aceguá", "fecha_desde": 2014, "footprints_all": 7, "footprints_min6": 7, "footprints_min10": 7, "oai_viviendas": null, "oai_personas": null, "est_dwellings": 6.0, "est_population": 20.0, "meets_definition": false }, "geometry": { "type": "Polygon", "coordinates": [ [ [ -54.164980954530783, -31.875274271472787 ], [ -54.164861206584838, -31.875041118339105 ], [ -54.164318686539382, -31.875250677837666 ], [ -54.164409770194396, -31.875442123414594 ], [ -54.164438898483233, -31.875472964503167 ], [ -54.164491559911497, -31.875473074052277 ], [ -54.164980954530783, -31.875274271472787 ] ] ] } },
{ "type": "Feature", "properties": { "codigo_ai": 4721001, "nombre_ai": "Los Moreira", "nombre_dep": "Cerro Largo", "nombre_loc": "Isidoro Noblia", "fecha_desde": 2019, "footprints_all": 46, "footprints_min6": 46, "footprints_min10": 45, "oai_viviendas": null, "oai_personas": null, "est_dwellings": 41.0, "est_population": 139.0, "meets_definition": true }, "geometry": { "type": "Polygon", "coordinates": [ [ [ -54.124688171138295, -31.961465685038014 ], [ -54.124767917868446, -31.961924229798672 ], [ -54.128928046896071, -31.961272963555352 ], [ -54.128575831296914, -31.960887520743952 ], [ -54.124688171138295, -31.961465685038014 ] ] ] } },
{ "type": "Feature", "properties": { "codigo_ai": 5321001, "nombre_ai": "Aparicio Saravia", "nombre_dep": "Colonia", "nombre_loc": "Carmelo", "fecha_desde": 1990, "footprints_all": 135, "footprints_min6": 135, "footprints_min10": 128, "oai_viviendas": null, "oai_personas": null, "est_dwellings": 122.0, "est_population": 415.0, "meets_definition": true }, "geometry": { "type": "Polygon", "coordinates": [ [ [ -58.293087820008182, -33.992251619431748 ], [ -58.292864277956191, -33.990474302592482 ], [ -58.292049521261369, -33.990626819041474 ], [ -58.29192199968552, -33.990649874753132 ], [ -58.290993424540204, -33.990803458677014 ], [ -58.291377651796104, -33.992521485155521 ], [ -58.292334752221414, -33.992375900498693 ], [ -58.292462079121094, -33.992354484059668 ], [ -58.293087820008182, -33.992251619431748 ] ] ] } },
{ "type": "Feature", "properties": { "codigo_ai": 5323003, "nombre_ai": "Canada Del Blanco", "nombre_dep": "Colonia", "nombre_loc": "Juan Lacaze", "fecha_desde": 1960, "footprints_all": 247, "footprints_min6": 247, "footprints_min10": 224, "oai_viviendas": null, "oai_personas": null, "est_dwellings": 222.0, "est_population": 755.0, "meets_definition": true }, "geometry": { "type": "Polygon", "coordinates": [ [ [ -57.442768452002944, -34.426725122119443 ], [ -57.442875357629973, -34.426711438618518 ], [ -57.44310049929787, -34.426803700814368 ], [ -57.443314801949661, -34.426869408131445 ], [ -57.443824392090903, -34.427142361397948 ], [ -57.44415996499675, -34.426970124861747 ], [ -57.444194080026506, -34.426958877021292 ], [ -57.444217289935914, -34.426962837381126 ], [ -57.444246661918527, -34.426977901098077 ], [ -57.444637261123454, -34.427446754238396 ], [ -57.444923250364731, -34.426847882867747 ], [ -57.444864720341897, -34.426823858486316 ], [ -57.444823529132179, -34.426803663266924 ], [ -57.44474847811874, -34.426781020983853 ], [ -57.444665696730425, -34.426765973024665 ], [ -57.444592783086442, -34.4267605656594 ], [ -57.444502393752344, -34.426763906286517 ], [ -57.444356848216451, -34.426781650911209 ], [ -57.444135519559055, -34.42683173928507 ], [ -57.44386381249064, -34.426853079742067 ], [ -57.443766373537287, -34.426867258223908 ], [ -57.443574267110868, -34.426884622547504 ], [ -57.443480452090029, -34.426837781384428 ], [ -57.443351892962895, -34.426802789754575 ], [ -57.44307870570713, -34.42672843095977 ], [ -57.442869565601889, -34.426627245894778 ], [ -57.442740960308939, -34.426583388901591 ], [ -57.44259065659034, -34.426481990349039 ], [ -57.44240847057128, -34.426420598022709 ], [ -57.44219419309448, -34.426359320554781 ], [ -57.44179053684779, -34.426267450040498 ], [ -57.441382817920442, -34.426167958948668 ], [ -57.441410438498131, -34.42598413698213 ], [ -57.440963267372823, -34.425973460976927 ], [ -57.440746567709468, -34.426137455202607 ], [ -57.440596643643907, -34.426049935421183 ], [ -57.439207670725885, -34.425855830270628 ], [ -57.439079126098115, -34.425876066925447 ], [ -57.438984487765012, -34.425838005362941 ], [ -57.438866279014078, -34.425785600996143 ], [ -57.437346602376984, -34.425634413904675 ], [ -57.437313438358231, -34.425681233228552 ], [ -57.436845245522974, -34.425573938630983 ], [ -57.436503854611431, -34.425595397979194 ], [ -57.436302921068204, -34.425581741743798 ], [ -57.436115643928687, -34.425550529453659 ], [ -57.435893252685013, -34.425474447529957 ], [ -57.435440665448233, -34.425417874300173 ], [ -57.43501734106087, -34.42523059735786 ], [ -57.434798850350916, -34.425177925234181 ], [ -57.434730233138374, -34.425199219433985 ], [ -57.43454840336738, -34.425523471972241 ], [ -57.434533819559832, -34.425590053748188 ], [ -57.435047447292014, -34.426235723620721 ], [ -57.435122320980867, -34.426345089688787 ], [ -57.435480357865472, -34.426779883972458 ], [ -57.435530263328374, -34.426848782946173 ], [ -57.435750544110164, -34.427130775577666 ], [ -57.43665657421225, -34.426614818163699 ], [ -57.436988031626022, -34.426423298054907 ], [ -57.43689475734125, -34.426284837631606 ], [ -57.437565277760008, -34.425881160526231 ], [ -57.437629468914473, -34.425919231136156 ], [ -57.437728638725368, -34.42598135341143 ], [ -57.437821734854587, -34.426107363316525 ], [ -57.438042138552959, -34.42638282672592 ], [ -57.438750985005349, -34.426024847167454 ], [ -57.438842264654603, -34.426022873855381 ], [ -57.439302738379716, -34.426062070462478 ], [ -57.439513368124011, -34.426302988743672 ], [ -57.439983179174384, -34.426350682240567 ], [ -57.440157675195145, -34.426534126556028 ], [ -57.440378389503891, -34.426418250831979 ], [ -57.440516968513869, -34.426355194350663 ], [ -57.440694930194354, -34.426315767773566 ], [ -57.440807043661842, -34.426335336339015 ], [ -57.441357416049435, -34.42692967503524 ], [ -57.441752132393141, -34.426719932383129 ], [ -57.441929506059957, -34.426883286541269 ], [ -57.442372243928965, -34.426651207051108 ], [ -57.442639683075356, -34.426650239418883 ], [ -57.442768452002944, -34.426725122119443 ] ] ] } },
{ "type": "Feature", "properties": { "codigo_ai": 5320002, "nombre_ai": "Ferrando", "nombre_dep": "Colonia", "nombre_loc": "Colonia Del Sacramento", "fecha_desde": 2006, "footprints_all": 22, "footprints_min6": 22, "footprints_min10": 19, "oai_viviendas": null, "oai_personas": null, "est_dwellings": 20.0, "est_population": 68.0, "meets_definition": true }, "geometry": { "type": "Polygon", "coordinates": [ [ [ -57.824383506401027, -34.470092111909977 ], [ -57.824255527948779, -34.47000885976577 ], [ -57.823702337973501, -34.469574964394361 ], [ -57.823221536555366, -34.469149245108269 ], [ -57.823146477544519, -34.469018985780842 ], [ -57.82313256610297, -34.468958171723486 ], [ -57.823088363954547, -34.468778548015159 ], [ -57.822451052525217, -34.468080217920019 ], [ -57.82228306192485, -34.468253481739346 ], [ -57.822176089992276, -34.46831148751108 ], [ -57.822912310910432, -34.469123250209606 ], [ -57.823199446357407, -34.469392904915082 ], [ -57.823602664584186, -34.469736225765487 ], [ -57.824083997603637, -34.470103824098004 ], [ -57.824271357260649, -34.470228532507939 ], [ -57.824737024544817, -34.470532981471877 ], [ -57.824853656147802, -34.470393350497773 ], [ -57.824383506401027, -34.470092111909977 ] ] ] } },
{ "type": "Feature", "properties": { "codigo_ai": 5423001, "nombre_ai": "Golondrina", "nombre_dep": "Colonia", "nombre_loc": "Nueva Palmira", "fecha_desde": 1985, "footprints_all": 114, "footprints_min6": 114, "footprints_min10": 109, "oai_viviendas": null, "oai_personas": null, "est_dwellings": 103.0, "est_population": 350.0, "meets_definition": true }, "geometry": { "type": "MultiPolygon", "coordinates": [ [ [ [ -58.413884623965217, -33.864166695973623 ], [ -58.413893824616764, -33.864134704317337 ], [ -58.413785105960962, -33.863653545278133 ], [ -58.413730796544826, -33.863449244381371 ], [ -58.413696076761731, -33.86337107904604 ], [ -58.413514574244715, -33.862943833184559 ], [ -58.413357844964942, -33.862632382622245 ], [ -58.413281900007817, -33.86254058297736 ], [ -58.413220004887307, -33.862477580099672 ], [ -58.412487540471659, -33.86186551872138 ], [ -58.411793295935432, -33.862461854749888 ], [ -58.412584020355787, -33.863107318172311 ], [ -58.413830836602422, -33.864159406041452 ], [ -58.413861713398511, -33.864169286397477 ], [ -58.413884623965217, -33.864166695973623 ] ] ], [ [ [ -58.414040785178813, -33.8656565983162 ], [ -58.414092234886205, -33.865429893392943 ], [ -58.41410548397711, -33.865279828593295 ], [ -58.414127619449779, -33.864908071630325 ], [ -58.414108574365521, -33.864720145302329 ], [ -58.414071183576418, -33.864627099372761 ], [ -58.414027865986363, -33.86453302664367 ], [ -58.413353129069741, -33.865077391023441 ], [ -58.414040785178813, -33.8656565983162 ] ] ] ] } },
{ "type": "Feature", "properties": { "codigo_ai": 5422002, "nombre_ai": "La Calera", "nombre_dep": "Colonia", "nombre_loc": "Rosario", "fecha_desde": 2006, "footprints_all": 11, "footprints_min6": 11, "footprints_min10": 10, "oai_viviendas": null, "oai_personas": null, "est_dwellings": 10.0, "est_population": 34.0, "meets_definition": true }, "geometry": { "type": "Polygon", "coordinates": [ [ [ -57.346501341233648, -34.319638133015637 ], [ -57.346346451284056, -34.31941837901487 ], [ -57.344667009216749, -34.319741324178885 ], [ -57.34479851776981, -34.320052086665058 ], [ -57.345491241529352, -34.319884559651804 ], [ -57.345582125058591, -34.319864038029564 ], [ -57.345640006660581, -34.319875327151856 ], [ -57.345711538719002, -34.319891260966948 ], [ -57.345767118175452, -34.319924277317227 ], [ -57.34581650470777, -34.319945745043775 ], [ -57.345936248898539, -34.319978751481536 ], [ -57.346053759759627, -34.320022678166033 ], [ -57.346154766220991, -34.320041912139622 ], [ -57.346299079206652, -34.320115991572209 ], [ -57.346320174532131, -34.320124677958226 ], [ -57.346555318711019, -34.320219356144008 ], [ -57.346579143203229, -34.320224816100009 ], [ -57.346683872900023, -34.320249882113423 ], [ -57.346862558114474, -34.320308326699802 ], [ -57.347021017730725, -34.320380545299734 ], [ -57.347133067949997, -34.320440355169083 ], [ -57.347320067074151, -34.320554515468515 ], [ -57.34742753194147, -34.320447370738044 ], [ -57.347150741874451, -34.319916874215089 ], [ -57.34711551175743, -34.319929548404524 ], [ -57.347097531375731, -34.319899951408445 ], [ -57.346909368805314, -34.319630454099645 ], [ -57.346682720642008, -34.319722747930854 ], [ -57.34667382179066, -34.319706877306494 ], [ -57.346554202211415, -34.319752293343655 ], [ -57.346501341233648, -34.319638133015637 ] ] ] } },
{ "type": "Feature", "properties": { "codigo_ai": 5422001, "nombre_ai": "La Estacion", "nombre_dep": "Colonia", "nombre_loc": "Rosario", "fecha_desde": 2000, "footprints_all": 56, "footprints_min6": 56, "footprints_min10": 51, "oai_viviendas": null, "oai_personas": null, "est_dwellings": 50.0, "est_population": 170.0, "meets_definition": true }, "geometry": { "type": "Polygon", "coordinates": [ [ [ -57.345580159031485, -34.319873913301976 ], [ -57.345449830793477, -34.319907049277063 ], [ -57.345308526607965, -34.319941017793745 ], [ -57.345284702978155, -34.319947672891438 ], [ -57.345183629217765, -34.319975379104754 ], [ -57.345112942219714, -34.319991162078956 ], [ -57.344920564438937, -34.320033950642014 ], [ -57.344808569214408, -34.320076378258342 ], [ -57.344885804504514, -34.320247493955918 ], [ -57.345186442133361, -34.320900327768143 ], [ -57.345461500783081, -34.321498320853898 ], [ -57.345554014330574, -34.321714093521223 ], [ -57.345578021307631, -34.321770880399434 ], [ -57.345642305329257, -34.321922939279858 ], [ -57.345734150552836, -34.322071463575611 ], [ -57.34616256659838, -34.322401363481916 ], [ -57.34631397378476, -34.322134562105703 ], [ -57.346622816783345, -34.322248668329962 ], [ -57.346815844363853, -34.321834359250751 ], [ -57.347008654896435, -34.321435644152515 ], [ -57.34660704883477, -34.321271137036256 ], [ -57.346495754874987, -34.321516654664819 ], [ -57.34602957170663, -34.321348172659064 ], [ -57.34584941054117, -34.321259955933577 ], [ -57.345736819400948, -34.321257805483796 ], [ -57.345739169928045, -34.3211582665162 ], [ -57.345790430161586, -34.321055208476125 ], [ -57.345828021299944, -34.320892152702115 ], [ -57.345894462724885, -34.320816628174363 ], [ -57.345924628124457, -34.320620350656505 ], [ -57.346017260039766, -34.320459426409144 ], [ -57.346315152644593, -34.320126751056122 ], [ -57.346296957850278, -34.320118463197623 ], [ -57.346153178484279, -34.320044896302576 ], [ -57.346052971745287, -34.320025596939466 ], [ -57.345934529801696, -34.31998151145487 ], [ -57.345815576352955, -34.319948635353136 ], [ -57.345762413135802, -34.319924363648767 ], [ -57.345723695642498, -34.319906760827294 ], [ -57.345637827482541, -34.319886234730419 ], [ -57.345580159031485, -34.319873913301976 ] ] ] } },
{ "type": "Feature", "properties": { "codigo_ai": 5323002, "nombre_ai": "La Vía (Villa Pancha)", "nombre_dep": "Colonia", "nombre_loc": "Juan Lacaze", "fecha_desde": 2005, "footprints_all": 122, "footprints_min6": 122, "footprints_min10": 115, "oai_viviendas": null, "oai_personas": null, "est_dwellings": 110.0, "est_population": 374.0, "meets_definition": true }, "geometry": { "type": "MultiPolygon", "coordinates": [ [ [ [ -57.452352794069341, -34.417803659655242 ], [ -57.452643475037625, -34.417802293020571 ], [ -57.453398115059713, -34.416396003236628 ], [ -57.453689764074731, -34.415862497867096 ], [ -57.453757496654141, -34.415843321921912 ], [ -57.453876877437487, -34.415601156846286 ], [ -57.453869764291937, -34.415551053742796 ], [ -57.453993784841792, -34.415334558785268 ], [ -57.454098939837884, -34.415337033540041 ], [ -57.454099862782542, -34.415231573022318 ], [ -57.45412924872673, -34.4152303321424 ], [ -57.454141002351626, -34.415126105684621 ], [ -57.454217084792568, -34.414962806494188 ], [ -57.454526053730852, -34.414367135363356 ], [ -57.45471275682948, -34.414062845339075 ], [ -57.455070558778964, -34.413386067252311 ], [ -57.454732411936995, -34.413379625018507 ], [ -57.45450591842804, -34.413829879251935 ], [ -57.454323737414526, -34.414152872171641 ], [ -57.454064023194555, -34.414668921314245 ], [ -57.453977322548766, -34.414867494859173 ], [ -57.453882230890095, -34.415035303202352 ], [ -57.453625124769559, -34.415579507343033 ], [ -57.45352809403753, -34.415782879567772 ], [ -57.453495786084623, -34.415837130226208 ], [ -57.453467496567214, -34.415853850246116 ], [ -57.453193912911182, -34.416278949766514 ], [ -57.453179566566668, -34.416346182229212 ], [ -57.452968323960491, -34.416759246312033 ], [ -57.452352794069341, -34.417803659655242 ] ] ], [ [ [ -57.451704532215466, -34.419537242538304 ], [ -57.451568751479471, -34.41948842246159 ], [ -57.45142847540798, -34.419475439116979 ], [ -57.451031848348386, -34.420092486476861 ], [ -57.448674361638325, -34.422447844887373 ], [ -57.449037323452508, -34.42244676718331 ], [ -57.450643222489809, -34.420874178052493 ], [ -57.451382275294712, -34.420024966811589 ], [ -57.451522503108642, -34.41994519278699 ], [ -57.451577281044642, -34.419845097763734 ], [ -57.451704532215466, -34.419537242538304 ] ] ] ] } },
{ "type": "Feature", "properties": { "codigo_ai": 5323001, "nombre_ai": "Libertad", "nombre_dep": "Colonia", "nombre_loc": "Juan Lacaze", "fecha_desde": 1960, "footprints_all": 318, "footprints_min6": 318, "footprints_min10": 298, "oai_viviendas": null, "oai_personas": null, "est_dwellings": 286.0, "est_population": 972.0, "meets_definition": true }, "geometry": { "type": "Polygon", "coordinates": [ [ [ -57.434004022532051, -34.427603291531256 ], [ -57.433989154092949, -34.428283338805088 ], [ -57.433994671893721, -34.428343544536396 ], [ -57.433975477435155, -34.43124398440154 ], [ -57.434391138590478, -34.431248071097542 ], [ -57.43507580517209, -34.431236996913363 ], [ -57.435084895632052, -34.430872011918758 ], [ -57.435090679639536, -34.430639785542432 ], [ -57.435087917599567, -34.430518853304676 ], [ -57.435092711811706, -34.430472422321621 ], [ -57.435097793361571, -34.430189076102259 ], [ -57.435126663721846, -34.429881874178982 ], [ -57.435132866808424, -34.429430217404601 ], [ -57.435143635120419, -34.428347167946825 ], [ -57.435146014382376, -34.428104620539905 ], [ -57.435141829994599, -34.427998823140349 ], [ -57.435128493865768, -34.427557830323465 ], [ -57.435096457795275, -34.426441850466716 ], [ -57.434495519402532, -34.425718921002058 ], [ -57.434466336950116, -34.42570767526869 ], [ -57.434436335979676, -34.425714499495555 ], [ -57.434149766551307, -34.426279959825592 ], [ -57.434089518518412, -34.426467159703748 ], [ -57.434027118974534, -34.42671675958352 ], [ -57.434012056760665, -34.426925476990597 ], [ -57.434004022532051, -34.427603291531256 ] ] ] } },
{ "type": "Feature", "properties": { "codigo_ai": 5320001, "nombre_ai": "Malvinas", "nombre_dep": "Colonia", "nombre_loc": "Colonia Del Sacramento", "fecha_desde": 2006, "footprints_all": 193, "footprints_min6": 193, "footprints_min10": 166, "oai_viviendas": null, "oai_personas": null, "est_dwellings": 174.0, "est_population": 592.0, "meets_definition": true }, "geometry": { "type": "Polygon", "coordinates": [ [ [ -57.835478400522618, -34.472444345078458 ], [ -57.835332617394151, -34.472367108748081 ], [ -57.83498998193533, -34.4723366817841 ], [ -57.83481535787476, -34.472314522861467 ], [ -57.834764756367811, -34.472288064640161 ], [ -57.833947194227633, -34.472277481266126 ], [ -57.833716676019215, -34.472271859470361 ], [ -57.83354525454768, -34.472259967184094 ], [ -57.833433412923284, -34.472348770537018 ], [ -57.833288889156591, -34.472346099217944 ], [ -57.832792054309444, -34.472328392747407 ], [ -57.832789530496505, -34.472347815518376 ], [ -57.832110126377572, -34.472328973915339 ], [ -57.830820154023307, -34.472304931663167 ], [ -57.829784310439337, -34.47222423452763 ], [ -57.829211267187581, -34.472148421834433 ], [ -57.82892838448668, -34.472111786568519 ], [ -57.828428440000522, -34.47199637376108 ], [ -57.828553682148161, -34.472298690691503 ], [ -57.830012039588169, -34.472576701385883 ], [ -57.830894162738296, -34.47258423715671 ], [ -57.83165060218262, -34.472640948654224 ], [ -57.832179417953874, -34.472734634967075 ], [ -57.83268090788669, -34.472663324669497 ], [ -57.832693312388564, -34.47266429885682 ], [ -57.832780362314679, -34.472753605886012 ], [ -57.832888073978296, -34.472788976797986 ], [ -57.83290308198692, -34.472798713028304 ], [ -57.832998440012922, -34.472860574179556 ], [ -57.833147109735883, -34.472967511136538 ], [ -57.833227178400151, -34.472968296339175 ], [ -57.834202760754309, -34.472981712571531 ], [ -57.83423035310954, -34.472982021124238 ], [ -57.834653763139215, -34.472921921838534 ], [ -57.835108747411923, -34.472939235742309 ], [ -57.835219292343538, -34.472949128666698 ], [ -57.835413881182525, -34.472967531661048 ], [ -57.835470791589394, -34.472990198650457 ], [ -57.835536138290237, -34.473016422304759 ], [ -57.83556622241619, -34.473018078827486 ], [ -57.835784591716447, -34.473142624073319 ], [ -57.836013417400167, -34.473228970722964 ], [ -57.836255757160778, -34.473321905816888 ], [ -57.836419357889234, -34.473359053662691 ], [ -57.836531304560225, -34.473369782579482 ], [ -57.836720784006545, -34.473388141800811 ], [ -57.837085214938284, -34.473352336119703 ], [ -57.837244766952757, -34.473253692385391 ], [ -57.837681429650281, -34.47299109105964 ], [ -57.837947346352955, -34.47282380915739 ], [ -57.837950896935773, -34.472852755636957 ], [ -57.838519350097826, -34.472819859084076 ], [ -57.838517337192513, -34.472693086097109 ], [ -57.838436635270419, -34.472694718279328 ], [ -57.838407309887025, -34.472686174816474 ], [ -57.838412740190954, -34.472662986879413 ], [ -57.838407669341528, -34.472470729926158 ], [ -57.837966389571839, -34.472441974513799 ], [ -57.837961112129122, -34.47241390919536 ], [ -57.837933138344646, -34.472406796505091 ], [ -57.837833919588121, -34.472429286427747 ], [ -57.837222732465023, -34.472449129665677 ], [ -57.837038882862295, -34.472455461466303 ], [ -57.836680337447824, -34.472467650359974 ], [ -57.836099907745037, -34.472456405630233 ], [ -57.835478400522618, -34.472444345078458 ] ] ] } },
{ "type": "Feature", "properties": { "codigo_ai": 5323004, "nombre_ai": "Padron 4895", "nombre_dep": "Colonia", "nombre_loc": "Juan Lacaze", "fecha_desde": 2022, "footprints_all": 13, "footprints_min6": 13, "footprints_min10": 11, "oai_viviendas": null, "oai_personas": null, "est_dwellings": 12.0, "est_population": 41.0, "meets_definition": true }, "geometry": { "type": "Polygon", "coordinates": [ [ [ -57.461857838006736, -34.422560808633911 ], [ -57.459398182716832, -34.422544720936763 ], [ -57.459364219087831, -34.42286111560005 ], [ -57.459612686970353, -34.423152485191331 ], [ -57.459902269055441, -34.423286550472469 ], [ -57.460302677405181, -34.423737010655856 ], [ -57.460520133736885, -34.423740371092016 ], [ -57.461773148409897, -34.423760589216272 ], [ -57.461857838006736, -34.422560808633911 ] ] ] } },
{ "type": "Feature", "properties": { "codigo_ai": 5423004, "nombre_ai": "Punta Gorda", "nombre_dep": "Colonia", "nombre_loc": "Nueva Palmira", "fecha_desde": 2006, "footprints_all": 13, "footprints_min6": 13, "footprints_min10": 12, "oai_viviendas": null, "oai_personas": null, "est_dwellings": 12.0, "est_population": 41.0, "meets_definition": true }, "geometry": { "type": "Polygon", "coordinates": [ [ [ -58.415462380291316, -33.913881807342285 ], [ -58.415589907254045, -33.913911160457246 ], [ -58.415710665556297, -33.913891933737311 ], [ -58.415795599768565, -33.913832951704329 ], [ -58.415835327454097, -33.913753231245728 ], [ -58.415820366722549, -33.913632023687619 ], [ -58.415810946055714, -33.913449923317771 ], [ -58.415837981841143, -33.913299067799414 ], [ -58.4159065107402, -33.913189833028447 ], [ -58.41599183056119, -33.913112232378282 ], [ -58.416105812269144, -33.913029583862148 ], [ -58.416269773784258, -33.912913193149024 ], [ -58.416432612362463, -33.9127732844712 ], [ -58.416625026773382, -33.912618750848068 ], [ -58.416787068992221, -33.912501963102891 ], [ -58.416807285444008, -33.912486197010338 ], [ -58.416685009896007, -33.912327271808309 ], [ -58.416384266690216, -33.912370275113005 ], [ -58.416082721436311, -33.912495191096546 ], [ -58.415707116355364, -33.912650013769664 ], [ -58.415573933011927, -33.913100806252416 ], [ -58.415514349928657, -33.913478676226894 ], [ -58.415407573870965, -33.913463846984207 ], [ -58.415285785486795, -33.913731485152944 ], [ -58.415348448053003, -33.913815459316297 ], [ -58.415462380291316, -33.913881807342285 ] ] ] } },
{ "type": "Feature", "properties": { "codigo_ai": 5320003, "nombre_ai": "Villa Esperanza", "nombre_dep": "Colonia", "nombre_loc": "Colonia Del Sacramento", "fecha_desde": 2006, "footprints_all": 39, "footprints_min6": 39, "footprints_min10": 34, "oai_viviendas": null, "oai_personas": null, "est_dwellings": 35.0, "est_population": 119.0, "meets_definition": true }, "geometry": { "type": "Polygon", "coordinates": [ [ [ -57.815380351024963, -34.45775840174138 ], [ -57.816331542577473, -34.457486478699444 ], [ -57.81593989036822, -34.456767304934857 ], [ -57.815618741219154, -34.456212843303547 ], [ -57.815549603489579, -34.456240703696437 ], [ -57.814932709491941, -34.456473747355879 ], [ -57.815380351024963, -34.45775840174138 ] ] ] } },
{ "type": "Feature", "properties": { "codigo_ai": 6220003, "nombre_ai": "Continuacion Herrera", "nombre_dep": "Durazno", "nombre_loc": "Durazno", "fecha_desde": 1993, "footprints_all": 27, "footprints_min6": 27, "footprints_min10": 26, "oai_viviendas": null, "oai_personas": null, "est_dwellings": 24.0, "est_population": 82.0, "meets_definition": true }, "geometry": { "type": "Polygon", "coordinates": [ [ [ -56.519809592750001, -33.369738453945871 ], [ -56.51963472616103, -33.369879592614524 ], [ -56.519549302798751, -33.369964350429122 ], [ -56.519406598580645, -33.370164740172626 ], [ -56.519476108299365, -33.370265337337671 ], [ -56.519560717441152, -33.370431821482441 ], [ -56.519706869956451, -33.37048148493222 ], [ -56.519813586021975, -33.370656915397312 ], [ -56.520287440730876, -33.370473926219454 ], [ -56.519809592750001, -33.369738453945871 ] ] ] } },
{ "type": "Feature", "properties": { "codigo_ai": 8220008, "nombre_ai": "18 Y Berro", "nombre_dep": "Florida", "nombre_loc": "Florida", "fecha_desde": 2014, "footprints_all": 46, "footprints_min6": 46, "footprints_min10": 40, "oai_viviendas": null, "oai_personas": null, "est_dwellings": 41.0, "est_population": 139.0, "meets_definition": true }, "geometry": { "type": "MultiPolygon", "coordinates": [ [ [ [ -56.20788655612737, -34.095623533677667 ], [ -56.207471638877479, -34.095254270916811 ], [ -56.207012302123424, -34.095614785760567 ], [ -56.206721396140679, -34.095357265965056 ], [ -56.206699620659961, -34.095372882399204 ], [ -56.20631038063695, -34.095675098286634 ], [ -56.206306786643012, -34.095754224639528 ], [ -56.206343114422545, -34.095832100121577 ], [ -56.206376231912564, -34.095882620817427 ], [ -56.206985167672244, -34.096337818600865 ], [ -56.20788655612737, -34.095623533677667 ] ] ], [ [ [ -56.206723845126938, -34.095268247970054 ], [ -56.206320399904456, -34.094915187643707 ], [ -56.206598487979058, -34.094694974763172 ], [ -56.206411756815804, -34.094538964144526 ], [ -56.205664320041713, -34.095140948562147 ], [ -56.205736053958852, -34.095479785719647 ], [ -56.20579658622011, -34.095479829855257 ], [ -56.206094058823339, -34.095634166309026 ], [ -56.206219100106139, -34.095635153783121 ], [ -56.206592728473197, -34.095365296587353 ], [ -56.206723845126938, -34.095268247970054 ] ] ] ] } },
{ "type": "Feature", "properties": { "codigo_ai": 8900001, "nombre_ai": "Chacras De Florida", "nombre_dep": "Florida", "nombre_loc": "Rural", "fecha_desde": 2022, "footprints_all": 9, "footprints_min6": 9, "footprints_min10": 8, "oai_viviendas": null, "oai_personas": null, "est_dwellings": 8.0, "est_population": 27.0, "meets_definition": false }, "geometry": { "type": "Polygon", "coordinates": [ [ [ -56.233460012715852, -34.0742852168582 ], [ -56.233338551291389, -34.074184415933622 ], [ -56.233290876330138, -34.074182246248768 ], [ -56.232274275132774, -34.075242792249583 ], [ -56.232694957657507, -34.075086141209141 ], [ -56.233460012715852, -34.0742852168582 ] ] ] } },
{ "type": "Feature", "properties": { "codigo_ai": 8220007, "nombre_ai": "Rambla De La Piedra Alta\nY Cardeillac- Lavadero", "nombre_dep": "Florida", "nombre_loc": "Florida", "fecha_desde": 2012, "footprints_all": 23, "footprints_min6": 23, "footprints_min10": 21, "oai_viviendas": null, "oai_personas": null, "est_dwellings": 21.0, "est_population": 71.0, "meets_definition": true }, "geometry": { "type": "Polygon", "coordinates": [ [ [ -56.206139542487868, -34.107988285429769 ], [ -56.206344894008474, -34.108030640959591 ], [ -56.206566621628795, -34.107839326884545 ], [ -56.20635149333701, -34.107666575890711 ], [ -56.206689014534589, -34.107371919789585 ], [ -56.206340960478478, -34.107062275146497 ], [ -56.20611871827677, -34.107240945280061 ], [ -56.206097817732548, -34.107254130426369 ], [ -56.205773808493433, -34.107497376083664 ], [ -56.20573989468744, -34.10752664347379 ], [ -56.205703038562092, -34.107642892696965 ], [ -56.205709913417557, -34.107663078933221 ], [ -56.20573859863358, -34.107733536093342 ], [ -56.205825534008248, -34.10781134925741 ], [ -56.206139542487868, -34.107988285429769 ] ] ] } },
{ "type": "Feature", "properties": { "codigo_ai": 9220003, "nombre_ai": "Amantea- Arrospide", "nombre_dep": "Lavalleja", "nombre_loc": "Minas", "fecha_desde": 2004, "footprints_all": 61, "footprints_min6": 61, "footprints_min10": 58, "oai_viviendas": null, "oai_personas": null, "est_dwellings": 55.0, "est_population": 187.0, "meets_definition": true }, "geometry": { "type": "MultiPolygon", "coordinates": [ [ [ [ -55.223822009958731, -34.370875482662207 ], [ -55.223855385109076, -34.370931107522843 ], [ -55.223454504692832, -34.371679732290573 ], [ -55.223880622899088, -34.372102147109203 ], [ -55.224369595369552, -34.371276393883008 ], [ -55.223873485860054, -34.370764661541003 ], [ -55.223822009958731, -34.370875482662207 ] ] ], [ [ [ -55.22425500942709, -34.370220982744783 ], [ -55.224263745891115, -34.370213658057558 ], [ -55.224184472075351, -34.370153195100613 ], [ -55.224127915805902, -34.370252617550207 ], [ -55.224145384035253, -34.370260652570295 ], [ -55.224123451269847, -34.370312613601996 ], [ -55.224041394225402, -34.370505563146736 ], [ -55.223927919902394, -34.370648923196349 ], [ -55.223907539274038, -34.370689367925394 ], [ -55.223904608110516, -34.370696399951569 ], [ -55.223971330767633, -34.3707652288265 ], [ -55.223989665670871, -34.370776255597313 ], [ -55.224405227302995, -34.371203428631397 ], [ -55.224733421098435, -34.370650029783619 ], [ -55.224697539447924, -34.370515901051938 ], [ -55.224649377274503, -34.3704904691878 ], [ -55.224525550432837, -34.370410168652555 ], [ -55.22425500942709, -34.370220982744783 ] ] ] ] } },
{ "type": "Feature", "properties": { "codigo_ai": 9220005, "nombre_ai": "Barrio Del Este", "nombre_dep": "Lavalleja", "nombre_loc": "Minas", "fecha_desde": 2004, "footprints_all": 43, "footprints_min6": 43, "footprints_min10": 43, "oai_viviendas": null, "oai_personas": null, "est_dwellings": 39.0, "est_population": 133.0, "meets_definition": true }, "geometry": { "type": "Polygon", "coordinates": [ [ [ -55.21870221032821, -34.366750119956208 ], [ -55.218461278605915, -34.366629775551161 ], [ -55.218400954310788, -34.366599246449788 ], [ -55.21843411998352, -34.366553234274917 ], [ -55.218227307136836, -34.366482195840511 ], [ -55.218152748144739, -34.36656063458797 ], [ -55.218071654041978, -34.366645948995703 ], [ -55.217911553398032, -34.366590002700917 ], [ -55.217744685999591, -34.366846800407608 ], [ -55.217628877260921, -34.367014229667404 ], [ -55.217819754529636, -34.367094192668581 ], [ -55.217633724671288, -34.367395363100123 ], [ -55.217271429067658, -34.367958636687725 ], [ -55.217499121919658, -34.368055822141251 ], [ -55.217737429573098, -34.368161565431627 ], [ -55.217814715076628, -34.368064559663765 ], [ -55.217952613409444, -34.368131213902437 ], [ -55.218734155754632, -34.366963547069069 ], [ -55.218593572488729, -34.366896293789829 ], [ -55.21870221032821, -34.366750119956208 ] ] ] } },
{ "type": "Feature", "properties": { "codigo_ai": 9220004, "nombre_ai": "Barrio Estacion", "nombre_dep": "Lavalleja", "nombre_loc": "Minas", "fecha_desde": 2000, "footprints_all": 19, "footprints_min6": 19, "footprints_min10": 19, "oai_viviendas": null, "oai_personas": null, "est_dwellings": 17.0, "est_population": 58.0, "meets_definition": true }, "geometry": { "type": "Polygon", "coordinates": [ [ [ -55.253658965120756, -34.356249784563005 ], [ -55.253655269064772, -34.356131479273962 ], [ -55.252621501473577, -34.355779746228009 ], [ -55.252612953687375, -34.355878522921508 ], [ -55.25265159613096, -34.355889521590349 ], [ -55.252530323546644, -34.356134012551507 ], [ -55.252522330421691, -34.356253040904896 ], [ -55.253658965120756, -34.356249784563005 ] ] ] } },
{ "type": "Feature", "properties": { "codigo_ai": 9957001, "nombre_ai": "Barrio La Coronilla", "nombre_dep": "Lavalleja", "nombre_loc": "Barrio La Coronilla", "fecha_desde": 2002, "footprints_all": 61, "footprints_min6": 61, "footprints_min10": 56, "oai_viviendas": null, "oai_personas": null, "est_dwellings": 55.0, "est_population": 187.0, "meets_definition": true }, "geometry": { "type": "MultiPolygon", "coordinates": [ [ [ [ -55.296483652641577, -34.394003784240638 ], [ -55.294762557237831, -34.393849679705298 ], [ -55.294580170201371, -34.394741574757475 ], [ -55.293162168355288, -34.394535154227952 ], [ -55.293013074214109, -34.395083280963519 ], [ -55.293177230997692, -34.395107855995256 ], [ -55.293385755240159, -34.395109597832949 ], [ -55.293595542503901, -34.395136783633447 ], [ -55.293779719459764, -34.395148345364547 ], [ -55.293948314696713, -34.395153839342242 ], [ -55.294061021889462, -34.39519462568439 ], [ -55.294189549144384, -34.395224278488222 ], [ -55.294441057249593, -34.395257865054106 ], [ -55.294626412463131, -34.395283107027474 ], [ -55.2949067563165, -34.395312557368989 ], [ -55.295095455112204, -34.395316692539957 ], [ -55.295260670494464, -34.395323667769773 ], [ -55.295363603291015, -34.395348185496772 ], [ -55.295434289423788, -34.395383230024123 ], [ -55.295511741519952, -34.395443642213422 ], [ -55.295578036486738, -34.395424457449082 ], [ -55.295634004341935, -34.395424152572552 ], [ -55.295729118456158, -34.395437411675587 ], [ -55.295889987460228, -34.39542518085478 ], [ -55.295966326724894, -34.395408245761999 ], [ -55.296079796773292, -34.395395264196061 ], [ -55.296158920216889, -34.395405018067038 ], [ -55.296221598363353, -34.395428326932816 ], [ -55.296280482679784, -34.395433110936658 ], [ -55.296348921155584, -34.395429342017664 ], [ -55.29650725854281, -34.395461727634689 ], [ -55.296548772973445, -34.395200276925387 ], [ -55.296235086984986, -34.395169168494149 ], [ -55.296261581459468, -34.395024914819132 ], [ -55.296483652641577, -34.394003784240638 ] ] ], [ [ [ -55.297673058786948, -34.395884442538772 ], [ -55.29874345778186, -34.396242549941185 ], [ -55.298718796998891, -34.396409682091502 ], [ -55.298740005173052, -34.396539303567032 ], [ -55.299668615776071, -34.396398557066668 ], [ -55.29958957322161, -34.396108374131529 ], [ -55.29915890805237, -34.39596307916446 ], [ -55.298945293383994, -34.395727400823866 ], [ -55.297417777354653, -34.395255591912765 ], [ -55.296990911051154, -34.395951455348829 ], [ -55.296422361133239, -34.395820244996408 ], [ -55.296386044003199, -34.396024021189277 ], [ -55.296547886446639, -34.396035623880351 ], [ -55.296790660821685, -34.396063642341161 ], [ -55.297018742695762, -34.39612554950677 ], [ -55.297469485180685, -34.396290057863368 ], [ -55.297673058786948, -34.395884442538772 ] ] ] ] } },
{ "type": "Feature", "properties": { "codigo_ai": 9220001, "nombre_ai": "Calcerrada", "nombre_dep": "Lavalleja", "nombre_loc": "Minas", "fecha_desde": 1985, "footprints_all": 126, "footprints_min6": 126, "footprints_min10": 116, "oai_viviendas": null, "oai_personas": null, "est_dwellings": 113.0, "est_population": 384.0, "meets_definition": true }, "geometry": { "type": "Polygon", "coordinates": [ [ [ -55.236626110610054, -34.363350692229361 ], [ -55.236673573687057, -34.364192182261732 ], [ -55.23680790814786, -34.36419164102734 ], [ -55.236815723184861, -34.36414979835881 ], [ -55.237556870807325, -34.364123822701529 ], [ -55.23853694227541, -34.364133300773283 ], [ -55.238572326775447, -34.364263977011383 ], [ -55.238859681131096, -34.364257788728814 ], [ -55.238900365388652, -34.364376226874654 ], [ -55.239046120228799, -34.364348421065259 ], [ -55.239038839732508, -34.364304084253718 ], [ -55.239065733515595, -34.364300417305728 ], [ -55.239121644151396, -34.364595885437204 ], [ -55.239182128050885, -34.364814419260099 ], [ -55.239450800924629, -34.364778219698579 ], [ -55.239330645203317, -34.364303172449524 ], [ -55.239472358068092, -34.364300005058901 ], [ -55.239433241496648, -34.364109978004187 ], [ -55.239762333789621, -34.364105558468502 ], [ -55.239703247734653, -34.363761620924969 ], [ -55.239696351562344, -34.36370253543663 ], [ -55.239645045502691, -34.363360275992626 ], [ -55.237421576539909, -34.363376249394548 ], [ -55.237424770954071, -34.363056785124002 ], [ -55.236913629029559, -34.363069563531646 ], [ -55.236926406720492, -34.363353886684138 ], [ -55.236626110610054, -34.363350692229361 ] ] ] } },
{ "type": "Feature", "properties": { "codigo_ai": 9220008, "nombre_ai": "Calle Fosalba", "nombre_dep": "Lavalleja", "nombre_loc": "Minas", "fecha_desde": 2010, "footprints_all": 27, "footprints_min6": 27, "footprints_min10": 27, "oai_viviendas": null, "oai_personas": null, "est_dwellings": 24.0, "est_population": 82.0, "meets_definition": true }, "geometry": { "type": "Polygon", "coordinates": [ [ [ -55.224599618653421, -34.370129957345625 ], [ -55.224725627961682, -34.370435692153492 ], [ -55.224808837852287, -34.370553715566317 ], [ -55.225480660497247, -34.369838196670798 ], [ -55.225346841877247, -34.369715301888036 ], [ -55.225195490396963, -34.369629826622145 ], [ -55.224724859964766, -34.369308385285855 ], [ -55.224604805156865, -34.369231518164497 ], [ -55.22456300328794, -34.369288253024017 ], [ -55.224509111427416, -34.369391680827967 ], [ -55.224495456392212, -34.369387583824356 ], [ -55.224195731107592, -34.369599235140434 ], [ -55.224454970670756, -34.369846804104164 ], [ -55.224495582261177, -34.369903886325638 ], [ -55.224535622976916, -34.369974727991348 ], [ -55.224599618653421, -34.370129957345625 ] ] ] } },
{ "type": "Feature", "properties": { "codigo_ai": 9220007, "nombre_ai": "Paul Harris y Keneddy", "nombre_dep": "Lavalleja", "nombre_loc": "Minas", "fecha_desde": 2016, "footprints_all": 16, "footprints_min6": 16, "footprints_min10": 15, "oai_viviendas": null, "oai_personas": null, "est_dwellings": 14.0, "est_population": 48.0, "meets_definition": true }, "geometry": { "type": "Polygon", "coordinates": [ [ [ -55.214897069500019, -34.364513917505157 ], [ -55.21469894227868, -34.364317031859635 ], [ -55.214157854247375, -34.364635510468098 ], [ -55.214169024789371, -34.364699487057756 ], [ -55.21450109214878, -34.364669022223111 ], [ -55.214865025801437, -34.365063663123365 ], [ -55.215133840903839, -34.364889845621299 ], [ -55.214866940518462, -34.364601868595017 ], [ -55.214897069500019, -34.364513917505157 ] ] ] } },
{ "type": "Feature", "properties": { "codigo_ai": 9220006, "nombre_ai": "Paul Harris y Kennedy Entre 186 Y 188", "nombre_dep": "Lavalleja", "nombre_loc": "Minas", "fecha_desde": 2002, "footprints_all": 21, "footprints_min6": 21, "footprints_min10": 19, "oai_viviendas": null, "oai_personas": null, "est_dwellings": 19.0, "est_population": 65.0, "meets_definition": true }, "geometry": { "type": "Polygon", "coordinates": [ [ [ -55.212219372405151, -34.365784535903003 ], [ -55.211954811651204, -34.365421193985071 ], [ -55.211778435282213, -34.364785819206006 ], [ -55.211603998881344, -34.364902104722894 ], [ -55.211445213317134, -34.364956230766779 ], [ -55.211687759137632, -34.36551235979578 ], [ -55.211622564756965, -34.365882766491112 ], [ -55.211775813604469, -34.36592065668291 ], [ -55.211918948562001, -34.36592869042078 ], [ -55.212073459810966, -34.365907180841923 ], [ -55.212143149958095, -34.365830956887784 ], [ -55.212219372405151, -34.365784535903003 ] ] ] } },
{ "type": "Feature", "properties": { "codigo_ai": 9522001, "nombre_ai": "Tanco", "nombre_dep": "Lavalleja", "nombre_loc": "Jose Pedro Varela", "fecha_desde": 1960, "footprints_all": 98, "footprints_min6": 98, "footprints_min10": 93, "oai_viviendas": null, "oai_personas": null, "est_dwellings": 88.0, "est_population": 299.0, "meets_definition": true }, "geometry": { "type": "Polygon", "coordinates": [ [ [ -54.532885186918257, -33.444697217971992 ], [ -54.531720431206942, -33.4447995115328 ], [ -54.531651049516704, -33.444806987396575 ], [ -54.531019578381439, -33.444891322548038 ], [ -54.531277859977749, -33.445910100212998 ], [ -54.531293015406, -33.44596731646709 ], [ -54.531533904998028, -33.446837289096862 ], [ -54.531954621074654, -33.446779792745183 ], [ -54.532024072235686, -33.446773146745649 ], [ -54.532778623715473, -33.446700940878259 ], [ -54.533045154209525, -33.446640860648216 ], [ -54.533107302124321, -33.446615651704498 ], [ -54.533143105583868, -33.446589421522134 ], [ -54.533167414502444, -33.446531074135684 ], [ -54.533027102654479, -33.445769383033301 ], [ -54.533021376411277, -33.44570065945782 ], [ -54.532885186918257, -33.444697217971992 ] ] ] } },
{ "type": "Feature", "properties": { "codigo_ai": 10321002, "nombre_ai": "Brisas Del Monte", "nombre_dep": "Maldonado", "nombre_loc": "San Carlos", "fecha_desde": 2020, "footprints_all": 67, "footprints_min6": 67, "footprints_min10": 63, "oai_viviendas": null, "oai_personas": null, "est_dwellings": 60.0, "est_population": 204.0, "meets_definition": true }, "geometry": { "type": "Polygon", "coordinates": [ [ [ -54.906551304684598, -34.779717801182727 ], [ -54.906500936199997, -34.779723713497546 ], [ -54.906395235577804, -34.779730806898698 ], [ -54.906289770929718, -34.779737901563074 ], [ -54.906091726932907, -34.779735219575983 ], [ -54.905974796150851, -34.779749724964532 ], [ -54.906064905534819, -34.780979305160557 ], [ -54.906095039655938, -34.780995496516269 ], [ -54.906453052741767, -34.780947034503122 ], [ -54.906475042593122, -34.781109807202149 ], [ -54.906970351194921, -34.781057563397596 ], [ -54.906962514671527, -34.780776454088397 ], [ -54.907774095971455, -34.780698691485433 ], [ -54.907581830704011, -34.779593183314923 ], [ -54.90740211532691, -34.779604533247912 ], [ -54.907151696195918, -34.779634092017019 ], [ -54.907148813168774, -34.779634458053053 ], [ -54.906891108302993, -34.779667197012365 ], [ -54.906782096767444, -34.779680912594067 ], [ -54.906551304684598, -34.779717801182727 ] ] ] } },
{ "type": "Feature", "properties": { "codigo_ai": 10020001, "nombre_ai": "El Tizon", "nombre_dep": "Maldonado", "nombre_loc": "Maldonado", "fecha_desde": 2013, "footprints_all": 131, "footprints_min6": 131, "footprints_min10": 121, "oai_viviendas": null, "oai_personas": null, "est_dwellings": 118.0, "est_population": 401.0, "meets_definition": true }, "geometry": { "type": "Polygon", "coordinates": [ [ [ -54.9722346056666, -34.863951736334698 ], [ -54.971330293509034, -34.863847912458709 ], [ -54.970462469118125, -34.864651624894421 ], [ -54.970076458348672, -34.865010921355221 ], [ -54.969571987587948, -34.865303048240499 ], [ -54.968686800469996, -34.86545111413448 ], [ -54.968143418525514, -34.865400274425909 ], [ -54.968132180098983, -34.865239318385925 ], [ -54.967509481525745, -34.865220556625246 ], [ -54.967639656862517, -34.865592290554396 ], [ -54.967641140021314, -34.865840774325001 ], [ -54.967361368308623, -34.866400871348908 ], [ -54.967034754361059, -34.867265484979129 ], [ -54.966863115516396, -34.867540925648925 ], [ -54.966936675451628, -34.867628379985362 ], [ -54.967044562487708, -34.867752614391705 ], [ -54.967338802408662, -34.867638188746902 ], [ -54.968332676276276, -34.866876435499222 ], [ -54.969760962984886, -34.865814314074491 ], [ -54.969775675129341, -34.865737484891028 ], [ -54.970528436984303, -34.865168621702892 ], [ -54.970582380755204, -34.865204584271048 ], [ -54.9722346056666, -34.863951736334698 ] ] ] } },
{ "type": "Feature", "properties": { "codigo_ai": 10320012, "nombre_ai": "Excluidos Padron 2526", "nombre_dep": "Maldonado", "nombre_loc": "Maldonado", "fecha_desde": 1975, "footprints_all": 228, "footprints_min6": 228, "footprints_min10": 220, "oai_viviendas": null, "oai_personas": null, "est_dwellings": 205.0, "est_population": 697.0, "meets_definition": true }, "geometry": { "type": "Polygon", "coordinates": [ [ [ -54.941592080443989, -34.899204651351546 ], [ -54.941593545299931, -34.899080065722565 ], [ -54.940917446305448, -34.899068446380937 ], [ -54.940915675185188, -34.89914749188182 ], [ -54.940916392471351, -34.89917438123868 ], [ -54.940146876708297, -34.899166199667299 ], [ -54.94000483491633, -34.899159562256521 ], [ -54.939915024683074, -34.899159571250898 ], [ -54.939594056381907, -34.899159604681273 ], [ -54.939561022345707, -34.899176504015799 ], [ -54.939537440723001, -34.899198002002862 ], [ -54.939530741298455, -34.899443852742273 ], [ -54.939555781641197, -34.899526335230092 ], [ -54.939554709847727, -34.89978441724331 ], [ -54.938958656782923, -34.899756885848795 ], [ -54.939077847615266, -34.90052345779786 ], [ -54.939162095549349, -34.901003129791512 ], [ -54.939404664040403, -34.900984783572873 ], [ -54.939709030302765, -34.900968139357573 ], [ -54.939601513062449, -34.90074250840722 ], [ -54.939538191034522, -34.900621369827462 ], [ -54.939485881598685, -34.900489219756203 ], [ -54.939480375071817, -34.90040937923299 ], [ -54.939510659330395, -34.900321278891759 ], [ -54.939584994910625, -34.900260709922065 ], [ -54.939777713817072, -34.900222165628172 ], [ -54.939962173376856, -34.900175362471586 ], [ -54.940162423404807, -34.900149151421253 ], [ -54.940301081997653, -34.900143618916033 ], [ -54.940888479167725, -34.900173434883513 ], [ -54.940884979630205, -34.900040157104719 ], [ -54.940910321044079, -34.900039116143915 ], [ -54.94122101495995, -34.900027960299745 ], [ -54.941878097821039, -34.900004974279923 ], [ -54.942016914661089, -34.900000235857775 ], [ -54.942413839294019, -34.900000989282049 ], [ -54.94376102362947, -34.900006350562791 ], [ -54.943771746530615, -34.89984278225586 ], [ -54.943774776356307, -34.899771430223879 ], [ -54.943793484910302, -34.899226917034966 ], [ -54.943652356216823, -34.899222522579393 ], [ -54.943077202972916, -34.899202313484544 ], [ -54.942795633731386, -34.89920332260003 ], [ -54.942391929085744, -34.899205521867579 ], [ -54.941592080443989, -34.899204651351546 ] ] ] } },
{ "type": "Feature", "properties": { "codigo_ai": 10321001, "nombre_ai": "Halty", "nombre_dep": "Maldonado", "nombre_loc": "San Carlos", "fecha_desde": 2019, "footprints_all": 19, "footprints_min6": 19, "footprints_min10": 18, "oai_viviendas": null, "oai_personas": null, "est_dwellings": 17.0, "est_population": 58.0, "meets_definition": true }, "geometry": { "type": "Polygon", "coordinates": [ [ [ -54.907788466657202, -34.782605030912556 ], [ -54.906654463318596, -34.782493039078169 ], [ -54.906580677998818, -34.782461168759227 ], [ -54.906008984594614, -34.782366660428323 ], [ -54.905910182115718, -34.78260322195068 ], [ -54.905979085444002, -34.78261026341643 ], [ -54.906397401490672, -34.782741208616883 ], [ -54.906460007800902, -34.782763934173076 ], [ -54.907166898151324, -34.782905733200423 ], [ -54.907738464501449, -34.782971906818581 ], [ -54.907788466657202, -34.782605030912556 ] ] ] } },
{ "type": "Feature", "properties": { "codigo_ai": 10320002, "nombre_ai": "Javier De Viana", "nombre_dep": "Maldonado", "nombre_loc": "Maldonado", "fecha_desde": 2002, "footprints_all": 34, "footprints_min6": 34, "footprints_min10": 34, "oai_viviendas": null, "oai_personas": null, "est_dwellings": 31.0, "est_population": 105.0, "meets_definition": true }, "geometry": { "type": "Polygon", "coordinates": [ [ [ -54.950453206382399, -34.900173824215294 ], [ -54.95047155824895, -34.899528513515051 ], [ -54.950465644081419, -34.899506302132444 ], [ -54.950464088676199, -34.899455505541752 ], [ -54.950451135481529, -34.899211393880542 ], [ -54.950328387364166, -34.899209801934965 ], [ -54.950343234124745, -34.898871713788836 ], [ -54.950187109603561, -34.898871936067593 ], [ -54.950090580009849, -34.899204928953658 ], [ -54.950081649706178, -34.899231248934996 ], [ -54.949942113957306, -34.899642495267109 ], [ -54.949936624461316, -34.899658672160797 ], [ -54.949757223052096, -34.900170405784777 ], [ -54.950187318840946, -34.900174052922821 ], [ -54.950453206382399, -34.900173824215294 ] ] ] } },
{ "type": "Feature", "properties": { "codigo_ai": 10944001, "nombre_ai": "La Capuera", "nombre_dep": "Maldonado", "nombre_loc": "La Capuera", "fecha_desde": 2002, "footprints_all": 304, "footprints_min6": 304, "footprints_min10": 289, "oai_viviendas": null, "oai_personas": null, "est_dwellings": 274.0, "est_population": 932.0, "meets_definition": true }, "geometry": { "type": "MultiPolygon", "coordinates": [ [ [ [ -55.125992385722363, -34.842285510819195 ], [ -55.12594937638179, -34.842263192464053 ], [ -55.125870332306725, -34.842223438073603 ], [ -55.125719581375471, -34.842097912838533 ], [ -55.125638314202753, -34.842030243895962 ], [ -55.125464648233105, -34.841887266305875 ], [ -55.125438610093838, -34.841864715324256 ], [ -55.125262281306533, -34.841844036134887 ], [ -55.125154747372314, -34.84206302370869 ], [ -55.125094302202612, -34.842620519355314 ], [ -55.124971976545098, -34.842914058123377 ], [ -55.124510477732969, -34.844029486686665 ], [ -55.124535253907766, -34.844033836771644 ], [ -55.12459222784112, -34.844031529277466 ], [ -55.1246427414737, -34.843988420364653 ], [ -55.124707201475871, -34.843939969067605 ], [ -55.124811647110761, -34.843893366873743 ], [ -55.124845991236896, -34.843868212682125 ], [ -55.125135555797144, -34.843625922069982 ], [ -55.125133988668864, -34.843557419700964 ], [ -55.125202710852946, -34.843376488050097 ], [ -55.125333991638016, -34.843190664968198 ], [ -55.125604257482593, -34.842847966613739 ], [ -55.125737078168505, -34.842762316371228 ], [ -55.125834486958766, -34.842736586795048 ], [ -55.126127395968759, -34.842809380045864 ], [ -55.126532366683897, -34.842877304030125 ], [ -55.126952539854827, -34.842870291850438 ], [ -55.127044390482922, -34.842860117521894 ], [ -55.127343977316855, -34.842783579712737 ], [ -55.127618121908455, -34.842842864768507 ], [ -55.127678527344884, -34.842861476159925 ], [ -55.127781519779589, -34.84296023993474 ], [ -55.12786433897994, -34.84338194602136 ], [ -55.127967432985102, -34.843541007443491 ], [ -55.128129278010967, -34.843725094609788 ], [ -55.12820236032173, -34.843869334056919 ], [ -55.128256708852369, -34.84400853636442 ], [ -55.128267457473797, -34.844306196112271 ], [ -55.128222786616952, -34.844607723515765 ], [ -55.128176364938305, -34.845738026712802 ], [ -55.128054135928757, -34.845737533471336 ], [ -55.127256056736904, -34.845739942861037 ], [ -55.127239039168266, -34.845836452031492 ], [ -55.127147001660092, -34.846132684543427 ], [ -55.127097800924972, -34.846259343295955 ], [ -55.126885567015478, -34.846641852613772 ], [ -55.127468273753308, -34.846869982170531 ], [ -55.127476544057735, -34.84694159457149 ], [ -55.12747158234319, -34.846981021693928 ], [ -55.127450730814097, -34.847056953255027 ], [ -55.127404175637281, -34.847161933351302 ], [ -55.127231787851009, -34.847436328628206 ], [ -55.12716865124284, -34.847525008379911 ], [ -55.127095484611196, -34.847692345005754 ], [ -55.127042307940499, -34.847854249934215 ], [ -55.127023827492089, -34.848143178126271 ], [ -55.126932883294913, -34.848138336656667 ], [ -55.126945238626327, -34.847971282331386 ], [ -55.126303359235536, -34.847808477860639 ], [ -55.126284980604986, -34.847872334328827 ], [ -55.126276389355397, -34.847953730743832 ], [ -55.126284562223759, -34.848137829579834 ], [ -55.126338328030158, -34.848440257093756 ], [ -55.126415615437075, -34.848702361523564 ], [ -55.126447537848243, -34.848809892043214 ], [ -55.126682960637496, -34.849381119617775 ], [ -55.126813023584901, -34.8496212337011 ], [ -55.126929374910183, -34.849545473445431 ], [ -55.127567009458232, -34.849177367403215 ], [ -55.128614551557746, -34.848572621133577 ], [ -55.129151632127659, -34.848262564358173 ], [ -55.129327773579611, -34.848155645516833 ], [ -55.129460438149373, -34.848055614757641 ], [ -55.129568050234596, -34.847935773514152 ], [ -55.129762064607547, -34.847725365767445 ], [ -55.129755491031894, -34.847802859847107 ], [ -55.129813196322516, -34.847824789857889 ], [ -55.129845407229709, -34.847873849014562 ], [ -55.129845982964866, -34.847919494092693 ], [ -55.130074975610391, -34.847993947511775 ], [ -55.130064747402514, -34.84802397844048 ], [ -55.130026923736388, -34.848011502842233 ], [ -55.130261676112305, -34.848293062392457 ], [ -55.130636668399809, -34.848082578065018 ], [ -55.130473455977054, -34.847956051005163 ], [ -55.130257283645442, -34.847681501697153 ], [ -55.130185462460695, -34.847509555076066 ], [ -55.130154681812471, -34.847435611333154 ], [ -55.129840340611864, -34.847160958076671 ], [ -55.129573964352829, -34.846928367572943 ], [ -55.12946440433484, -34.846791578469734 ], [ -55.129427927231134, -34.846748341924318 ], [ -55.129330282920655, -34.84658251069299 ], [ -55.129241142745698, -34.846433697174284 ], [ -55.129083305304931, -34.846177952717277 ], [ -55.128977547868246, -34.846077321716301 ], [ -55.128952394942253, -34.846054071019537 ], [ -55.128930358852244, -34.846022850362203 ], [ -55.128899123983224, -34.84597908665431 ], [ -55.128786022202533, -34.845685551794958 ], [ -55.128749789457089, -34.845126210265271 ], [ -55.12876260371953, -34.844839533120322 ], [ -55.128778583884746, -34.844520008940854 ], [ -55.128714118331338, -34.844169451593238 ], [ -55.128714865846831, -34.843986032774708 ], [ -55.128715870767195, -34.843895330245459 ], [ -55.128719388711815, -34.843566945365659 ], [ -55.128721398115403, -34.843373481399283 ], [ -55.128726548788364, -34.843152945666915 ], [ -55.128554595870014, -34.842999655608665 ], [ -55.128437155763102, -34.842894828639821 ], [ -55.12753400154115, -34.842510284077662 ], [ -55.127092652692468, -34.842547284797838 ], [ -55.126408764063541, -34.842494978077795 ], [ -55.126339948797593, -34.842460338585447 ], [ -55.125992385722363, -34.842285510819195 ] ] ], [ [ [ -55.135524206454512, -34.861799097695801 ], [ -55.137479276705974, -34.862063226515637 ], [ -55.137888919164496, -34.862088073994265 ], [ -55.13597615604148, -34.859805778035046 ], [ -55.135836212445895, -34.859691542807994 ], [ -55.135536102118607, -34.859628550314149 ], [ -55.135118961458844, -34.859583264368673 ], [ -55.134753960302113, -34.860177163377728 ], [ -55.133246288293797, -34.862325757421182 ], [ -55.13361357469622, -34.862491707232856 ], [ -55.133914935264713, -34.862617973559431 ], [ -55.134040503314608, -34.862654944317335 ], [ -55.135125553676211, -34.862819278815863 ], [ -55.135203305835034, -34.862259811193482 ], [ -55.135212999223796, -34.862078390714714 ], [ -55.135260299126273, -34.861905373862619 ], [ -55.135365760392474, -34.861821536267186 ], [ -55.135524206454512, -34.861799097695801 ] ] ] ] } },
{ "type": "Feature", "properties": { "codigo_ai": 10982001, "nombre_ai": "Laguna De Jose Ignacio - Santa Monica", "nombre_dep": "Maldonado", "nombre_loc": "Santa Monica", "fecha_desde": 2006, "footprints_all": 19, "footprints_min6": 19, "footprints_min10": 19, "oai_viviendas": null, "oai_personas": null, "est_dwellings": 17.0, "est_population": 58.0, "meets_definition": true }, "geometry": { "type": "Polygon", "coordinates": [ [ [ -54.677523665752176, -34.841194813624014 ], [ -54.677220912615134, -34.841116485283187 ], [ -54.676988950683175, -34.841115063390475 ], [ -54.676887302629112, -34.841103791380711 ], [ -54.676873217462138, -34.841199844797501 ], [ -54.676872640532814, -34.841199557911594 ], [ -54.676771864548876, -34.841238436248219 ], [ -54.676775442169316, -34.841314014051626 ], [ -54.676879348100364, -34.841349997277739 ], [ -54.677144077575868, -34.841469462431242 ], [ -54.677249538571374, -34.841496621344596 ], [ -54.677306136230321, -34.841430735011826 ], [ -54.677397149142827, -34.841382351723844 ], [ -54.67775716985318, -34.841501684235439 ], [ -54.677696095070765, -34.84161483699679 ], [ -54.677803628824797, -34.841645487807043 ], [ -54.677854507477484, -34.841642364982164 ], [ -54.677892682752628, -34.841532022886987 ], [ -54.678599549569093, -34.841683228573054 ], [ -54.678475379754651, -34.841879533824532 ], [ -54.678442976474329, -34.841891086327834 ], [ -54.678417435627011, -34.841917549200581 ], [ -54.678475775284788, -34.841939407861666 ], [ -54.678740574915146, -34.84205197260421 ], [ -54.67888272634999, -34.841677210553392 ], [ -54.678984204647634, -34.841678717936091 ], [ -54.678989373734943, -34.841678394714847 ], [ -54.678991789578447, -34.841665571798607 ], [ -54.679078211939022, -34.841652212463607 ], [ -54.679151102042447, -34.84163763372819 ], [ -54.679226907774712, -34.841647838993481 ], [ -54.679270156295743, -34.841640549190011 ], [ -54.679296882251407, -34.841623542140475 ], [ -54.679476459102553, -34.841632650319191 ], [ -54.679490150449219, -34.841472559357996 ], [ -54.679282309033745, -34.841454700728399 ], [ -54.679091600938108, -34.841471378384021 ], [ -54.678961803762427, -34.841469203336736 ], [ -54.678855210040702, -34.841467753334491 ], [ -54.678609029441162, -34.841443461323031 ], [ -54.67849264664882, -34.84143222211712 ], [ -54.678183018501386, -34.841373849572413 ], [ -54.678037487039177, -34.841345747665223 ], [ -54.677523665752176, -34.841194813624014 ] ] ] } },
{ "type": "Feature", "properties": { "codigo_ai": 10320017, "nombre_ai": "Los Eucaliptus", "nombre_dep": "Maldonado", "nombre_loc": "Maldonado", "fecha_desde": 2013, "footprints_all": 705, "footprints_min6": 705, "footprints_min10": 676, "oai_viviendas": null, "oai_personas": null, "est_dwellings": 634.0, "est_population": 2156.0, "meets_definition": true }, "geometry": { "type": "Polygon", "coordinates": [ [ [ -54.959020635783858, -34.888663563741694 ], [ -54.958996548360659, -34.888631178082697 ], [ -54.958885897673831, -34.888651325740369 ], [ -54.95889133405489, -34.888694818217758 ], [ -54.958624619685274, -34.888733833746493 ], [ -54.958549913342729, -34.888477540555776 ], [ -54.958539477589447, -34.888444677329481 ], [ -54.958465196992762, -34.888235578956539 ], [ -54.958453546346462, -34.888203662687424 ], [ -54.958348472259885, -34.887908140723269 ], [ -54.958300835144065, -34.88787195046028 ], [ -54.958196490661344, -34.887573510551938 ], [ -54.958555726071971, -34.887525016929814 ], [ -54.958580006766013, -34.88751220523622 ], [ -54.958605095143518, -34.887509069139767 ], [ -54.958731325119871, -34.887586688183461 ], [ -54.958800841559345, -34.887555836951449 ], [ -54.95886722262464, -34.887769410335991 ], [ -54.959065402467459, -34.887723232457574 ], [ -54.959317457640658, -34.887693409066628 ], [ -54.959289805692492, -34.887429046811675 ], [ -54.959228554209538, -34.887362198769203 ], [ -54.959202500879755, -34.88725337639827 ], [ -54.959130851363717, -34.887003652227719 ], [ -54.959118676370075, -34.88696227613886 ], [ -54.959060512454577, -34.886658806424911 ], [ -54.959060199331908, -34.886524170967348 ], [ -54.958871638590331, -34.88591766624149 ], [ -54.958857764731853, -34.88588429450467 ], [ -54.958709219486884, -34.885356145606892 ], [ -54.958646974856919, -34.885072572209936 ], [ -54.958579119445488, -34.884791589374174 ], [ -54.958571511571257, -34.884760038537237 ], [ -54.958454604419067, -34.884271685605654 ], [ -54.958449323808928, -34.884241547837796 ], [ -54.958423576344472, -34.884102570477296 ], [ -54.958417696249775, -34.884080744052177 ], [ -54.958412195522058, -34.884049421538364 ], [ -54.958402341258967, -34.883929884691142 ], [ -54.958426143252893, -34.883885833055153 ], [ -54.958305162881544, -34.883873663387092 ], [ -54.958065526840421, -34.883897840631505 ], [ -54.957749442743719, -34.883936599270008 ], [ -54.957251161104111, -34.884047983369058 ], [ -54.957261474399409, -34.884061622454325 ], [ -54.95728564830226, -34.884085574886171 ], [ -54.957306717354456, -34.88410775314108 ], [ -54.957316808025467, -34.884114961247001 ], [ -54.957331002268688, -34.884138580935947 ], [ -54.957343200148955, -34.88419568893071 ], [ -54.957352071770977, -34.884217978601598 ], [ -54.95735284793146, -34.884237716914235 ], [ -54.957352736572297, -34.88425357441259 ], [ -54.957353734521888, -34.884264441480717 ], [ -54.957356285162831, -34.884273312444897 ], [ -54.957365600683495, -34.884286951880078 ], [ -54.957382677489633, -34.884302588002782 ], [ -54.957391548423274, -34.884314563794547 ], [ -54.957408514907499, -34.88433474553613 ], [ -54.957419382207945, -34.884350713638412 ], [ -54.957432872545183, -34.884382440948308 ], [ -54.9573428572117, -34.884378599195458 ], [ -54.957315270700832, -34.884382801978056 ], [ -54.957197795849417, -34.884400086437402 ], [ -54.957200777069609, -34.8844212186671 ], [ -54.957022691084774, -34.88445094347815 ], [ -54.956897595982731, -34.884488720951758 ], [ -54.956673322609561, -34.884556311435894 ], [ -54.956626144145091, -34.884570010749748 ], [ -54.956588247992634, -34.884581941294599 ], [ -54.956411340005381, -34.884621553496636 ], [ -54.956203328470465, -34.884643736255462 ], [ -54.956272595061087, -34.884845765437682 ], [ -54.955563433988182, -34.884945488014992 ], [ -54.955249145041321, -34.884965951423943 ], [ -54.955225676896212, -34.884952077302003 ], [ -54.955183699672439, -34.884867792649978 ], [ -54.955172335600835, -34.884784468480191 ], [ -54.955191211394244, -34.884734250892699 ], [ -54.955219742871897, -34.884682872280408 ], [ -54.955227105795288, -34.88465167052842 ], [ -54.955212696169227, -34.884640825707727 ], [ -54.955181037123594, -34.884630375822411 ], [ -54.955107894302976, -34.884621343840479 ], [ -54.955046751963586, -34.884695424020336 ], [ -54.954964174250165, -34.884784414986122 ], [ -54.954945070267925, -34.884848910323811 ], [ -54.954960141230693, -34.885154803056146 ], [ -54.955001128525915, -34.885282867152569 ], [ -54.955110145437729, -34.885483057719895 ], [ -54.955134043944184, -34.88552221887786 ], [ -54.955244158474926, -34.885697391450336 ], [ -54.955346137011084, -34.885797839089101 ], [ -54.955463696812814, -34.885873259107051 ], [ -54.955707471293216, -34.886005868791344 ], [ -54.955740390818875, -34.886035152626754 ], [ -54.955759767913349, -34.886060045231424 ], [ -54.955784536092672, -34.886083597744836 ], [ -54.955826368256147, -34.886185753204124 ], [ -54.955861668863633, -34.88629735081863 ], [ -54.955900568907275, -34.886455112096158 ], [ -54.956098258046609, -34.887151133678358 ], [ -54.956129570590242, -34.88725286506908 ], [ -54.956217021677638, -34.887429209896105 ], [ -54.956273088885169, -34.887462003210146 ], [ -54.95632612463092, -34.887491337615749 ], [ -54.956302338187484, -34.887526719629562 ], [ -54.956265666471012, -34.887650252327944 ], [ -54.956251930539374, -34.887780120160315 ], [ -54.956255220276489, -34.887943342688814 ], [ -54.956266503986598, -34.888103112349704 ], [ -54.95630000658489, -34.888259343818959 ], [ -54.956329606655046, -34.888385399315112 ], [ -54.956341457006253, -34.888436739654253 ], [ -54.956360296976307, -34.888474422594008 ], [ -54.956536982654853, -34.888958282888836 ], [ -54.956552833500368, -34.889003170393053 ], [ -54.956658074512212, -34.889294610708625 ], [ -54.956716089216208, -34.889389359386271 ], [ -54.957473883027411, -34.889077207452935 ], [ -54.95802622735664, -34.888885599161902 ], [ -54.958785857861834, -34.888791989234463 ], [ -54.958785968817942, -34.888792059616968 ], [ -54.958801565515195, -34.888800567287191 ], [ -54.9588370138191, -34.88881843304258 ], [ -54.958857431819951, -34.888821835910832 ], [ -54.958881252888098, -34.88881956741686 ], [ -54.958898834798397, -34.888814746380483 ], [ -54.958951581731007, -34.888797447865585 ], [ -54.958989298249037, -34.888791208764282 ], [ -54.959011985894541, -34.888790925378061 ], [ -54.95904615694387, -34.888793902873743 ], [ -54.959065015902056, -34.888794470256663 ], [ -54.959088978595531, -34.888791208776638 ], [ -54.959120881686253, -34.888789223831907 ], [ -54.959145837136397, -34.888782276301534 ], [ -54.959161434034435, -34.888782417440034 ], [ -54.959195039539331, -34.888777029724821 ], [ -54.959213046787198, -34.888773059647171 ], [ -54.959263950130747, -34.88875774592411 ], [ -54.959280539778632, -34.888754201006783 ], [ -54.959336547614008, -34.888742148275803 ], [ -54.959352145485646, -34.888738887814839 ], [ -54.959399220519003, -34.888724850366273 ], [ -54.959433392152611, -34.888718469554867 ], [ -54.959439311161802, -34.888614169037083 ], [ -54.959020635783858, -34.888663563741694 ] ] ] } },
{ "type": "Feature", "properties": { "codigo_ai": 10320008, "nombre_ai": "Maldonado Nuevo 9", "nombre_dep": "Maldonado", "nombre_loc": "Maldonado", "fecha_desde": 1978, "footprints_all": 13, "footprints_min6": 13, "footprints_min10": 13, "oai_viviendas": null, "oai_personas": null, "est_dwellings": 12.0, "est_population": 41.0, "meets_definition": true }, "geometry": { "type": "Polygon", "coordinates": [ [ [ -54.936269981680574, -34.899276824837003 ], [ -54.936221831977683, -34.899310850292402 ], [ -54.936243905961355, -34.899328076213429 ], [ -54.936219583129756, -34.899752682462349 ], [ -54.936409813160829, -34.899746789844244 ], [ -54.936409648605654, -34.899756952087422 ], [ -54.936583030299602, -34.899755065340621 ], [ -54.937018165680996, -34.89972997237858 ], [ -54.937014423715247, -34.899681876663493 ], [ -54.937015983171925, -34.899616911801125 ], [ -54.937005938408504, -34.89956163005165 ], [ -54.937009726146783, -34.899366992607099 ], [ -54.936625676636794, -34.899349596452737 ], [ -54.936622563332584, -34.899246248750927 ], [ -54.936306567504005, -34.899241859162863 ], [ -54.936269981680574, -34.899276824837003 ] ] ] } },
{ "type": "Feature", "properties": { "codigo_ai": 10900002, "nombre_ai": "Mario Benedetti", "nombre_dep": "Maldonado", "nombre_loc": "Maldonado", "fecha_desde": 2012, "footprints_all": 410, "footprints_min6": 410, "footprints_min10": 380, "oai_viviendas": null, "oai_personas": null, "est_dwellings": 369.0, "est_population": 1255.0, "meets_definition": true }, "geometry": { "type": "Polygon", "coordinates": [ [ [ -54.972203915771303, -34.861498723316032 ], [ -54.969336359093894, -34.862140001038291 ], [ -54.968996350191276, -34.862229907418993 ], [ -54.96899308040021, -34.862287121207039 ], [ -54.966721717939144, -34.862848608284423 ], [ -54.96723148643332, -34.864473661241739 ], [ -54.967509892484394, -34.865203860182554 ], [ -54.968147732224658, -34.865224963063163 ], [ -54.968159481069961, -34.865372066956404 ], [ -54.968679541816677, -34.865426476541117 ], [ -54.969562474236092, -34.865277833895597 ], [ -54.970065903662437, -34.864996025215738 ], [ -54.970623544286255, -34.864466659383623 ], [ -54.971315511251369, -34.863830962421538 ], [ -54.972268126758046, -34.86391851380229 ], [ -54.972500248565453, -34.863754230826295 ], [ -54.972299185212506, -34.863021084479037 ], [ -54.972007398024047, -34.862417894391768 ], [ -54.971861912905126, -34.862004324487145 ], [ -54.972347407782394, -34.861853935409435 ], [ -54.972203915771303, -34.861498723316032 ] ] ] } },
{ "type": "Feature", "properties": { "codigo_ai": 10320016, "nombre_ai": "Nueva Esperanza", "nombre_dep": "Maldonado", "nombre_loc": "Maldonado", "fecha_desde": 2007, "footprints_all": 119, "footprints_min6": 119, "footprints_min10": 115, "oai_viviendas": null, "oai_personas": null, "est_dwellings": 107.0, "est_population": 364.0, "meets_definition": true }, "geometry": { "type": "Polygon", "coordinates": [ [ [ -54.957194026930857, -34.884373118681815 ], [ -54.957197605278303, -34.884399033816244 ], [ -54.957314895190692, -34.884381618226662 ], [ -54.956998503285568, -34.883712414874026 ], [ -54.956297820156145, -34.883761413870651 ], [ -54.956277454755288, -34.88363671269407 ], [ -54.955437604467818, -34.882843770068931 ], [ -54.955357591788641, -34.882686707109414 ], [ -54.955263540134823, -34.882700133865079 ], [ -54.955301730158482, -34.882967739573935 ], [ -54.955197448307665, -34.883359786937248 ], [ -54.955173102463746, -34.883463429177404 ], [ -54.955160465931144, -34.883577160368993 ], [ -54.955150987834813, -34.883697210553699 ], [ -54.955201535237201, -34.883801463855143 ], [ -54.955239445422457, -34.883972061358676 ], [ -54.955296311567615, -34.884646551105625 ], [ -54.955223649420901, -34.884723951832235 ], [ -54.955214171824373, -34.884840842038074 ], [ -54.955241025280003, -34.884932458841377 ], [ -54.956201423154127, -34.884806090730883 ], [ -54.956139818547662, -34.884605481411974 ], [ -54.956365111888005, -34.884581327371102 ], [ -54.956407624629428, -34.88457617673906 ], [ -54.956577866620208, -34.884536327133759 ], [ -54.956677457133587, -34.884506298316055 ], [ -54.956997203313868, -34.884411252886018 ], [ -54.957194026930857, -34.884373118681815 ] ] ] } },
{ "type": "Feature", "properties": { "codigo_ai": 10320003, "nombre_ai": "San Antonio Iv", "nombre_dep": "Maldonado", "nombre_loc": "Maldonado", "fecha_desde": 1982, "footprints_all": 202, "footprints_min6": 202, "footprints_min10": 194, "oai_viviendas": null, "oai_personas": null, "est_dwellings": 182.0, "est_population": 619.0, "meets_definition": true }, "geometry": { "type": "Polygon", "coordinates": [ [ [ -54.945593436066396, -34.896477718369788 ], [ -54.945381537865245, -34.896215614600301 ], [ -54.945344459645725, -34.896129903097417 ], [ -54.945300346899323, -34.895991469438123 ], [ -54.94529170728589, -34.895913612668018 ], [ -54.945294169153705, -34.895844568832089 ], [ -54.945595723000942, -34.895805478039392 ], [ -54.945412836035409, -34.895276363628447 ], [ -54.945262059691956, -34.895290324219964 ], [ -54.945119701139078, -34.895290365387368 ], [ -54.94470770580525, -34.895303284544937 ], [ -54.944631894042409, -34.895308378863781 ], [ -54.944343794404517, -34.895307285295495 ], [ -54.943956911126534, -34.895290548085313 ], [ -54.943939893408903, -34.895842120599717 ], [ -54.943944611204074, -34.895865452501447 ], [ -54.943928898109711, -34.896486133384542 ], [ -54.943930176974682, -34.896503045702971 ], [ -54.943917705736197, -34.897232451492435 ], [ -54.943917305228723, -34.897262914646525 ], [ -54.943909054210856, -34.897652004335256 ], [ -54.943916505661591, -34.897923858873995 ], [ -54.944474879672782, -34.897914382893127 ], [ -54.944564888740587, -34.897903271184568 ], [ -54.944642075002683, -34.897881144542104 ], [ -54.945392458515784, -34.89779691583567 ], [ -54.945459698687891, -34.897804000433162 ], [ -54.946056427693385, -34.897750162665396 ], [ -54.946034467437968, -34.897713626349507 ], [ -54.945979587907374, -34.897497315584737 ], [ -54.945866405148614, -34.897196876575762 ], [ -54.945824858239838, -34.897017711731095 ], [ -54.945619007389546, -34.89653738487732 ], [ -54.945593436066396, -34.896477718369788 ] ] ] } },
{ "type": "Feature", "properties": { "codigo_ai": 10020002, "nombre_ai": "Sector D Y E", "nombre_dep": "Maldonado", "nombre_loc": "Maldonado", "fecha_desde": 2020, "footprints_all": 111, "footprints_min6": 111, "footprints_min10": 103, "oai_viviendas": null, "oai_personas": null, "est_dwellings": 100.0, "est_population": 340.0, "meets_definition": true }, "geometry": { "type": "Polygon", "coordinates": [ [ [ -54.95732996001945, -34.884028334887006 ], [ -54.957748739325311, -34.883930583949294 ], [ -54.957743687803585, -34.883897787692383 ], [ -54.95806708984302, -34.883859746157107 ], [ -54.958306333815479, -34.883837790981289 ], [ -54.958449384653811, -34.883854710310466 ], [ -54.958549806965031, -34.883804841507448 ], [ -54.958567779614349, -34.8837743650028 ], [ -54.958548458371908, -34.883617622144733 ], [ -54.958502512868975, -34.883543662414866 ], [ -54.95839044127581, -34.883461478443969 ], [ -54.95831758097345, -34.883429732892104 ], [ -54.958266741574811, -34.883403014741518 ], [ -54.958223315319934, -34.883356987954841 ], [ -54.958163252584647, -34.883134933859729 ], [ -54.958101703220201, -34.882915624353025 ], [ -54.958090390870574, -34.882856361237423 ], [ -54.958088262905228, -34.88282620610164 ], [ -54.958075409623149, -34.882723720555781 ], [ -54.958018106111659, -34.882496569334521 ], [ -54.957961714929347, -34.882369798899525 ], [ -54.957880782400878, -34.882069432305215 ], [ -54.956614828767961, -34.882124663779557 ], [ -54.956589527419531, -34.882461303423831 ], [ -54.956684911322988, -34.88304848145026 ], [ -54.956922555071316, -34.883114629711464 ], [ -54.957251161104111, -34.884047983369058 ], [ -54.95732996001945, -34.884028334887006 ] ] ] } },
{ "type": "Feature", "properties": { "codigo_ai": 1010034, "nombre_ai": "1 De Marzo", "nombre_dep": "Montevideo", "nombre_loc": "Montevideo", "fecha_desde": 1987, "footprints_all": 24, "footprints_min6": 24, "footprints_min10": 24, "oai_viviendas": 30.0, "oai_personas": 92.0, "est_dwellings": 22.0, "est_population": 75.0, "meets_definition": true }, "geometry": { "type": "Polygon", "coordinates": [ [ [ -56.144096365991757, -34.827552012424327 ], [ -56.143831990007214, -34.827517353317702 ], [ -56.143585379793087, -34.828860660735899 ], [ -56.143891839390243, -34.828898864614274 ], [ -56.144096365991757, -34.827552012424327 ] ] ] } },
{ "type": "Feature", "properties": { "codigo_ai": 1017016, "nombre_ai": "1 De Mayo", "nombre_dep": "Montevideo", "nombre_loc": "Montevideo", "fecha_desde": 1992, "footprints_all": 111, "footprints_min6": 111, "footprints_min10": 110, "oai_viviendas": 96.0, "oai_personas": 331.0, "est_dwellings": 100.0, "est_population": 340.0, "meets_definition": true }, "geometry": { "type": "Polygon", "coordinates": [ [ [ -56.253491285360248, -34.864600354568744 ], [ -56.25344704525773, -34.864619531640741 ], [ -56.25322117999179, -34.864293836625627 ], [ -56.252668413259862, -34.864537293101719 ], [ -56.252762695361255, -34.864772042016575 ], [ -56.252810762272382, -34.865154113183195 ], [ -56.252930671476996, -34.865596196290817 ], [ -56.255094916265698, -34.865183017707011 ], [ -56.2549954932866, -34.864789412418645 ], [ -56.254510876830857, -34.864166503101202 ], [ -56.254252612358123, -34.864259017612966 ], [ -56.254179728897881, -34.864149711936811 ], [ -56.253923836585798, -34.864264690859692 ], [ -56.254003195179592, -34.86437668661695 ], [ -56.253491285360248, -34.864600354568744 ] ] ] } },
{ "type": "Feature", "properties": { "codigo_ai": 1011056, "nombre_ai": "1 De Mayo", "nombre_dep": "Montevideo", "nombre_loc": "Montevideo", "fecha_desde": 2004, "footprints_all": 332, "footprints_min6": 332, "footprints_min10": 314, "oai_viviendas": 250.0, "oai_personas": 875.0, "est_dwellings": 299.0, "est_population": 1017.0, "meets_definition": true }, "geometry": { "type": "MultiPolygon", "coordinates": [ [ [ [ -56.161378099167024, -34.820582613845403 ], [ -56.162054788937411, -34.820571097323182 ], [ -56.162078820880446, -34.82048470239517 ], [ -56.162775889786857, -34.820429602385339 ], [ -56.162761390366484, -34.8205147889011 ], [ -56.16274470088397, -34.820625571478281 ], [ -56.162016889170062, -34.820682712995279 ], [ -56.161329286954199, -34.820773088520575 ], [ -56.16118143815315, -34.821451527084044 ], [ -56.162055762066942, -34.821603737984532 ], [ -56.162528529403708, -34.821688710391754 ], [ -56.162436735940844, -34.822017572238522 ], [ -56.163468017151729, -34.822187950405464 ], [ -56.163587523812367, -34.821894033031491 ], [ -56.164729917378629, -34.822108518047635 ], [ -56.16514266250838, -34.820228387666191 ], [ -56.162941636314507, -34.819867890236658 ], [ -56.162323415285975, -34.819767506557319 ], [ -56.161809067697497, -34.819637775089589 ], [ -56.161588752379231, -34.819599042397172 ], [ -56.161549260199202, -34.81997937362901 ], [ -56.161523168936284, -34.820101482888916 ], [ -56.161426107863875, -34.820326393372113 ], [ -56.161378099167024, -34.820582613845403 ] ] ], [ [ [ -56.164637859709536, -34.822524578643559 ], [ -56.163471919087769, -34.822313794776477 ], [ -56.163358395226709, -34.822701971121717 ], [ -56.163952537823327, -34.822744487473415 ], [ -56.164189619450326, -34.822808621231339 ], [ -56.164562895021071, -34.822838887298062 ], [ -56.164637859709536, -34.822524578643559 ] ] ] ] } },
{ "type": "Feature", "properties": { "codigo_ai": 1013015, "nombre_ai": "12 De Diciembre", "nombre_dep": "Montevideo", "nombre_loc": "Montevideo", "fecha_desde": 1990, "footprints_all": 323, "footprints_min6": 323, "footprints_min10": 311, "oai_viviendas": 265.0, "oai_personas": 891.0, "est_dwellings": 291.0, "est_population": 989.0, "meets_definition": true }, "geometry": { "type": "Polygon", "coordinates": [ [ [ -56.231547168272719, -34.820115814809292 ], [ -56.23169311421244, -34.820026304372568 ], [ -56.231962962621026, -34.820333906209328 ], [ -56.232031640466047, -34.820348005632987 ], [ -56.23269431302954, -34.819954586724499 ], [ -56.232703409090782, -34.819893185824881 ], [ -56.232274969310488, -34.819487941634833 ], [ -56.231988650766851, -34.819227126209704 ], [ -56.23177864315786, -34.819235956723062 ], [ -56.231517124974182, -34.819272553520477 ], [ -56.231438593418055, -34.819278653722144 ], [ -56.231348243218029, -34.819277890890454 ], [ -56.231296016245501, -34.819268360452234 ], [ -56.230665369518562, -34.818899455418823 ], [ -56.230565976455217, -34.8188434887632 ], [ -56.230515092949091, -34.818826158298741 ], [ -56.230410057349445, -34.818912871016792 ], [ -56.230369274359639, -34.818944746642217 ], [ -56.230310783915499, -34.818893315470625 ], [ -56.230263386407401, -34.818861044339947 ], [ -56.230191785355167, -34.818846925429817 ], [ -56.230146404209563, -34.818845916898759 ], [ -56.230103040297834, -34.818859027073742 ], [ -56.23008535784458, -34.818869547627905 ], [ -56.230363644678718, -34.819191701010162 ], [ -56.227940195120979, -34.820639784385371 ], [ -56.227806054838744, -34.82048800852165 ], [ -56.227469464491243, -34.820691949609525 ], [ -56.227319965361978, -34.82055831162338 ], [ -56.227259771464418, -34.820548046236617 ], [ -56.22694830839081, -34.820730204271207 ], [ -56.227218077419238, -34.821066421950867 ], [ -56.227025190434617, -34.821219812927083 ], [ -56.226930299341241, -34.821332091880379 ], [ -56.228084890698767, -34.822144877589587 ], [ -56.228360125523778, -34.821928018754704 ], [ -56.228693753290507, -34.822335087651055 ], [ -56.229298106628399, -34.821977948415416 ], [ -56.229000516423731, -34.821628192496597 ], [ -56.231547168272719, -34.820115814809292 ] ], [ [ -56.231504504555403, -34.819824963336977 ], [ -56.230346050942643, -34.820496621973255 ], [ -56.229934732053174, -34.820017370952364 ], [ -56.230891227925682, -34.819401538920332 ], [ -56.230959778512528, -34.81944181662692 ], [ -56.231238070769102, -34.819630139545595 ], [ -56.23130802225846, -34.819693974913676 ], [ -56.231358506939138, -34.819735363724064 ], [ -56.231409902213642, -34.819765836360844 ], [ -56.2314412842031, -34.819776297331458 ], [ -56.231504504555403, -34.819824963336977 ] ] ] } },
{ "type": "Feature", "properties": { "codigo_ai": 1012027, "nombre_ai": "12 De Octubre", "nombre_dep": "Montevideo", "nombre_loc": "Montevideo", "fecha_desde": 1996, "footprints_all": 224, "footprints_min6": 224, "footprints_min10": 214, "oai_viviendas": 154.0, "oai_personas": 655.0, "est_dwellings": 202.0, "est_population": 687.0, "meets_definition": true }, "geometry": { "type": "Polygon", "coordinates": [ [ [ -56.239482301823735, -34.797834905879306 ], [ -56.239122195666489, -34.797511303333039 ], [ -56.239078674838197, -34.797429365484135 ], [ -56.238342198641206, -34.797544140791459 ], [ -56.238224598957579, -34.797141228629606 ], [ -56.237970292887809, -34.797199320474235 ], [ -56.237632280910162, -34.797276532008837 ], [ -56.237531646875148, -34.797006175754696 ], [ -56.238101042528264, -34.796849560854533 ], [ -56.237963180000754, -34.796416038923219 ], [ -56.23747309717124, -34.796573879672671 ], [ -56.237314958912975, -34.796232197284461 ], [ -56.236619750008963, -34.796496910728145 ], [ -56.23604113955335, -34.79676935057595 ], [ -56.234851408371739, -34.797398073770509 ], [ -56.235359664830973, -34.798204778798393 ], [ -56.23597193907792, -34.798042441347548 ], [ -56.236331487139452, -34.797945482497845 ], [ -56.236379998390717, -34.797926485016994 ], [ -56.237030392530635, -34.797795690006673 ], [ -56.237085776106888, -34.797792958639938 ], [ -56.23714119466883, -34.797822267408414 ], [ -56.237185792829266, -34.797913331142695 ], [ -56.23723243040093, -34.798051687091061 ], [ -56.237432560731023, -34.798792404559997 ], [ -56.237608214490606, -34.798785121531246 ], [ -56.23770693475705, -34.79864989999848 ], [ -56.238324971328403, -34.798533758908675 ], [ -56.238210450230589, -34.797859025657402 ], [ -56.238981115169622, -34.79772395564698 ], [ -56.23907676112983, -34.797955419669776 ], [ -56.239482301823735, -34.797834905879306 ] ] ] } },
{ "type": "Feature", "properties": { "codigo_ai": 1012036, "nombre_ai": "16 De Setiembre", "nombre_dep": "Montevideo", "nombre_loc": "Rural", "fecha_desde": 1995, "footprints_all": 70, "footprints_min6": 70, "footprints_min10": 68, "oai_viviendas": 60.0, "oai_personas": 211.0, "est_dwellings": 63.0, "est_population": 214.0, "meets_definition": true }, "geometry": { "type": "MultiPolygon", "coordinates": [ [ [ [ -56.237670155110735, -34.806233288654916 ], [ -56.237645868012393, -34.806228561952601 ], [ -56.237496686740272, -34.807190707900055 ], [ -56.237584102524075, -34.807299388345193 ], [ -56.237695933615981, -34.807390742257532 ], [ -56.237976296209844, -34.807526199043608 ], [ -56.238172393892803, -34.807608890499878 ], [ -56.238338563345721, -34.807524623837523 ], [ -56.238898524642558, -34.807282218916988 ], [ -56.239389926672743, -34.807084784833521 ], [ -56.239550454322, -34.806375470050554 ], [ -56.238788275813796, -34.806266847144478 ], [ -56.237670155110735, -34.806233288654916 ] ] ], [ [ [ -56.237377488911463, -34.808149374911267 ], [ -56.237637264639552, -34.808189620794707 ], [ -56.237780354657296, -34.807985028495857 ], [ -56.238012000625858, -34.807599722750446 ], [ -56.237675456900732, -34.807447445541818 ], [ -56.237502199204719, -34.807309626667355 ], [ -56.237459227447523, -34.807183738040436 ], [ -56.23747848224378, -34.807010445059063 ], [ -56.23729475894725, -34.807062593102948 ], [ -56.237184044206501, -34.807164483412038 ], [ -56.237057939954745, -34.807193324178286 ], [ -56.236943740142777, -34.80718755024381 ], [ -56.236955003147287, -34.807313748805157 ], [ -56.236966624298773, -34.807355427274487 ], [ -56.237118288064231, -34.807597971813777 ], [ -56.23712054505279, -34.807628175473461 ], [ -56.237114797614957, -34.807667686356076 ], [ -56.23710114887227, -34.807695703660741 ], [ -56.237018828598096, -34.80780771535175 ], [ -56.236797096856229, -34.808028660838751 ], [ -56.237377488911463, -34.808149374911267 ] ] ] ] } },
{ "type": "Feature", "properties": { "codigo_ai": 1009047, "nombre_ai": "17 De Junio", "nombre_dep": "Montevideo", "nombre_loc": "Rural", "fecha_desde": 1995, "footprints_all": 370, "footprints_min6": 370, "footprints_min10": 361, "oai_viviendas": 288.0, "oai_personas": 1165.0, "est_dwellings": 333.0, "est_population": 1132.0, "meets_definition": true }, "geometry": { "type": "Polygon", "coordinates": [ [ [ -56.121027015622929, -34.822794576859671 ], [ -56.12020425264631, -34.824017602783385 ], [ -56.120181087013052, -34.824058943830416 ], [ -56.119940114680794, -34.824428490375027 ], [ -56.119919789894006, -34.824415538738826 ], [ -56.119855856692368, -34.824502789594646 ], [ -56.121519408647927, -34.825280224103963 ], [ -56.121571524909996, -34.825222472910873 ], [ -56.121623292305003, -34.825242063518765 ], [ -56.122043441679686, -34.825419451797174 ], [ -56.122011712181596, -34.825510044456124 ], [ -56.122374927583436, -34.825670556855592 ], [ -56.122753231938873, -34.825050511517375 ], [ -56.123669846486003, -34.823924900391994 ], [ -56.12430160328018, -34.82399541930161 ], [ -56.124546246928283, -34.82352900720246 ], [ -56.12378052877493, -34.823203981746268 ], [ -56.121429811944211, -34.8221389269818 ], [ -56.121027015622929, -34.822794576859671 ] ] ] } },
{ "type": "Feature", "properties": { "codigo_ai": 1017049, "nombre_ai": "18 De Julio - Tala", "nombre_dep": "Montevideo", "nombre_loc": "Montevideo", "fecha_desde": 1960, "footprints_all": 210, "footprints_min6": 210, "footprints_min10": 201, "oai_viviendas": 173.0, "oai_personas": 616.0, "est_dwellings": 189.0, "est_population": 643.0, "meets_definition": true }, "geometry": { "type": "Polygon", "coordinates": [ [ [ -56.26790186981431, -34.881331545289711 ], [ -56.267950015284619, -34.881403228361265 ], [ -56.268093381478693, -34.881474912107734 ], [ -56.268351496005764, -34.881552747232952 ], [ -56.268370786605253, -34.881469917127632 ], [ -56.269033474516618, -34.88161406837348 ], [ -56.269002447154499, -34.881748340594449 ], [ -56.269396720298289, -34.881851980146386 ], [ -56.269599601096559, -34.881316548943353 ], [ -56.270104790438047, -34.881418244701948 ], [ -56.269979571568015, -34.882066943113003 ], [ -56.270726148810645, -34.882207737564954 ], [ -56.271095258200461, -34.88071814384498 ], [ -56.270475669464972, -34.880582323996265 ], [ -56.269872477731425, -34.880430938116731 ], [ -56.26867365080485, -34.880104253649478 ], [ -56.268101406513097, -34.879963141913294 ], [ -56.26803400271482, -34.88026164366898 ], [ -56.268015813702903, -34.88061578125 ], [ -56.267992276132311, -34.880836715495668 ], [ -56.26790186981431, -34.881331545289711 ] ] ] } },
{ "type": "Feature", "properties": { "codigo_ai": 1011003, "nombre_ai": "18 De Mayo - Placido Ellauri", "nombre_dep": "Montevideo", "nombre_loc": "Montevideo", "fecha_desde": 1990, "footprints_all": 75, "footprints_min6": 75, "footprints_min10": 70, "oai_viviendas": 47.0, "oai_personas": 181.0, "est_dwellings": 68.0, "est_population": 231.0, "meets_definition": true }, "geometry": { "type": "Polygon", "coordinates": [ [ [ -56.155916098610682, -34.837440801554472 ], [ -56.157065920084499, -34.837400048919783 ], [ -56.15759123206044, -34.837114657929433 ], [ -56.157255462959434, -34.836706590479977 ], [ -56.156713430121904, -34.835980892885942 ], [ -56.154638365148145, -34.837142925290202 ], [ -56.15474436469102, -34.837274068879054 ], [ -56.1555756102087, -34.83770440749138 ], [ -56.155916098610682, -34.837440801554472 ] ] ] } },
{ "type": "Feature", "properties": { "codigo_ai": 1014010, "nombre_ai": "19 De Abril", "nombre_dep": "Montevideo", "nombre_loc": "Montevideo", "fecha_desde": 1973, "footprints_all": 281, "footprints_min6": 281, "footprints_min10": 267, "oai_viviendas": 276.0, "oai_personas": 1022.0, "est_dwellings": 253.0, "est_population": 860.0, "meets_definition": true }, "geometry": { "type": "Polygon", "coordinates": [ [ [ -56.250712981602909, -34.845720408895929 ], [ -56.252504021187391, -34.844723922144524 ], [ -56.252999413506743, -34.844432262453743 ], [ -56.251656941522775, -34.842882277389641 ], [ -56.251696959124843, -34.84286083041777 ], [ -56.252042115484258, -34.842659747938754 ], [ -56.251189313114097, -34.8415619292564 ], [ -56.25041151290619, -34.842018206561178 ], [ -56.250924806635467, -34.842702737474632 ], [ -56.251381710782937, -34.843292268857688 ], [ -56.250277050288801, -34.843915730015041 ], [ -56.249765536467606, -34.844222646615968 ], [ -56.250712981602909, -34.845720408895929 ] ] ] } },
{ "type": "Feature", "properties": { "codigo_ai": 1010012, "nombre_ai": "19 De Mayo", "nombre_dep": "Montevideo", "nombre_loc": "Montevideo", "fecha_desde": 1994, "footprints_all": 45, "footprints_min6": 45, "footprints_min10": 42, "oai_viviendas": 48.0, "oai_personas": 208.0, "est_dwellings": 40.0, "est_population": 136.0, "meets_definition": true }, "geometry": { "type": "Polygon", "coordinates": [ [ [ -56.149500433623679, -34.821577058392307 ], [ -56.149338689216783, -34.823169893337855 ], [ -56.149897803846201, -34.8231956189084 ], [ -56.149959711975306, -34.822410313257237 ], [ -56.149999739640656, -34.821591061147416 ], [ -56.149500433623679, -34.821577058392307 ] ] ] } },
{ "type": "Feature", "properties": { "codigo_ai": 1017053, "nombre_ai": "2 De Enero", "nombre_dep": "Montevideo", "nombre_loc": "Rural", "fecha_desde": 1996, "footprints_all": 81, "footprints_min6": 81, "footprints_min10": 78, "oai_viviendas": 86.0, "oai_personas": 311.0, "est_dwellings": 73.0, "est_population": 248.0, "meets_definition": true }, "geometry": { "type": "Polygon", "coordinates": [ [ [ -56.274267973949691, -34.876952991028311 ], [ -56.274246755225725, -34.876905052457261 ], [ -56.274097438974778, -34.876832751572159 ], [ -56.274045963654793, -34.876776954922271 ], [ -56.274332415770445, -34.875338411896031 ], [ -56.273539230530588, -34.87521776673394 ], [ -56.273155648877506, -34.875171770606542 ], [ -56.273035505374985, -34.876033481099221 ], [ -56.27336488090971, -34.876079279914421 ], [ -56.27340891879777, -34.876110252665704 ], [ -56.273399069549285, -34.876170483958497 ], [ -56.273405130755457, -34.876273142390893 ], [ -56.273500591602144, -34.876717869833513 ], [ -56.273599194378889, -34.877117631888758 ], [ -56.273449356415654, -34.877168436756648 ], [ -56.273491152080815, -34.877317268447889 ], [ -56.273588781310153, -34.877583860638175 ], [ -56.274135078312838, -34.877488600539834 ], [ -56.274267973949691, -34.876952991028311 ] ] ] } },
{ "type": "Feature", "properties": { "codigo_ai": 1011007, "nombre_ai": "2 De Febrero", "nombre_dep": "Montevideo", "nombre_loc": "Montevideo", "fecha_desde": 1994, "footprints_all": 37, "footprints_min6": 37, "footprints_min10": 35, "oai_viviendas": 30.0, "oai_personas": 119.0, "est_dwellings": 33.0, "est_population": 112.0, "meets_definition": true }, "geometry": { "type": "Polygon", "coordinates": [ [ [ -56.160366908449156, -34.83497812353729 ], [ -56.159524706864687, -34.834873593572453 ], [ -56.15928237269128, -34.834859782510023 ], [ -56.159172507344714, -34.835471893407096 ], [ -56.159159711499449, -34.835584636301995 ], [ -56.159157439733306, -34.835608755524667 ], [ -56.159165129770287, -34.835758957406412 ], [ -56.159545109634912, -34.835720818667475 ], [ -56.15982726138688, -34.835715610734049 ], [ -56.160262722743845, -34.835758556391873 ], [ -56.160294571125135, -34.835453942137406 ], [ -56.160312917402436, -34.835303327594239 ], [ -56.160366908449156, -34.83497812353729 ] ] ] } },
{ "type": "Feature", "properties": { "codigo_ai": 1012045, "nombre_ai": "2 De Febrero (Pororo)", "nombre_dep": "Montevideo", "nombre_loc": "Montevideo", "fecha_desde": 2020, "footprints_all": 45, "footprints_min6": 45, "footprints_min10": 42, "oai_viviendas": 32.0, "oai_personas": 115.0, "est_dwellings": 40.0, "est_population": 136.0, "meets_definition": true }, "geometry": { "type": "Polygon", "coordinates": [ [ [ -56.233144869568562, -34.787793941298702 ], [ -56.232306155532399, -34.788072928298213 ], [ -56.232518257590385, -34.788680726000216 ], [ -56.232571656019928, -34.788661442477348 ], [ -56.232592278814423, -34.788698670378992 ], [ -56.232499945125404, -34.788742996099394 ], [ -56.232723581188083, -34.789450228729791 ], [ -56.233810678186728, -34.788962895902806 ], [ -56.233434721120005, -34.788288094946402 ], [ -56.233144869568562, -34.787793941298702 ] ] ] } },
{ "type": "Feature", "properties": { "codigo_ai": 1017051, "nombre_ai": "20 De Julio", "nombre_dep": "Montevideo", "nombre_loc": "Rural", "fecha_desde": 1997, "footprints_all": 261, "footprints_min6": 261, "footprints_min10": 246, "oai_viviendas": 190.0, "oai_personas": 724.0, "est_dwellings": 235.0, "est_population": 799.0, "meets_definition": true }, "geometry": { "type": "Polygon", "coordinates": [ [ [ -56.27721451644242, -34.880122306409042 ], [ -56.277049721455043, -34.880110724839334 ], [ -56.276674014206478, -34.880086485014459 ], [ -56.276192476537204, -34.880049091584659 ], [ -56.275974427777882, -34.880024582509428 ], [ -56.274459588471359, -34.879833596473404 ], [ -56.274408228089186, -34.879845664486865 ], [ -56.274391950536973, -34.879888324089286 ], [ -56.274563992472416, -34.880335829512745 ], [ -56.274601072294232, -34.880416396407675 ], [ -56.274728149354573, -34.880681634854987 ], [ -56.274844179384779, -34.88088385973883 ], [ -56.275009311093093, -34.881118662209367 ], [ -56.275051128060667, -34.881191580727133 ], [ -56.275102354672391, -34.88132095174975 ], [ -56.275111763395294, -34.881360677950006 ], [ -56.275116728990149, -34.881401449821936 ], [ -56.275109411444099, -34.881485345245331 ], [ -56.275061321840518, -34.881751144732434 ], [ -56.276168296800087, -34.882105690110812 ], [ -56.277207471689032, -34.882429551970453 ], [ -56.277242280421383, -34.882362833829028 ], [ -56.277155257565539, -34.881948853948337 ], [ -56.27722363342783, -34.881074895944273 ], [ -56.27721451644242, -34.880122306409042 ] ] ] } },
{ "type": "Feature", "properties": { "codigo_ai": 1010045, "nombre_ai": "21 De Febrero- Nueva Tres Cruces - Nueva Mausa", "nombre_dep": "Montevideo", "nombre_loc": "Montevideo", "fecha_desde": 1995, "footprints_all": 48, "footprints_min6": 48, "footprints_min10": 45, "oai_viviendas": 53.0, "oai_personas": 223.0, "est_dwellings": 43.0, "est_population": 146.0, "meets_definition": true }, "geometry": { "type": "Polygon", "coordinates": [ [ [ -56.151197274079465, -34.824117574894366 ], [ -56.151943590016188, -34.824217219226604 ], [ -56.152058069829692, -34.823478104255038 ], [ -56.151801731850846, -34.823468812231866 ], [ -56.151454109669587, -34.823422004737999 ], [ -56.150955069105287, -34.823396798445053 ], [ -56.150889717900739, -34.823870728346456 ], [ -56.150894110733091, -34.823951035116337 ], [ -56.150934874741267, -34.824035979963867 ], [ -56.151040569665703, -34.824088290528302 ], [ -56.151126406492736, -34.824112076709426 ], [ -56.151197274079465, -34.824117574894366 ] ] ] } },
{ "type": "Feature", "properties": { "codigo_ai": 1017022, "nombre_ai": "21 De Noviembre", "nombre_dep": "Montevideo", "nombre_loc": "Montevideo", "fecha_desde": 1990, "footprints_all": 68, "footprints_min6": 68, "footprints_min10": 64, "oai_viviendas": 51.0, "oai_personas": 204.0, "est_dwellings": 61.0, "est_population": 207.0, "meets_definition": true }, "geometry": { "type": "Polygon", "coordinates": [ [ [ -56.266259769091654, -34.862380556868032 ], [ -56.26511250475405, -34.862235376161479 ], [ -56.265076047224483, -34.862248500661416 ], [ -56.265065109582245, -34.862292006572332 ], [ -56.265143858038883, -34.862490821714623 ], [ -56.265164031098166, -34.862618180752733 ], [ -56.265172805717953, -34.862797807817451 ], [ -56.265176534655836, -34.862894177517802 ], [ -56.265163273317413, -34.863366926719465 ], [ -56.266024924172754, -34.863488952688549 ], [ -56.266259769091654, -34.862380556868032 ] ] ] } },
{ "type": "Feature", "properties": { "codigo_ai": 1010023, "nombre_ai": "23 De Diciembre", "nombre_dep": "Montevideo", "nombre_loc": "Rural", "fecha_desde": 1998, "footprints_all": 257, "footprints_min6": 257, "footprints_min10": 246, "oai_viviendas": 190.0, "oai_personas": 775.0, "est_dwellings": 231.0, "est_population": 785.0, "meets_definition": true }, "geometry": { "type": "Polygon", "coordinates": [ [ [ -56.158309295895819, -34.786332960176267 ], [ -56.158216881688858, -34.783639594562054 ], [ -56.158211518184274, -34.782544989504729 ], [ -56.158269082471492, -34.782507876002349 ], [ -56.158732297014708, -34.782178745650583 ], [ -56.15730845440401, -34.781952324549337 ], [ -56.15727953490665, -34.782080244775479 ], [ -56.156136240713522, -34.781875170053901 ], [ -56.155854746502307, -34.783050101637002 ], [ -56.156372713093297, -34.783139488827409 ], [ -56.156676280685183, -34.783189756216771 ], [ -56.157185333181211, -34.783312624807493 ], [ -56.157212320963097, -34.783339651117331 ], [ -56.156641823794537, -34.786043553679725 ], [ -56.158309295895819, -34.786332960176267 ] ] ] } },
{ "type": "Feature", "properties": { "codigo_ai": 1010025, "nombre_ai": "23 De Octubre", "nombre_dep": "Montevideo", "nombre_loc": "Montevideo", "fecha_desde": 1998, "footprints_all": 241, "footprints_min6": 241, "footprints_min10": 232, "oai_viviendas": 198.0, "oai_personas": 770.0, "est_dwellings": 217.0, "est_population": 738.0, "meets_definition": true }, "geometry": { "type": "Polygon", "coordinates": [ [ [ -56.142907477276339, -34.789741145536027 ], [ -56.142683730453022, -34.791339445456764 ], [ -56.147096196827825, -34.791767859406974 ], [ -56.145447116908727, -34.790134580376808 ], [ -56.145324280011074, -34.790019162614911 ], [ -56.145267262754281, -34.78999043315671 ], [ -56.14519566020482, -34.789971427500163 ], [ -56.142907477276339, -34.789741145536027 ] ] ] } },
{ "type": "Feature", "properties": { "codigo_ai": 1018027, "nombre_ai": "24 De Agosto - Los Tres Tanques", "nombre_dep": "Montevideo", "nombre_loc": "Montevideo", "fecha_desde": 1995, "footprints_all": 11, "footprints_min6": 11, "footprints_min10": 11, "oai_viviendas": 13.0, "oai_personas": 33.0, "est_dwellings": 10.0, "est_population": 34.0, "meets_definition": true }, "geometry": { "type": "Polygon", "coordinates": [ [ [ -56.258189180551135, -34.836232055539654 ], [ -56.25819527365001, -34.836223731744703 ], [ -56.258211406218727, -34.83621093701592 ], [ -56.258294849386509, -34.836155586517926 ], [ -56.258191101182412, -34.836078540258754 ], [ -56.258068161341086, -34.836014567541163 ], [ -56.25780197798116, -34.835911654655057 ], [ -56.25753662935238, -34.835832661384671 ], [ -56.25732329280379, -34.835782595572191 ], [ -56.257093908431074, -34.83592071511238 ], [ -56.258189180551135, -34.836232055539654 ] ] ] } },
{ "type": "Feature", "properties": { "codigo_ai": 1011050, "nombre_ai": "24 De Enero", "nombre_dep": "Montevideo", "nombre_loc": "Rural", "fecha_desde": 2003, "footprints_all": 272, "footprints_min6": 272, "footprints_min10": 257, "oai_viviendas": 178.0, "oai_personas": 722.0, "est_dwellings": 245.0, "est_population": 833.0, "meets_definition": true }, "geometry": { "type": "Polygon", "coordinates": [ [ [ -56.178319969882345, -34.818655179366573 ], [ -56.178328220046239, -34.819685610193424 ], [ -56.182117586051874, -34.819582292088825 ], [ -56.182098071029827, -34.819422268192646 ], [ -56.181766315307407, -34.81942226843767 ], [ -56.181731944864183, -34.818659692882434 ], [ -56.181928423566383, -34.818650608049801 ], [ -56.181936932398997, -34.818432408381767 ], [ -56.18110919039961, -34.818350981323604 ], [ -56.180732413115585, -34.818300282081729 ], [ -56.180743521782418, -34.818158632393086 ], [ -56.179366668803361, -34.818002234948757 ], [ -56.178338197885815, -34.817785064258103 ], [ -56.177557105300728, -34.818143511269021 ], [ -56.177598120853837, -34.818234460131492 ], [ -56.176961477314791, -34.81852870818755 ], [ -56.176740345230101, -34.818603607404889 ], [ -56.176768330769278, -34.818990106017758 ], [ -56.176959693698123, -34.818988803661064 ], [ -56.176996588680616, -34.81961253228603 ], [ -56.177455547398381, -34.819495095212233 ], [ -56.177447591882256, -34.819406405954133 ], [ -56.177704347927488, -34.819402530004233 ], [ -56.177658537074286, -34.818962572388806 ], [ -56.177801419417193, -34.818953137378173 ], [ -56.177821975367202, -34.818869550769257 ], [ -56.177813902642313, -34.818669589804138 ], [ -56.178319969882345, -34.818655179366573 ] ] ] } },
{ "type": "Feature", "properties": { "codigo_ai": 1009071, "nombre_ai": "24 De Junio Y San Cono", "nombre_dep": "Montevideo", "nombre_loc": "Rural", "fecha_desde": 2002, "footprints_all": 674, "footprints_min6": 674, "footprints_min10": 651, "oai_viviendas": 375.0, "oai_personas": 1377.0, "est_dwellings": 607.0, "est_population": 2064.0, "meets_definition": true }, "geometry": { "type": "Polygon", "coordinates": [ [ [ -56.097160683455712, -34.796432734951367 ], [ -56.097468775924177, -34.796269712251842 ], [ -56.097772460488002, -34.796081434548462 ], [ -56.095723843545919, -34.795056227325077 ], [ -56.095711624854729, -34.795077449047589 ], [ -56.095676254857835, -34.795082593038813 ], [ -56.095026741707699, -34.79474079479499 ], [ -56.094926340744003, -34.794655747678938 ], [ -56.09403776135899, -34.794180831094309 ], [ -56.09305416658696, -34.794554140297208 ], [ -56.091570575015545, -34.795086291355467 ], [ -56.090519457201452, -34.795420050535768 ], [ -56.090367689449351, -34.795511368433125 ], [ -56.090356114410902, -34.795576963363864 ], [ -56.090341645008017, -34.795759277018576 ], [ -56.089764894549262, -34.79657652419926 ], [ -56.089647448602413, -34.796509568443241 ], [ -56.089290353568259, -34.796971325114868 ], [ -56.091784560978844, -34.798200900615178 ], [ -56.09230658749847, -34.798449681982682 ], [ -56.093647888084263, -34.797780434600973 ], [ -56.093841219035482, -34.797682093733428 ], [ -56.094040896870887, -34.797593991205694 ], [ -56.094128355251513, -34.797561837127056 ], [ -56.094237357902706, -34.797527111075865 ], [ -56.094337383122678, -34.797504026241249 ], [ -56.094478275723418, -34.797484090381474 ], [ -56.094580442586647, -34.797481773802815 ], [ -56.09473285334483, -34.797493348793061 ], [ -56.09488912287199, -34.797522931077673 ], [ -56.095077867596856, -34.797585309969925 ], [ -56.095249569682828, -34.797596242346557 ], [ -56.095424385109801, -34.797467065338488 ], [ -56.095825772439355, -34.797187241539966 ], [ -56.096119661069153, -34.797008464477969 ], [ -56.096601329693058, -34.796738048748772 ], [ -56.097160683455712, -34.796432734951367 ] ] ] } },
{ "type": "Feature", "properties": { "codigo_ai": 1013040, "nombre_ai": "24 De Mayo - Covifenix", "nombre_dep": "Montevideo", "nombre_loc": "Montevideo", "fecha_desde": 1997, "footprints_all": 17, "footprints_min6": 17, "footprints_min10": 16, "oai_viviendas": 15.0, "oai_personas": 52.0, "est_dwellings": 15.0, "est_population": 51.0, "meets_definition": true }, "geometry": { "type": "Polygon", "coordinates": [ [ [ -56.227725018725053, -34.833911270719774 ], [ -56.227579284543317, -34.833936240703409 ], [ -56.226060238745177, -34.834817432599571 ], [ -56.226686076156298, -34.83550974418457 ], [ -56.228283449399783, -34.834562201866589 ], [ -56.227862399809958, -34.834040087115966 ], [ -56.227725018725053, -34.833911270719774 ] ] ] } },
{ "type": "Feature", "properties": { "codigo_ai": 1008014, "nombre_ai": "26 De Setiembre - Campoamor Y Cambay", "nombre_dep": "Montevideo", "nombre_loc": "Montevideo", "fecha_desde": 1995, "footprints_all": 89, "footprints_min6": 89, "footprints_min10": 87, "oai_viviendas": 110.0, "oai_personas": 354.0, "est_dwellings": 80.0, "est_population": 272.0, "meets_definition": true }, "geometry": { "type": "Polygon", "coordinates": [ [ [ -56.115623164282781, -34.865848338483509 ], [ -56.115602357428386, -34.865746801520444 ], [ -56.112943845994756, -34.863995673100128 ], [ -56.112503034429366, -34.86444791863169 ], [ -56.112597477401216, -34.864523354725982 ], [ -56.112498282609423, -34.864692047139151 ], [ -56.114282580910867, -34.865915959708815 ], [ -56.114213118173382, -34.866000003184411 ], [ -56.114401411635654, -34.866161567326216 ], [ -56.11459314556182, -34.865962732561037 ], [ -56.115159337460689, -34.866326101009797 ], [ -56.115623164282781, -34.865848338483509 ] ] ] } },
{ "type": "Feature", "properties": { "codigo_ai": 1010032, "nombre_ai": "3 De Enero", "nombre_dep": "Montevideo", "nombre_loc": "Rural", "fecha_desde": 2003, "footprints_all": 348, "footprints_min6": 348, "footprints_min10": 335, "oai_viviendas": 321.0, "oai_personas": 1156.0, "est_dwellings": 313.0, "est_population": 1064.0, "meets_definition": true }, "geometry": { "type": "Polygon", "coordinates": [ [ [ -56.124808121452901, -34.823626737499168 ], [ -56.124870233690338, -34.82350370813284 ], [ -56.124925666544186, -34.823348133113122 ], [ -56.124965838754505, -34.823054002442625 ], [ -56.124977715456097, -34.823014878684539 ], [ -56.125033709500741, -34.823002537197397 ], [ -56.125229534625319, -34.822005875888287 ], [ -56.124418710110007, -34.821598018787846 ], [ -56.124497061841446, -34.821441254447876 ], [ -56.125054565458413, -34.820015112324612 ], [ -56.12353073046954, -34.819262443747547 ], [ -56.122143416051664, -34.822388291873217 ], [ -56.124808121452901, -34.823626737499168 ] ] ] } },
{ "type": "Feature", "properties": { "codigo_ai": 1009092, "nombre_ai": "3 De Octubre", "nombre_dep": "Montevideo", "nombre_loc": "Montevideo", "fecha_desde": 2014, "footprints_all": 55, "footprints_min6": 55, "footprints_min10": 52, "oai_viviendas": 35.0, "oai_personas": 148.0, "est_dwellings": 50.0, "est_population": 170.0, "meets_definition": true }, "geometry": { "type": "Polygon", "coordinates": [ [ [ -56.127666309624971, -34.809850826623915 ], [ -56.127553852147315, -34.810011744859054 ], [ -56.12595960218048, -34.80923948145783 ], [ -56.125913060969786, -34.809374150498094 ], [ -56.125895217950429, -34.809492426524571 ], [ -56.12573296476701, -34.809871611132635 ], [ -56.12736627656659, -34.810522861581738 ], [ -56.127609454973573, -34.81016708244497 ], [ -56.127794558292749, -34.810255805622987 ], [ -56.127893322194375, -34.810133055083639 ], [ -56.127694614390307, -34.809919171902109 ], [ -56.127666309624971, -34.809850826623915 ] ] ] } },
{ "type": "Feature", "properties": { "codigo_ai": 1010027, "nombre_ai": "30 De Abril", "nombre_dep": "Montevideo", "nombre_loc": "Rural", "fecha_desde": 2000, "footprints_all": 143, "footprints_min6": 143, "footprints_min10": 140, "oai_viviendas": 123.0, "oai_personas": 540.0, "est_dwellings": 129.0, "est_population": 439.0, "meets_definition": true }, "geometry": { "type": "Polygon", "coordinates": [ [ [ -56.122138040341667, -34.822385736346355 ], [ -56.123529320693258, -34.819261650886595 ], [ -56.122679979872416, -34.818832095849409 ], [ -56.121331190787686, -34.822002959255926 ], [ -56.121522614749829, -34.822100469095552 ], [ -56.122138040341667, -34.822385736346355 ] ] ] } },
{ "type": "Feature", "properties": { "codigo_ai": 1017050, "nombre_ai": "30 De Marzo", "nombre_dep": "Montevideo", "nombre_loc": "Montevideo", "fecha_desde": 1992, "footprints_all": 264, "footprints_min6": 264, "footprints_min10": 259, "oai_viviendas": 238.0, "oai_personas": 936.0, "est_dwellings": 238.0, "est_population": 809.0, "meets_definition": true }, "geometry": { "type": "Polygon", "coordinates": [ [ [ -56.272968120652514, -34.881062396654904 ], [ -56.272786388171525, -34.88050438550723 ], [ -56.272640478094679, -34.879998671784314 ], [ -56.272519858663401, -34.879516307270777 ], [ -56.272305247760748, -34.878821825395605 ], [ -56.272287136434571, -34.878700864418263 ], [ -56.272269886920931, -34.878678655089978 ], [ -56.272237975631661, -34.878665286992558 ], [ -56.270625138379415, -34.878444118579083 ], [ -56.270532587700835, -34.878912040773713 ], [ -56.270445255728063, -34.879269222142831 ], [ -56.270370682641733, -34.879328396543663 ], [ -56.270255183349882, -34.879818460822946 ], [ -56.270137094424065, -34.880447687005137 ], [ -56.271115452434991, -34.880663634118207 ], [ -56.272968120652514, -34.881062396654904 ] ] ] } },
{ "type": "Feature", "properties": { "codigo_ai": 1009026, "nombre_ai": "33 Orientales", "nombre_dep": "Montevideo", "nombre_loc": "Montevideo", "fecha_desde": 1990, "footprints_all": 53, "footprints_min6": 53, "footprints_min10": 53, "oai_viviendas": 61.0, "oai_personas": 210.0, "est_dwellings": 48.0, "est_population": 163.0, "meets_definition": true }, "geometry": { "type": "Polygon", "coordinates": [ [ [ -56.09797192734009, -34.822640571424472 ], [ -56.097255262581797, -34.822252828808097 ], [ -56.09631560182013, -34.823333074532378 ], [ -56.097049535650015, -34.823742823218815 ], [ -56.09797192734009, -34.822640571424472 ] ] ] } },
{ "type": "Feature", "properties": { "codigo_ai": 1010021, "nombre_ai": "4 De Octubre", "nombre_dep": "Montevideo", "nombre_loc": "Montevideo", "fecha_desde": 1999, "footprints_all": 13, "footprints_min6": 13, "footprints_min10": 13, "oai_viviendas": 10.0, "oai_personas": 34.0, "est_dwellings": 12.0, "est_population": 41.0, "meets_definition": true }, "geometry": { "type": "Polygon", "coordinates": [ [ [ -56.148763148044452, -34.829435997015999 ], [ -56.148987293600143, -34.82946182820897 ], [ -56.14920344289515, -34.828168797050402 ], [ -56.148972035488477, -34.828140390618501 ], [ -56.148763148044452, -34.829435997015999 ] ] ] } },
{ "type": "Feature", "properties": { "codigo_ai": 1017006, "nombre_ai": "4 Esquinas", "nombre_dep": "Montevideo", "nombre_loc": "Montevideo", "fecha_desde": 1994, "footprints_all": 60, "footprints_min6": 60, "footprints_min10": 55, "oai_viviendas": 51.0, "oai_personas": 191.0, "est_dwellings": 54.0, "est_population": 184.0, "meets_definition": true }, "geometry": { "type": "Polygon", "coordinates": [ [ [ -56.26795808326159, -34.857941181945286 ], [ -56.267831115933717, -34.857975871276828 ], [ -56.267292159603919, -34.857913435022006 ], [ -56.267214222029175, -34.857948477720491 ], [ -56.267191836229692, -34.857991679525746 ], [ -56.267081111787078, -34.858487719201115 ], [ -56.267091147911565, -34.858962773609598 ], [ -56.267620565341311, -34.859050591408057 ], [ -56.268351437786535, -34.859127696326354 ], [ -56.268463224855729, -34.858605156163684 ], [ -56.268490103272953, -34.85858676726351 ], [ -56.268581825275568, -34.858043002825994 ], [ -56.26795808326159, -34.857941181945286 ] ] ] } },
{ "type": "Feature", "properties": { "codigo_ai": 1009066, "nombre_ai": "5 De Abril", "nombre_dep": "Montevideo", "nombre_loc": "Rural", "fecha_desde": 1998, "footprints_all": 179, "footprints_min6": 179, "footprints_min10": 168, "oai_viviendas": 175.0, "oai_personas": 706.0, "est_dwellings": 161.0, "est_population": 547.0, "meets_definition": true }, "geometry": { "type": "Polygon", "coordinates": [ [ [ -56.126467985529921, -34.824454284847427 ], [ -56.12456727300993, -34.823529158502339 ], [ -56.124301529868241, -34.824002354906391 ], [ -56.124536500849175, -34.824052597121167 ], [ -56.124112049774915, -34.825303956695755 ], [ -56.124044845466749, -34.825297616975206 ], [ -56.124031548329761, -34.825372498542073 ], [ -56.126227503433029, -34.825627670714276 ], [ -56.126467985529921, -34.824454284847427 ] ] ] } },
{ "type": "Feature", "properties": { "codigo_ai": 1017024, "nombre_ai": "5 De Enero", "nombre_dep": "Montevideo", "nombre_loc": "Montevideo", "fecha_desde": 1998, "footprints_all": 91, "footprints_min6": 91, "footprints_min10": 90, "oai_viviendas": 97.0, "oai_personas": 342.0, "est_dwellings": 82.0, "est_population": 279.0, "meets_definition": true }, "geometry": { "type": "Polygon", "coordinates": [ [ [ -56.27237172018917, -34.870340179798376 ], [ -56.272623019824458, -34.869078741381045 ], [ -56.272216382789544, -34.869026906423727 ], [ -56.271858065570306, -34.870857028944947 ], [ -56.271473238892113, -34.872885005297391 ], [ -56.271856036077928, -34.872941347614557 ], [ -56.27237172018917, -34.870340179798376 ] ] ] } },
{ "type": "Feature", "properties": { "codigo_ai": 1009040, "nombre_ai": "50 Metros - Perez Curis", "nombre_dep": "Montevideo", "nombre_loc": "Montevideo", "fecha_desde": 1974, "footprints_all": 238, "footprints_min6": 238, "footprints_min10": 228, "oai_viviendas": 223.0, "oai_personas": 876.0, "est_dwellings": 214.0, "est_population": 728.0, "meets_definition": true }, "geometry": { "type": "Polygon", "coordinates": [ [ [ -56.119579770188672, -34.83238357193332 ], [ -56.120449564090798, -34.831347479943183 ], [ -56.12054556175223, -34.831255386676098 ], [ -56.119295789023333, -34.830513961013374 ], [ -56.119290760159117, -34.830367460781162 ], [ -56.120897164171936, -34.829404524893292 ], [ -56.121010999396923, -34.829362544034417 ], [ -56.121137114146237, -34.829335892861586 ], [ -56.121245636816596, -34.829329099574991 ], [ -56.121428712833527, -34.829366376675615 ], [ -56.121567370469975, -34.829309154034469 ], [ -56.120218759821945, -34.828468585528931 ], [ -56.119761537739087, -34.829122441635306 ], [ -56.119365473534891, -34.829281532582812 ], [ -56.119332049141619, -34.829320335622107 ], [ -56.119205515197727, -34.829427278428618 ], [ -56.118829912712471, -34.82973948739042 ], [ -56.118745966444472, -34.829787510611411 ], [ -56.118689682727663, -34.829811330606773 ], [ -56.118549069542375, -34.829824393281932 ], [ -56.118512187114156, -34.829839760264178 ], [ -56.11842758627273, -34.829900435230115 ], [ -56.118345064526039, -34.829968464400771 ], [ -56.118247864421186, -34.830029550189529 ], [ -56.118109556266738, -34.830083720986551 ], [ -56.118100292832729, -34.830085138984138 ], [ -56.117916307826391, -34.83011330430373 ], [ -56.117829097390334, -34.83015671790637 ], [ -56.117742654372947, -34.83021204077432 ], [ -56.117693093184599, -34.830250844442823 ], [ -56.117570921126074, -34.830318846092169 ], [ -56.117557089923658, -34.830323840546711 ], [ -56.116487505335968, -34.830582015821534 ], [ -56.119579770188672, -34.83238357193332 ] ] ] } },
{ "type": "Feature", "properties": { "codigo_ai": 1017059, "nombre_ai": "6 De Setiembre", "nombre_dep": "Montevideo", "nombre_loc": "Rural", "fecha_desde": 1998, "footprints_all": 34, "footprints_min6": 34, "footprints_min10": 33, "oai_viviendas": 25.0, "oai_personas": 102.0, "est_dwellings": 31.0, "est_population": 105.0, "meets_definition": true }, "geometry": { "type": "Polygon", "coordinates": [ [ [ -56.279563312239986, -34.869991736509554 ], [ -56.278684868548289, -34.869871392690598 ], [ -56.278557367504462, -34.870524213607915 ], [ -56.279439515380517, -34.870657050471529 ], [ -56.279563312239986, -34.869991736509554 ] ] ] } },
{ "type": "Feature", "properties": { "codigo_ai": 1013013, "nombre_ai": "7 De Diciembre", "nombre_dep": "Montevideo", "nombre_loc": "Montevideo", "fecha_desde": 1997, "footprints_all": 67, "footprints_min6": 67, "footprints_min10": 63, "oai_viviendas": 83.0, "oai_personas": 317.0, "est_dwellings": 60.0, "est_population": 204.0, "meets_definition": true }, "geometry": { "type": "Polygon", "coordinates": [ [ [ -56.227620527725485, -34.83097077503561 ], [ -56.228365298510276, -34.830523695094378 ], [ -56.227219037841827, -34.829148951710792 ], [ -56.226721314583514, -34.8294436483921 ], [ -56.227028180343389, -34.829942304415553 ], [ -56.227620527725485, -34.83097077503561 ] ] ] } },
{ "type": "Feature", "properties": { "codigo_ai": 1009017, "nombre_ai": "7 Manzanas - Ituzaingo", "nombre_dep": "Montevideo", "nombre_loc": "Montevideo", "fecha_desde": 1948, "footprints_all": 100, "footprints_min6": 100, "footprints_min10": 99, "oai_viviendas": 144.0, "oai_personas": 505.0, "est_dwellings": 90.0, "est_population": 306.0, "meets_definition": true }, "geometry": { "type": "Polygon", "coordinates": [ [ [ -56.145368276416185, -34.845263002373017 ], [ -56.145948186981158, -34.845886478295384 ], [ -56.145777487798078, -34.845990354751862 ], [ -56.146100901344731, -34.846356869593954 ], [ -56.146283542659077, -34.846262437397378 ], [ -56.146609526237697, -34.846624540529639 ], [ -56.146433739468456, -34.846727851973675 ], [ -56.1467915170333, -34.84712309275649 ], [ -56.146970079920443, -34.847021722768048 ], [ -56.147288103237379, -34.847375243277334 ], [ -56.147122400035499, -34.847476271973413 ], [ -56.147730604967627, -34.848178711289911 ], [ -56.148437239597769, -34.847746642035098 ], [ -56.147849104740395, -34.847035216768084 ], [ -56.147714713335958, -34.847118165919092 ], [ -56.145129139544395, -34.844250349353928 ], [ -56.14454959297484, -34.844607993607397 ], [ -56.144895362614584, -34.845019306432945 ], [ -56.145052256258452, -34.844928136040224 ], [ -56.14530803496509, -34.845235787699252 ], [ -56.145368276416185, -34.845263002373017 ] ] ] } },
{ "type": "Feature", "properties": { "codigo_ai": 1009013, "nombre_ai": "8 De Marzo", "nombre_dep": "Montevideo", "nombre_loc": "Montevideo", "fecha_desde": 1994, "footprints_all": 234, "footprints_min6": 234, "footprints_min10": 220, "oai_viviendas": 209.0, "oai_personas": 607.0, "est_dwellings": 211.0, "est_population": 717.0, "meets_definition": true }, "geometry": { "type": "Polygon", "coordinates": [ [ [ -56.048101067498074, -34.775859586438592 ], [ -56.048270287505929, -34.774965139909469 ], [ -56.048147265369749, -34.774965680337864 ], [ -56.048393232617443, -34.773883545197798 ], [ -56.048377034293765, -34.773845995714737 ], [ -56.048325128153337, -34.773825196333526 ], [ -56.045873389233648, -34.774024867609995 ], [ -56.046115403920339, -34.775979745975945 ], [ -56.0473310478976, -34.775898336557887 ], [ -56.047721745892176, -34.775871317973703 ], [ -56.048101067498074, -34.775859586438592 ] ] ] } },
{ "type": "Feature", "properties": { "codigo_ai": 1012022, "nombre_ai": "Abayuba", "nombre_dep": "Montevideo", "nombre_loc": "Montevideo", "fecha_desde": 1991, "footprints_all": 56, "footprints_min6": 56, "footprints_min10": 56, "oai_viviendas": 38.0, "oai_personas": 148.0, "est_dwellings": 50.0, "est_population": 170.0, "meets_definition": true }, "geometry": { "type": "MultiPolygon", "coordinates": [ [ [ [ -56.220964338777044, -34.768042226065269 ], [ -56.220955393769302, -34.767942180166266 ], [ -56.221151700030475, -34.767932430276943 ], [ -56.221145913501033, -34.767845810900567 ], [ -56.221453662324976, -34.767833253863891 ], [ -56.221418910377459, -34.767465091751959 ], [ -56.22109209206986, -34.767482431327991 ], [ -56.221035551751257, -34.767497921443407 ], [ -56.220545112669768, -34.767868190647526 ], [ -56.220465371893845, -34.767942228620505 ], [ -56.220441241784862, -34.767973702971744 ], [ -56.220259478179003, -34.768235655889271 ], [ -56.219976582972038, -34.768544110377775 ], [ -56.221205077947836, -34.768479763802873 ], [ -56.221159333363367, -34.768127575266178 ], [ -56.221840982904894, -34.76808585455646 ], [ -56.221834473751237, -34.768000587723961 ], [ -56.220964338777044, -34.768042226065269 ] ] ], [ [ [ -56.220826711806964, -34.767551478177936 ], [ -56.221428767580043, -34.767121870518203 ], [ -56.220861944882031, -34.766573617586083 ], [ -56.220190887645352, -34.76696721285542 ], [ -56.220826711806964, -34.767551478177936 ] ] ] ] } },
{ "type": "Feature", "properties": { "codigo_ai": 1013026, "nombre_ai": "Accesos Y El Fortin", "nombre_dep": "Montevideo", "nombre_loc": "Montevideo", "fecha_desde": 1980, "footprints_all": 65, "footprints_min6": 65, "footprints_min10": 61, "oai_viviendas": 40.0, "oai_personas": 124.0, "est_dwellings": 58.0, "est_population": 197.0, "meets_definition": true }, "geometry": { "type": "Polygon", "coordinates": [ [ [ -56.249662728365479, -34.827856849738566 ], [ -56.249670715924438, -34.827834276985506 ], [ -56.249660992905838, -34.827792952371652 ], [ -56.249281776529749, -34.827359041550977 ], [ -56.248992329120298, -34.827139221819294 ], [ -56.248693216172128, -34.826998288383017 ], [ -56.248623269242863, -34.826965023946379 ], [ -56.247846341498722, -34.826814212847232 ], [ -56.24774992876619, -34.826936614428874 ], [ -56.249052757161117, -34.828287230043962 ], [ -56.249662728365479, -34.827856849738566 ] ] ] } },
{ "type": "Feature", "properties": { "codigo_ai": 1013024, "nombre_ai": "Accesos Y Orticochea", "nombre_dep": "Montevideo", "nombre_loc": "Montevideo", "fecha_desde": 1996, "footprints_all": 14, "footprints_min6": 14, "footprints_min10": 13, "oai_viviendas": 21.0, "oai_personas": 65.0, "est_dwellings": 13.0, "est_population": 44.0, "meets_definition": true }, "geometry": { "type": "Polygon", "coordinates": [ [ [ -56.246557646913502, -34.825338349398102 ], [ -56.246546885631055, -34.825280952651326 ], [ -56.246154676013795, -34.824790691886044 ], [ -56.245906283741931, -34.824463422263889 ], [ -56.24507962118637, -34.824417002929806 ], [ -56.245087542650481, -34.824491531530299 ], [ -56.245176949800978, -34.824591391601238 ], [ -56.24527631703323, -34.82454235540321 ], [ -56.245722803231878, -34.824630242574401 ], [ -56.246378719507831, -34.825408737641688 ], [ -56.246557646913502, -34.825338349398102 ] ] ] } },
{ "type": "Feature", "properties": { "codigo_ai": 1009006, "nombre_ai": "Al Paso Hondo", "nombre_dep": "Montevideo", "nombre_loc": "Montevideo", "fecha_desde": 1988, "footprints_all": 170, "footprints_min6": 170, "footprints_min10": 163, "oai_viviendas": 151.0, "oai_personas": 359.0, "est_dwellings": 153.0, "est_population": 520.0, "meets_definition": true }, "geometry": { "type": "Polygon", "coordinates": [ [ [ -56.041773845349368, -34.778264944242494 ], [ -56.041710283165479, -34.778376981017324 ], [ -56.04121245791854, -34.779025893698993 ], [ -56.041180133831872, -34.779012745220918 ], [ -56.040869321029341, -34.77944335094238 ], [ -56.040584408455807, -34.779774399500035 ], [ -56.040443571277557, -34.779982417338864 ], [ -56.04045895094918, -34.779994558666232 ], [ -56.040350489563963, -34.780172628970583 ], [ -56.040305177503114, -34.780191533639268 ], [ -56.040191845168586, -34.780332082182518 ], [ -56.04103687660573, -34.780800460823301 ], [ -56.041252116841321, -34.780612643752306 ], [ -56.04195511355983, -34.780025016465267 ], [ -56.041979324090107, -34.779986488423127 ], [ -56.042838842477529, -34.779311380596923 ], [ -56.042857217833486, -34.779290607591633 ], [ -56.042863210993865, -34.779280220767255 ], [ -56.042866405987255, -34.779265039971641 ], [ -56.04286490792316, -34.779255552785749 ], [ -56.042861212794541, -34.779246664207847 ], [ -56.042856918889107, -34.779239373300534 ], [ -56.042635218336237, -34.779097495204248 ], [ -56.042552473348763, -34.779033101823501 ], [ -56.041908861831722, -34.778700510486544 ], [ -56.041833843555743, -34.778648673646849 ], [ -56.041981856934861, -34.778389260421079 ], [ -56.041773845349368, -34.778264944242494 ] ] ] } },
{ "type": "Feature", "properties": { "codigo_ai": 1014025, "nombre_ai": "Alaska Cañada Victoria", "nombre_dep": "Montevideo", "nombre_loc": "Montevideo", "fecha_desde": 1960, "footprints_all": 33, "footprints_min6": 33, "footprints_min10": 32, "oai_viviendas": 37.0, "oai_personas": 169.0, "est_dwellings": 30.0, "est_population": 102.0, "meets_definition": true }, "geometry": { "type": "Polygon", "coordinates": [ [ [ -56.239912062324606, -34.852863125824612 ], [ -56.239589034225773, -34.852405319284031 ], [ -56.239346096076794, -34.852142926272677 ], [ -56.238958041714803, -34.852350543189111 ], [ -56.239181851549951, -34.85255781306924 ], [ -56.239340975158456, -34.852833020713526 ], [ -56.239484079888825, -34.853000290901996 ], [ -56.239506358019575, -34.85308147213388 ], [ -56.239762738787313, -34.853330677958311 ], [ -56.239842031774828, -34.853594421640985 ], [ -56.239167097537788, -34.854159479160927 ], [ -56.239392673888013, -34.854343930378505 ], [ -56.239454912874919, -34.854365406765304 ], [ -56.239525479328535, -34.854352696200465 ], [ -56.23962716550696, -34.85428037599992 ], [ -56.24036351352914, -34.853866180708806 ], [ -56.240339626221868, -34.853770850330932 ], [ -56.240052618471189, -34.853379891363126 ], [ -56.239978050425918, -34.8533121899777 ], [ -56.239967508119278, -34.853263953238475 ], [ -56.240038731811445, -34.853159198837595 ], [ -56.239999285122032, -34.852982563313525 ], [ -56.239912062324606, -34.852863125824612 ] ] ] } },
{ "type": "Feature", "properties": { "codigo_ai": 1006020, "nombre_ai": "Albion", "nombre_dep": "Montevideo", "nombre_loc": "Montevideo", "fecha_desde": 2017, "footprints_all": 5, "footprints_min6": 5, "footprints_min10": 5, "oai_viviendas": null, "oai_personas": null, "est_dwellings": 4.0, "est_population": 14.0, "meets_definition": false }, "geometry": { "type": "Polygon", "coordinates": [ [ [ -56.129829837180139, -34.877269088539236 ], [ -56.129566235011517, -34.877058662958213 ], [ -56.129181011678604, -34.8773706112338 ], [ -56.129548472908709, -34.877677989144303 ], [ -56.129829837180139, -34.877269088539236 ] ] ] } },
{ "type": "Feature", "properties": { "codigo_ai": 1010054, "nombre_ai": "Alderete", "nombre_dep": "Montevideo", "nombre_loc": "Rural", "fecha_desde": 2019, "footprints_all": 22, "footprints_min6": 22, "footprints_min10": 22, "oai_viviendas": 18.0, "oai_personas": 63.0, "est_dwellings": 20.0, "est_population": 68.0, "meets_definition": true }, "geometry": { "type": "Polygon", "coordinates": [ [ [ -56.169271155598985, -34.797905777067733 ], [ -56.16859266425832, -34.797792854653103 ], [ -56.16833572514782, -34.798949617710214 ], [ -56.168925993882155, -34.799048617755766 ], [ -56.169015072711758, -34.798974307614834 ], [ -56.169271155598985, -34.797905777067733 ] ] ] } },
{ "type": "Feature", "properties": { "codigo_ai": 1006014, "nombre_ai": "Alejandro Korn", "nombre_dep": "Montevideo", "nombre_loc": "Montevideo", "fecha_desde": 1970, "footprints_all": 19, "footprints_min6": 19, "footprints_min10": 18, "oai_viviendas": 28.0, "oai_personas": 96.0, "est_dwellings": 17.0, "est_population": 58.0, "meets_definition": true }, "geometry": { "type": "Polygon", "coordinates": [ [ [ -56.117770643387566, -34.884524237841163 ], [ -56.117501391800943, -34.88454474726062 ], [ -56.118036585389241, -34.885648561453607 ], [ -56.118313477843174, -34.885631821400288 ], [ -56.117770643387566, -34.884524237841163 ] ] ] } },
{ "type": "Feature", "properties": { "codigo_ai": 1009015, "nombre_ai": "Alfonso Lamas", "nombre_dep": "Montevideo", "nombre_loc": "Montevideo", "fecha_desde": 1980, "footprints_all": 45, "footprints_min6": 45, "footprints_min10": 43, "oai_viviendas": 25.0, "oai_personas": 77.0, "est_dwellings": 40.0, "est_population": 136.0, "meets_definition": true }, "geometry": { "type": "Polygon", "coordinates": [ [ [ -56.128277061043413, -34.848247456651215 ], [ -56.128195208267066, -34.848237882398529 ], [ -56.128342106276193, -34.847844113618287 ], [ -56.128812745234292, -34.846730253520398 ], [ -56.12864026716111, -34.846677063842293 ], [ -56.128016053543661, -34.848197917435591 ], [ -56.127132752125853, -34.847942558572662 ], [ -56.126730910278333, -34.848100787856126 ], [ -56.126785447169965, -34.848223932848839 ], [ -56.128498818818294, -34.848714630835985 ], [ -56.128556987235548, -34.848433650114742 ], [ -56.128535868408221, -34.848318650826009 ], [ -56.128277061043413, -34.848247456651215 ] ] ] } },
{ "type": "Feature", "properties": { "codigo_ai": 1017007, "nombre_ai": "Alianza", "nombre_dep": "Montevideo", "nombre_loc": "Montevideo", "fecha_desde": 1985, "footprints_all": 150, "footprints_min6": 150, "footprints_min10": 146, "oai_viviendas": 95.0, "oai_personas": 323.0, "est_dwellings": 135.0, "est_population": 459.0, "meets_definition": true }, "geometry": { "type": "Polygon", "coordinates": [ [ [ -56.260559010702465, -34.85757105621969 ], [ -56.26275883724734, -34.857858865597422 ], [ -56.263038192014875, -34.856419447738133 ], [ -56.263115814942019, -34.85601612728977 ], [ -56.260756339533316, -34.855716366551526 ], [ -56.260434613182312, -34.855675368747796 ], [ -56.260001241287334, -34.855901199877323 ], [ -56.259984793734645, -34.855962688587475 ], [ -56.260839466693852, -34.856081784099075 ], [ -56.260559010702465, -34.85757105621969 ] ] ] } },
{ "type": "Feature", "properties": { "codigo_ai": 1017010, "nombre_ai": "Alianza E Imperio", "nombre_dep": "Montevideo", "nombre_loc": "Rural", "fecha_desde": 1980, "footprints_all": 215, "footprints_min6": 215, "footprints_min10": 210, "oai_viviendas": 143.0, "oai_personas": 578.0, "est_dwellings": 194.0, "est_population": 660.0, "meets_definition": true }, "geometry": { "type": "Polygon", "coordinates": [ [ [ -56.254850448229369, -34.855137058742031 ], [ -56.25433499292938, -34.855170262877337 ], [ -56.253255909564437, -34.855180979484608 ], [ -56.253321300821924, -34.855767142447135 ], [ -56.252758484810933, -34.855950994730584 ], [ -56.251180308133584, -34.855736905656435 ], [ -56.250880543333565, -34.855891212685776 ], [ -56.250867665015193, -34.855977562298342 ], [ -56.25030542739708, -34.855904110063669 ], [ -56.250196886559671, -34.856565690307022 ], [ -56.250279584191489, -34.856591532697671 ], [ -56.250208405892394, -34.856934336106171 ], [ -56.249932368404487, -34.856883474706756 ], [ -56.249576654984459, -34.857160077891066 ], [ -56.249333731596593, -34.857573565817852 ], [ -56.249078649291391, -34.857821108802092 ], [ -56.2490720043671, -34.857912021595759 ], [ -56.249446092977912, -34.858052043556413 ], [ -56.249801444028229, -34.858102114913621 ], [ -56.250163588991356, -34.858150616621536 ], [ -56.25048685494842, -34.858195897390367 ], [ -56.250634365903672, -34.85731605607171 ], [ -56.250836550230275, -34.856276837113988 ], [ -56.250490095163912, -34.856215477967829 ], [ -56.250498326840209, -34.856201260491254 ], [ -56.250848523734277, -34.856264117006816 ], [ -56.250927840971343, -34.856268606605269 ], [ -56.251863196243768, -34.856406290542481 ], [ -56.252901814475642, -34.856506560976484 ], [ -56.253035756967044, -34.856505064484388 ], [ -56.253655336178944, -34.856589806772035 ], [ -56.253707859039679, -34.856090298003132 ], [ -56.254671181008597, -34.856076886926211 ], [ -56.254630327715972, -34.856723234681873 ], [ -56.254972438181845, -34.856768867893869 ], [ -56.254998123696332, -34.857353342047929 ], [ -56.255708923604949, -34.857434411674532 ], [ -56.255767034290514, -34.856920600361477 ], [ -56.255805703585281, -34.856926099551721 ], [ -56.255822576348748, -34.856922955641622 ], [ -56.255832833107725, -34.856915181393575 ], [ -56.255842096167662, -34.856897976991355 ], [ -56.25583812684507, -34.856854304934977 ], [ -56.255510917914641, -34.855965811743488 ], [ -56.25547799804739, -34.855941329084089 ], [ -56.255445905546459, -34.855935870057642 ], [ -56.255184369901919, -34.855957375619212 ], [ -56.254956415355927, -34.85599211467693 ], [ -56.254900566614516, -34.85599230093149 ], [ -56.254873168209734, -34.855635745094915 ], [ -56.254850448229369, -34.855137058742031 ] ] ] } },
{ "type": "Feature", "properties": { "codigo_ai": 1011066, "nombre_ai": "Almeida Pintos", "nombre_dep": "Montevideo", "nombre_loc": "Montevideo", "fecha_desde": 1900, "footprints_all": 109, "footprints_min6": 109, "footprints_min10": 104, "oai_viviendas": 106.0, "oai_personas": 318.0, "est_dwellings": 98.0, "est_population": 333.0, "meets_definition": true }, "geometry": { "type": "Polygon", "coordinates": [ [ [ -56.179451797927186, -34.831331430609275 ], [ -56.179306616892589, -34.830320341815295 ], [ -56.17864035370679, -34.830286476497058 ], [ -56.177561541642035, -34.830204835987544 ], [ -56.177467256249457, -34.831198885403595 ], [ -56.178643319963527, -34.831286145755186 ], [ -56.179451797927186, -34.831331430609275 ] ] ] } },
{ "type": "Feature", "properties": { "codigo_ai": 1018024, "nombre_ai": "Anaya", "nombre_dep": "Montevideo", "nombre_loc": "Montevideo", "fecha_desde": 1990, "footprints_all": 38, "footprints_min6": 38, "footprints_min10": 37, "oai_viviendas": 35.0, "oai_personas": 120.0, "est_dwellings": 34.0, "est_population": 116.0, "meets_definition": true }, "geometry": { "type": "Polygon", "coordinates": [ [ [ -56.310682356673119, -34.817658699821081 ], [ -56.310273491013142, -34.817867808486916 ], [ -56.311161517186314, -34.819067660192296 ], [ -56.311551627160839, -34.818869378884344 ], [ -56.310682356673119, -34.817658699821081 ] ] ] } },
{ "type": "Feature", "properties": { "codigo_ai": 1012037, "nombre_ai": "Andres E Iturbe", "nombre_dep": "Montevideo", "nombre_loc": "Montevideo", "fecha_desde": 1995, "footprints_all": 28, "footprints_min6": 28, "footprints_min10": 28, "oai_viviendas": 30.0, "oai_personas": 103.0, "est_dwellings": 25.0, "est_population": 85.0, "meets_definition": true }, "geometry": { "type": "Polygon", "coordinates": [ [ [ -56.229928822167409, -34.801498967305974 ], [ -56.231214227841406, -34.801244429463431 ], [ -56.231191542642279, -34.801158502233591 ], [ -56.231121087354822, -34.800718043329944 ], [ -56.231097392570661, -34.800651509845771 ], [ -56.229912517447836, -34.800895677828137 ], [ -56.229978909321432, -34.801175581202834 ], [ -56.229970996962713, -34.80122669525278 ], [ -56.229872648026152, -34.801414450166241 ], [ -56.229928822167409, -34.801498967305974 ] ] ] } },
{ "type": "Feature", "properties": { "codigo_ai": 1006013, "nombre_ai": "Andres Gomez - La Rinconada", "nombre_dep": "Montevideo", "nombre_loc": "Montevideo", "fecha_desde": 1980, "footprints_all": 18, "footprints_min6": 18, "footprints_min10": 17, "oai_viviendas": 31.0, "oai_personas": 122.0, "est_dwellings": 16.0, "est_population": 54.0, "meets_definition": true }, "geometry": { "type": "Polygon", "coordinates": [ [ [ -56.10366773496272, -34.881342642591605 ], [ -56.103563274921903, -34.881284899680672 ], [ -56.103245162149115, -34.881696121704692 ], [ -56.103233482790529, -34.88169827543171 ], [ -56.102840333477083, -34.882173443057482 ], [ -56.10333769915114, -34.882458500659347 ], [ -56.103353289736496, -34.882395677180746 ], [ -56.103326872031509, -34.882361028389923 ], [ -56.103346389897602, -34.882336286594978 ], [ -56.103152205666383, -34.882067778219948 ], [ -56.103389373115675, -34.881764466570182 ], [ -56.103366066272713, -34.881746063632058 ], [ -56.103385707750355, -34.881720000812557 ], [ -56.103373424694773, -34.881705097612446 ], [ -56.103401461100027, -34.881669981185986 ], [ -56.103367068640814, -34.881653775143228 ], [ -56.103411968048597, -34.881593715179392 ], [ -56.103486237223201, -34.881503106794497 ], [ -56.103523419332326, -34.881517054720391 ], [ -56.103538789010969, -34.881502355450287 ], [ -56.10356498559176, -34.881509384587247 ], [ -56.103578984617698, -34.881493535426721 ], [ -56.103559825769672, -34.881475163111389 ], [ -56.10366773496272, -34.881342642591605 ] ] ] } },
{ "type": "Feature", "properties": { "codigo_ai": 1017047, "nombre_ai": "Ansina- Los Polvorines", "nombre_dep": "Montevideo", "nombre_loc": "Montevideo", "fecha_desde": 1992, "footprints_all": 340, "footprints_min6": 340, "footprints_min10": 329, "oai_viviendas": 306.0, "oai_personas": 1144.0, "est_dwellings": 306.0, "est_population": 1040.0, "meets_definition": true }, "geometry": { "type": "MultiPolygon", "coordinates": [ [ [ [ -56.264913381648746, -34.883436466032592 ], [ -56.26594294637848, -34.883591993760952 ], [ -56.266072860887, -34.882964368435779 ], [ -56.267213063285773, -34.883110130106672 ], [ -56.267160953051537, -34.883327613141304 ], [ -56.267100190233172, -34.883745972344691 ], [ -56.267424480340395, -34.883790306725636 ], [ -56.267481279184523, -34.883143552559488 ], [ -56.26766788013493, -34.882431676905853 ], [ -56.268473543497905, -34.882600474795318 ], [ -56.268300476668657, -34.883299757466737 ], [ -56.268571538010342, -34.883346112913813 ], [ -56.268595048539765, -34.883383071337718 ], [ -56.268476430670887, -34.8839415023808 ], [ -56.268907457771618, -34.884001787417759 ], [ -56.269196436306565, -34.882620353094978 ], [ -56.269253901275789, -34.8823653214613 ], [ -56.267805148722651, -34.881976741099045 ], [ -56.267771051760761, -34.881977794560896 ], [ -56.267814807739015, -34.881778480464043 ], [ -56.267183256550013, -34.881563860156731 ], [ -56.266974881920596, -34.881511766761733 ], [ -56.266699153391748, -34.881504399554565 ], [ -56.266602549582188, -34.881524106783921 ], [ -56.266490163689184, -34.881590430443822 ], [ -56.266401851472558, -34.8816859387723 ], [ -56.266360891420682, -34.881795470741586 ], [ -56.266323408090706, -34.881832933494671 ], [ -56.266285492932418, -34.881859019132428 ], [ -56.265794996944209, -34.881758727220387 ], [ -56.265262776201851, -34.881670787441429 ], [ -56.264913381648746, -34.883436466032592 ] ] ], [ [ [ -56.266587464692805, -34.881160419580809 ], [ -56.265895322160446, -34.880917423655568 ], [ -56.265436725544141, -34.880784523190549 ], [ -56.265297567482271, -34.881502067398159 ], [ -56.265749906383348, -34.881600402232174 ], [ -56.265934590826099, -34.881628727396283 ], [ -56.266084748035816, -34.881621477765002 ], [ -56.266215955623068, -34.881567837385397 ], [ -56.266303419486711, -34.881533936084331 ], [ -56.266359009836385, -34.881488797917733 ], [ -56.266478812761498, -34.881412850715854 ], [ -56.266587464692805, -34.881160419580809 ] ] ] ] } },
{ "type": "Feature", "properties": { "codigo_ai": 1010013, "nombre_ai": "Antares", "nombre_dep": "Montevideo", "nombre_loc": "Rural", "fecha_desde": 1990, "footprints_all": 21, "footprints_min6": 21, "footprints_min10": 20, "oai_viviendas": null, "oai_personas": null, "est_dwellings": 19.0, "est_population": 65.0, "meets_definition": true }, "geometry": { "type": "Polygon", "coordinates": [ [ [ -56.165241336658383, -34.7923632787328 ], [ -56.16113348549387, -34.791777802566699 ], [ -56.161097543328054, -34.791985986879489 ], [ -56.165207757887416, -34.792545436431475 ], [ -56.165241336658383, -34.7923632787328 ] ] ] } },
{ "type": "Feature", "properties": { "codigo_ai": 1015016, "nombre_ai": "Antel", "nombre_dep": "Montevideo", "nombre_loc": "Montevideo", "fecha_desde": 1970, "footprints_all": 12, "footprints_min6": 12, "footprints_min10": 12, "oai_viviendas": 15.0, "oai_personas": 59.0, "est_dwellings": 11.0, "est_population": 37.0, "meets_definition": true }, "geometry": { "type": "Polygon", "coordinates": [ [ [ -56.172578921810683, -34.84776704025888 ], [ -56.172220114862277, -34.847853708051083 ], [ -56.172309502395024, -34.84812894935839 ], [ -56.17323664834386, -34.847911750754619 ], [ -56.173138429003927, -34.847633529339106 ], [ -56.172578921810683, -34.84776704025888 ] ] ] } },
{ "type": "Feature", "properties": { "codigo_ai": 1011014, "nombre_ai": "Aparicio Saravia", "nombre_dep": "Montevideo", "nombre_loc": "Montevideo", "fecha_desde": 1995, "footprints_all": 111, "footprints_min6": 111, "footprints_min10": 100, "oai_viviendas": 75.0, "oai_personas": 307.0, "est_dwellings": 100.0, "est_population": 340.0, "meets_definition": true }, "geometry": { "type": "Polygon", "coordinates": [ [ [ -56.17350808887943, -34.836031201639543 ], [ -56.175116066372574, -34.836198559439438 ], [ -56.179146588955547, -34.836611836339436 ], [ -56.179192542168352, -34.836323403331669 ], [ -56.178671136624153, -34.836140154364927 ], [ -56.178626228039541, -34.836187041684838 ], [ -56.178457224021855, -34.83608810169634 ], [ -56.178034133689323, -34.836040588622446 ], [ -56.177957207888376, -34.836122039298324 ], [ -56.177787572205432, -34.836040526476772 ], [ -56.177824261279937, -34.83601706962753 ], [ -56.177456181840618, -34.835954773582031 ], [ -56.177347503749665, -34.8360986437363 ], [ -56.177272286458461, -34.836072820590346 ], [ -56.177094782655502, -34.835990325704564 ], [ -56.176888799245383, -34.835975531355416 ], [ -56.176800384577902, -34.835953166946652 ], [ -56.176767611057144, -34.835929220477645 ], [ -56.176710635426062, -34.83599289689748 ], [ -56.176645229600368, -34.836027706667359 ], [ -56.176598600481739, -34.836007396849624 ], [ -56.176611823989269, -34.835980252131513 ], [ -56.176643809304402, -34.835949791578471 ], [ -56.17655080322254, -34.835882212628597 ], [ -56.176574702036447, -34.835856038308499 ], [ -56.176276537222122, -34.835823035039986 ], [ -56.176211760009956, -34.835789796628049 ], [ -56.176186605671774, -34.835821342129925 ], [ -56.176159210285512, -34.835937980086236 ], [ -56.176030206700588, -34.835905123548969 ], [ -56.175971544245542, -34.835897007311345 ], [ -56.17587984819005, -34.835840371175983 ], [ -56.175897573073946, -34.835819621484831 ], [ -56.175553923756411, -34.83578376629616 ], [ -56.175488542732005, -34.835887355513123 ], [ -56.175374516099694, -34.835934437686014 ], [ -56.175296211626829, -34.835942229845905 ], [ -56.174912036114229, -34.835813930758491 ], [ -56.174902012341271, -34.835838201518825 ], [ -56.174322536165349, -34.835733130860895 ], [ -56.174316986801593, -34.835770062556328 ], [ -56.174153419714067, -34.83573071678331 ], [ -56.174146141250766, -34.835710370198093 ], [ -56.173998196478919, -34.835627293297108 ], [ -56.173824077326827, -34.835605671185199 ], [ -56.173756176416475, -34.835567100836698 ], [ -56.173421797992354, -34.835894814815724 ], [ -56.173415765721153, -34.835938877717261 ], [ -56.173425994043477, -34.835979531638245 ], [ -56.17347766400303, -34.836023595271357 ], [ -56.17350808887943, -34.836031201639543 ] ] ] } },
{ "type": "Feature", "properties": { "codigo_ai": 1006004, "nombre_ai": "Aquiles Lanza - Malvin Norte", "nombre_dep": "Montevideo", "nombre_loc": "Montevideo", "fecha_desde": 1974, "footprints_all": 244, "footprints_min6": 244, "footprints_min10": 227, "oai_viviendas": 256.0, "oai_personas": 899.0, "est_dwellings": 220.0, "est_population": 748.0, "meets_definition": true }, "geometry": { "type": "Polygon", "coordinates": [ [ [ -56.117751163212944, -34.879032150913851 ], [ -56.11775756542707, -34.878774212085801 ], [ -56.117876860276937, -34.878355202143148 ], [ -56.11777288459993, -34.877991841513627 ], [ -56.118175170905644, -34.877872879333566 ], [ -56.118152607754709, -34.877784430478357 ], [ -56.118104235095828, -34.877710898296385 ], [ -56.117774559310092, -34.877393848552572 ], [ -56.117162776468959, -34.87682441097612 ], [ -56.116971299736015, -34.877562530529843 ], [ -56.116729580581769, -34.877674524534257 ], [ -56.116675264624803, -34.877735575247428 ], [ -56.116531521350211, -34.877800855347509 ], [ -56.116505749322627, -34.877806406640957 ], [ -56.116245255089368, -34.877855680813823 ], [ -56.116110005529784, -34.8778662811402 ], [ -56.115948665285558, -34.877849745352229 ], [ -56.115798877019252, -34.877912559490248 ], [ -56.115641981104545, -34.877915665428034 ], [ -56.115522795812701, -34.877815807043802 ], [ -56.115484827196795, -34.878055817931248 ], [ -56.114991702838573, -34.877903251661074 ], [ -56.1149705994345, -34.877948837124066 ], [ -56.114905840229063, -34.877924842385504 ], [ -56.114452008258098, -34.8778052312786 ], [ -56.114471034310242, -34.877657698906603 ], [ -56.113983720382166, -34.877727387426972 ], [ -56.113743428485115, -34.877782248071419 ], [ -56.113817221121977, -34.878065476666855 ], [ -56.113826009242842, -34.878107323940128 ], [ -56.113836888610997, -34.878204407171076 ], [ -56.113838562964297, -34.878275546512782 ], [ -56.113834497572839, -34.878401082032923 ], [ -56.113821348648422, -34.878554493078724 ], [ -56.113777276575838, -34.878596340068476 ], [ -56.113148090374317, -34.878434120573829 ], [ -56.113283489816219, -34.878040658700435 ], [ -56.113758875948349, -34.878115123231431 ], [ -56.113713339728534, -34.877925302859737 ], [ -56.113672013248404, -34.87781894884079 ], [ -56.113618450616514, -34.877792690561961 ], [ -56.113542707563248, -34.877799751571942 ], [ -56.113499022125005, -34.877825588460468 ], [ -56.113445881108738, -34.877788908341508 ], [ -56.113208102493786, -34.877852286808448 ], [ -56.112935253825967, -34.877876503115573 ], [ -56.112794048352136, -34.87788331323258 ], [ -56.112355043002943, -34.877861195083767 ], [ -56.111398662917885, -34.877597983578141 ], [ -56.111231335882209, -34.877983657070338 ], [ -56.111201710578072, -34.878230532823117 ], [ -56.111871840005868, -34.878452651922935 ], [ -56.111959617924981, -34.878470207676628 ], [ -56.112290978688883, -34.87849654048577 ], [ -56.113759886693082, -34.878809249336264 ], [ -56.114189492649899, -34.878889406505998 ], [ -56.114414522652936, -34.878929265509903 ], [ -56.114527822140303, -34.878525341756827 ], [ -56.114573643877364, -34.878473556702403 ], [ -56.114579356172349, -34.878479528046348 ], [ -56.114626797463487, -34.87842578720295 ], [ -56.114642297724792, -34.878379489216293 ], [ -56.11466128626062, -34.878326868487996 ], [ -56.114639184600875, -34.878317560440358 ], [ -56.114694834882442, -34.878155920358438 ], [ -56.114880940046021, -34.87819935261183 ], [ -56.115146947999669, -34.878279508191333 ], [ -56.115209362721409, -34.878327798944298 ], [ -56.115887616247264, -34.878493838077752 ], [ -56.115670100330185, -34.879191482251301 ], [ -56.116217647186602, -34.879309587984899 ], [ -56.116227482826687, -34.879274861929801 ], [ -56.116280103419648, -34.879254664380085 ], [ -56.116594893554606, -34.879325280386063 ], [ -56.116858840348996, -34.879335009699922 ], [ -56.116952681925021, -34.879297662016981 ], [ -56.116977162007572, -34.879227360117767 ], [ -56.116980613781728, -34.879076398590662 ], [ -56.116984613788823, -34.879065800817195 ], [ -56.116996306734485, -34.879063844240278 ], [ -56.117146012411396, -34.87910935314887 ], [ -56.117692333276921, -34.879039666367817 ], [ -56.117751163212944, -34.879032150913851 ] ] ] } },
{ "type": "Feature", "properties": { "codigo_ai": 1013048, "nombre_ai": "Ariel Y Gomez Ruano", "nombre_dep": "Montevideo", "nombre_loc": "Montevideo", "fecha_desde": 2017, "footprints_all": 37, "footprints_min6": 37, "footprints_min10": 36, "oai_viviendas": 19.0, "oai_personas": 68.0, "est_dwellings": 33.0, "est_population": 112.0, "meets_definition": true }, "geometry": { "type": "Polygon", "coordinates": [ [ [ -56.234463038397543, -34.823059023394769 ], [ -56.234849331866961, -34.823484167660474 ], [ -56.235022685285799, -34.823383787433229 ], [ -56.235029084902187, -34.823389764742771 ], [ -56.235501181583516, -34.823920857375903 ], [ -56.235682403709653, -34.823812099782316 ], [ -56.235517578872376, -34.823609355276744 ], [ -56.235579346065485, -34.823571478854475 ], [ -56.23513370269238, -34.823017040784862 ], [ -56.235799640740268, -34.82261262624975 ], [ -56.235608836718072, -34.822398418924344 ], [ -56.235600708343, -34.82239327030522 ], [ -56.235590628814904, -34.822392306135775 ], [ -56.23557999234513, -34.822393629793659 ], [ -56.234463038397543, -34.823059023394769 ] ] ] } },
{ "type": "Feature", "properties": { "codigo_ai": 1013021, "nombre_ai": "Ariel Y Lecoq", "nombre_dep": "Montevideo", "nombre_loc": "Montevideo", "fecha_desde": 1990, "footprints_all": 14, "footprints_min6": 14, "footprints_min10": 14, "oai_viviendas": 35.0, "oai_personas": 114.0, "est_dwellings": 13.0, "est_population": 44.0, "meets_definition": true }, "geometry": { "type": "Polygon", "coordinates": [ [ [ -56.238113981243352, -34.820458452650058 ], [ -56.237097184359051, -34.821147129150638 ], [ -56.237263995486117, -34.821309266845859 ], [ -56.238302807416979, -34.820686292524428 ], [ -56.238307915031228, -34.820638057812012 ], [ -56.238113981243352, -34.820458452650058 ] ] ] } },
{ "type": "Feature", "properties": { "codigo_ai": 1011072, "nombre_ai": "Arribeños", "nombre_dep": "Montevideo", "nombre_loc": "Montevideo", "fecha_desde": 1900, "footprints_all": 7, "footprints_min6": 7, "footprints_min10": 7, "oai_viviendas": 11.0, "oai_personas": 38.0, "est_dwellings": 6.0, "est_population": 20.0, "meets_definition": false }, "geometry": { "type": "Polygon", "coordinates": [ [ [ -56.145434999426371, -34.854837981775624 ], [ -56.145422369548186, -34.854754282753298 ], [ -56.145408433911946, -34.854720584536814 ], [ -56.145053109973674, -34.854775211718845 ], [ -56.145037982742807, -34.854721788743333 ], [ -56.144388427591643, -34.854799618807988 ], [ -56.144387844096848, -34.85504519471138 ], [ -56.144802189525585, -34.854968942651674 ], [ -56.144890938501021, -34.854942757368676 ], [ -56.145434999426371, -34.854837981775624 ] ] ] } },
{ "type": "Feature", "properties": { "codigo_ai": 1011002, "nombre_ai": "Artagaveytia", "nombre_dep": "Montevideo", "nombre_loc": "Montevideo", "fecha_desde": 1990, "footprints_all": 27, "footprints_min6": 27, "footprints_min10": 25, "oai_viviendas": 24.0, "oai_personas": 119.0, "est_dwellings": 24.0, "est_population": 82.0, "meets_definition": true }, "geometry": { "type": "Polygon", "coordinates": [ [ [ -56.157814461882801, -34.837358475334774 ], [ -56.15759123206044, -34.837114657929433 ], [ -56.157065920084499, -34.837400048919783 ], [ -56.155916098610682, -34.837440801554472 ], [ -56.1555756102087, -34.83770440749138 ], [ -56.15658212655061, -34.838247974690624 ], [ -56.156642518067265, -34.83823987023176 ], [ -56.156941871266042, -34.838400922894301 ], [ -56.157697521065025, -34.83810995988339 ], [ -56.157477226987758, -34.837946347517089 ], [ -56.157244872503568, -34.837784474502001 ], [ -56.157751327505146, -34.837399397139905 ], [ -56.157814461882801, -34.837358475334774 ] ] ] } },
{ "type": "Feature", "properties": { "codigo_ai": 1013011, "nombre_ai": "Arzarello Y Via Ferrea", "nombre_dep": "Montevideo", "nombre_loc": "Montevideo", "fecha_desde": 1985, "footprints_all": 40, "footprints_min6": 40, "footprints_min10": 39, "oai_viviendas": 61.0, "oai_personas": 189.0, "est_dwellings": 36.0, "est_population": 122.0, "meets_definition": true }, "geometry": { "type": "Polygon", "coordinates": [ [ [ -56.227503514967339, -34.825156121954009 ], [ -56.228579390529028, -34.824541223097242 ], [ -56.228838685951573, -34.824397882230237 ], [ -56.228561291547933, -34.824065723681578 ], [ -56.226547884685779, -34.825190999251959 ], [ -56.226663154527991, -34.825331819346808 ], [ -56.226815111848722, -34.825301980794926 ], [ -56.227360006174607, -34.824989071094613 ], [ -56.227503514967339, -34.825156121954009 ] ] ] } },
{ "type": "Feature", "properties": { "codigo_ai": 1009038, "nombre_ai": "Asociacion Civil La Esperanza", "nombre_dep": "Montevideo", "nombre_loc": "Montevideo", "fecha_desde": 1975, "footprints_all": 259, "footprints_min6": 259, "footprints_min10": 246, "oai_viviendas": 257.0, "oai_personas": 773.0, "est_dwellings": 233.0, "est_population": 792.0, "meets_definition": true }, "geometry": { "type": "Polygon", "coordinates": [ [ [ -56.134993063450864, -34.828514977485632 ], [ -56.133420446204731, -34.828302480466917 ], [ -56.133476272911786, -34.828110294896213 ], [ -56.133485847537237, -34.828080273147833 ], [ -56.133034612685975, -34.828007568852385 ], [ -56.133013749999193, -34.828044405674547 ], [ -56.132889691119878, -34.828147541850896 ], [ -56.13271193554511, -34.82836175295698 ], [ -56.132588340830026, -34.82861815975302 ], [ -56.132494850460098, -34.82899066103667 ], [ -56.132443595818081, -34.829119081982618 ], [ -56.132328496349999, -34.829407465901376 ], [ -56.132142690460419, -34.829797368288268 ], [ -56.13550734706525, -34.830199247214566 ], [ -56.136051509232615, -34.83026107916578 ], [ -56.136085699377197, -34.830058314719075 ], [ -56.136114467460551, -34.829880258023969 ], [ -56.136172361334424, -34.829508703144214 ], [ -56.134838973042385, -34.82933565676808 ], [ -56.134993063450864, -34.828514977485632 ] ] ] } },
{ "type": "Feature", "properties": { "codigo_ai": 1011076, "nombre_ai": "Atra!S De Complejo San Martin - Parque Ferro", "nombre_dep": "Montevideo", "nombre_loc": "Montevideo", "fecha_desde": 2016, "footprints_all": 23, "footprints_min6": 23, "footprints_min10": 21, "oai_viviendas": 24.0, "oai_personas": 86.0, "est_dwellings": 21.0, "est_population": 71.0, "meets_definition": true }, "geometry": { "type": "Polygon", "coordinates": [ [ [ -56.164864990920599, -34.827769462846483 ], [ -56.16523431744281, -34.827805247367088 ], [ -56.165305960397554, -34.827293128038413 ], [ -56.16532787780941, -34.827221091719863 ], [ -56.16516852736018, -34.827189704486031 ], [ -56.165147808777192, -34.827264839252408 ], [ -56.165077248499287, -34.827363740779205 ], [ -56.164796485200924, -34.82767963680395 ], [ -56.164613584586021, -34.827908678988187 ], [ -56.164483021327079, -34.828119200696854 ], [ -56.164820989781425, -34.828163517949932 ], [ -56.164864990920599, -34.827769462846483 ] ] ] } },
{ "type": "Feature", "properties": { "codigo_ai": 1009034, "nombre_ai": "Atras De Comunidad 19 De Abril", "nombre_dep": "Montevideo", "nombre_loc": "Montevideo", "fecha_desde": 1992, "footprints_all": 24, "footprints_min6": 24, "footprints_min10": 23, "oai_viviendas": 22.0, "oai_personas": 69.0, "est_dwellings": 22.0, "est_population": 75.0, "meets_definition": true }, "geometry": { "type": "Polygon", "coordinates": [ [ [ -56.105154135772331, -34.832759247241896 ], [ -56.105602246189861, -34.833069607288905 ], [ -56.105955337030039, -34.832787359744586 ], [ -56.106183609364663, -34.832667039409024 ], [ -56.106205554088589, -34.832647057792983 ], [ -56.105950463907462, -34.832499751229939 ], [ -56.105979205815522, -34.832476996292371 ], [ -56.105689007687083, -34.832305115090541 ], [ -56.105629571571818, -34.832205116237418 ], [ -56.105501470892548, -34.832187533806987 ], [ -56.105127218134648, -34.832453780088223 ], [ -56.104736105983449, -34.832183788066651 ], [ -56.10474686566625, -34.832206336574288 ], [ -56.104678601401865, -34.832298552801419 ], [ -56.104799560815145, -34.8326410690185 ], [ -56.105015130516797, -34.832777596487894 ], [ -56.105154135772331, -34.832759247241896 ] ] ] } },
{ "type": "Feature", "properties": { "codigo_ai": 1011071, "nombre_ai": "Avellaneda Y Pernas", "nombre_dep": "Montevideo", "nombre_loc": "Montevideo", "fecha_desde": 1900, "footprints_all": 5, "footprints_min6": 5, "footprints_min10": 5, "oai_viviendas": 10.0, "oai_personas": 34.0, "est_dwellings": 4.0, "est_population": 14.0, "meets_definition": false }, "geometry": { "type": "Polygon", "coordinates": [ [ [ -56.147026991038828, -34.874357625261865 ], [ -56.146618294666268, -34.874124468607377 ], [ -56.146411866056816, -34.874379338378553 ], [ -56.146823712501345, -34.874614678367905 ], [ -56.147026991038828, -34.874357625261865 ] ] ] } },
{ "type": "Feature", "properties": { "codigo_ai": 1006019, "nombre_ai": "Azara", "nombre_dep": "Montevideo", "nombre_loc": "Montevideo", "fecha_desde": 1970, "footprints_all": 20, "footprints_min6": 20, "footprints_min10": 18, "oai_viviendas": 27.0, "oai_personas": 112.0, "est_dwellings": 18.0, "est_population": 61.0, "meets_definition": true }, "geometry": { "type": "Polygon", "coordinates": [ [ [ -56.130003687115796, -34.877286239176016 ], [ -56.130046682120202, -34.877321162301875 ], [ -56.130219288117431, -34.877395025911149 ], [ -56.130201360965948, -34.877433960431318 ], [ -56.130293866154659, -34.877469114136936 ], [ -56.130311652664183, -34.877431789981578 ], [ -56.130601983660007, -34.877555351556843 ], [ -56.130708249292312, -34.877447756400798 ], [ -56.130590043611498, -34.877359382395966 ], [ -56.130928482446578, -34.877038310573838 ], [ -56.130783738439042, -34.876929475339026 ], [ -56.130689106364557, -34.876860456896758 ], [ -56.130351469259679, -34.877184242580292 ], [ -56.130226648355041, -34.877094564800132 ], [ -56.130003687115796, -34.877286239176016 ] ] ] } },
{ "type": "Feature", "properties": { "codigo_ai": 1017065, "nombre_ai": "Bajo Valencia", "nombre_dep": "Montevideo", "nombre_loc": "Montevideo", "fecha_desde": 1960, "footprints_all": 492, "footprints_min6": 492, "footprints_min10": 467, "oai_viviendas": 465.0, "oai_personas": 1796.0, "est_dwellings": 443.0, "est_population": 1506.0, "meets_definition": true }, "geometry": { "type": "MultiPolygon", "coordinates": [ [ [ [ -56.27939343456201, -34.888656095242162 ], [ -56.279104162982932, -34.888500289697561 ], [ -56.279017328645253, -34.888452846577515 ], [ -56.278980296311602, -34.888431468603407 ], [ -56.278907529324613, -34.888345781460593 ], [ -56.278868119901119, -34.88818176719775 ], [ -56.278810416903475, -34.887930145347568 ], [ -56.278808047153568, -34.887889747045122 ], [ -56.27923091296897, -34.887843595554465 ], [ -56.278965389910461, -34.886535003227593 ], [ -56.278564717549919, -34.886478943917922 ], [ -56.27866088222531, -34.886353683609201 ], [ -56.279034865796611, -34.886140343930293 ], [ -56.279279162929789, -34.885953639854101 ], [ -56.279400709401543, -34.885809246686883 ], [ -56.279414686509831, -34.885774600066142 ], [ -56.279417743607091, -34.885754593329438 ], [ -56.279408205614686, -34.885610799125544 ], [ -56.279333637399894, -34.88369167205407 ], [ -56.278758409311045, -34.883632094263632 ], [ -56.278659331622329, -34.88404126270563 ], [ -56.278662590386773, -34.884287970988389 ], [ -56.278664228433712, -34.88432204740905 ], [ -56.278122271367927, -34.884386174836322 ], [ -56.278416498629483, -34.885730050619621 ], [ -56.2784618584162, -34.885759700223758 ], [ -56.278544034595967, -34.886139908150994 ], [ -56.278495696295373, -34.886143881069529 ], [ -56.278165596181125, -34.886171011451395 ], [ -56.277944415958558, -34.886159791448868 ], [ -56.277070304039825, -34.886002091185311 ], [ -56.276994067064244, -34.885999939824963 ], [ -56.277229541560189, -34.887406019314831 ], [ -56.277223369004098, -34.887445187386291 ], [ -56.277268972116751, -34.887653317655044 ], [ -56.277549450502903, -34.888381258224939 ], [ -56.277557003861908, -34.888401499290794 ], [ -56.277726417277542, -34.888783607478992 ], [ -56.278247557785242, -34.889811258479568 ], [ -56.278264582955053, -34.889872581099588 ], [ -56.278272658816661, -34.890122940025691 ], [ -56.278256507121199, -34.89030536532313 ], [ -56.278255318873853, -34.890436482336625 ], [ -56.27831185245914, -34.890452635329034 ], [ -56.278773139174319, -34.890513918266016 ], [ -56.279295948130404, -34.890565224927798 ], [ -56.279821980545201, -34.890626334076643 ], [ -56.279972553961045, -34.89089287375824 ], [ -56.280062283873342, -34.890805706928994 ], [ -56.280151160964095, -34.890695465878665 ], [ -56.2802668179854, -34.890496817553505 ], [ -56.280318182538437, -34.890323047004998 ], [ -56.28034517926978, -34.890127329101176 ], [ -56.280221026582005, -34.88986403383749 ], [ -56.280131042093494, -34.889742640445775 ], [ -56.280125736402717, -34.889666124700682 ], [ -56.280140264291077, -34.889598613013256 ], [ -56.280255370925346, -34.889405800134185 ], [ -56.280131093011775, -34.889337313219094 ], [ -56.279884351943267, -34.889211915423324 ], [ -56.279803089857239, -34.889168504168531 ], [ -56.279654660970934, -34.889133512034377 ], [ -56.279533280065955, -34.889117757152945 ], [ -56.279556158312396, -34.88899145044806 ], [ -56.279552377047935, -34.888926912446593 ], [ -56.279516657909262, -34.888807214437101 ], [ -56.279447754750883, -34.888670449146773 ], [ -56.27939343456201, -34.888656095242162 ] ] ], [ [ [ -56.279710130780508, -34.888712720167099 ], [ -56.280332036492588, -34.888835443517642 ], [ -56.280357244965536, -34.888681211057609 ], [ -56.279736665441391, -34.888576066923498 ], [ -56.279710130780508, -34.888712720167099 ] ] ], [ [ [ -56.279683309142492, -34.883475981331443 ], [ -56.27990861932421, -34.883774047882518 ], [ -56.279953741290313, -34.883870922696183 ], [ -56.280406921312377, -34.883718014055269 ], [ -56.281387470204358, -34.884032570609008 ], [ -56.281500871876567, -34.88376232131295 ], [ -56.279873121101232, -34.883220390431603 ], [ -56.279515282378732, -34.883125227236633 ], [ -56.279683309142492, -34.883475981331443 ] ] ] ] } },
{ "type": "Feature", "properties": { "codigo_ai": 1013020, "nombre_ai": "Barrio El Porvenir", "nombre_dep": "Montevideo", "nombre_loc": "Rural", "fecha_desde": 1970, "footprints_all": 63, "footprints_min6": 63, "footprints_min10": 61, "oai_viviendas": 68.0, "oai_personas": 228.0, "est_dwellings": 57.0, "est_population": 194.0, "meets_definition": true }, "geometry": { "type": "Polygon", "coordinates": [ [ [ -56.204310823532971, -34.811937556199396 ], [ -56.203720003107932, -34.81126376760372 ], [ -56.20264533563676, -34.811885568686172 ], [ -56.202494836075402, -34.811744018926547 ], [ -56.202303859640857, -34.811866233534069 ], [ -56.202748641850334, -34.812314511462581 ], [ -56.202822712838859, -34.812277699832215 ], [ -56.203124159649413, -34.812641516155963 ], [ -56.204310823532971, -34.811937556199396 ] ] ] } },
{ "type": "Feature", "properties": { "codigo_ai": 1014024, "nombre_ai": "Barrio Independiente", "nombre_dep": "Montevideo", "nombre_loc": "Montevideo", "fecha_desde": 1985, "footprints_all": 45, "footprints_min6": 45, "footprints_min10": 44, "oai_viviendas": 45.0, "oai_personas": 163.0, "est_dwellings": 40.0, "est_population": 136.0, "meets_definition": true }, "geometry": { "type": "Polygon", "coordinates": [ [ [ -56.244018570187016, -34.852999724747214 ], [ -56.244254702773887, -34.852869444729293 ], [ -56.244834856764463, -34.853566036425029 ], [ -56.245002803932252, -34.853473508462365 ], [ -56.245167108367312, -34.853383822478058 ], [ -56.244342478734758, -34.85236905990746 ], [ -56.24370671236872, -34.852717993461845 ], [ -56.243324228967822, -34.852271314200792 ], [ -56.243047983099501, -34.852433006414188 ], [ -56.24375960082898, -34.853318289575725 ], [ -56.244118279438595, -34.853117704882244 ], [ -56.244018570187016, -34.852999724747214 ] ] ] } },
{ "type": "Feature", "properties": { "codigo_ai": 1013008, "nombre_ai": "Barrio Maldonado", "nombre_dep": "Montevideo", "nombre_loc": "Montevideo", "fecha_desde": 1990, "footprints_all": 107, "footprints_min6": 107, "footprints_min10": 104, "oai_viviendas": 108.0, "oai_personas": 433.0, "est_dwellings": 96.0, "est_population": 326.0, "meets_definition": true }, "geometry": { "type": "Polygon", "coordinates": [ [ [ -56.195838861796013, -34.822085303243504 ], [ -56.195742501609317, -34.822096801000853 ], [ -56.195334842789727, -34.822276880853281 ], [ -56.195309748128537, -34.82224264445879 ], [ -56.194939523033845, -34.821786406574837 ], [ -56.194643257994635, -34.821393888932981 ], [ -56.194206299039791, -34.821634345419881 ], [ -56.194119831760943, -34.82167211196235 ], [ -56.195042170101445, -34.822384901097948 ], [ -56.19658848870742, -34.823705739000985 ], [ -56.196639110030759, -34.823671364430666 ], [ -56.197088559466877, -34.8240348468006 ], [ -56.197242030251594, -34.824170239439795 ], [ -56.197271261726314, -34.824210241398646 ], [ -56.197351074395648, -34.824283130756875 ], [ -56.19750742978669, -34.824381981977169 ], [ -56.197643170866165, -34.824465382808818 ], [ -56.19773243556125, -34.824401571068847 ], [ -56.197034451577196, -34.823548629859644 ], [ -56.195838861796013, -34.822085303243504 ] ] ] } },
{ "type": "Feature", "properties": { "codigo_ai": 1014034, "nombre_ai": "Barrio Unido", "nombre_dep": "Montevideo", "nombre_loc": "Montevideo", "fecha_desde": 1970, "footprints_all": 137, "footprints_min6": 137, "footprints_min10": 132, "oai_viviendas": 134.0, "oai_personas": 518.0, "est_dwellings": 123.0, "est_population": 418.0, "meets_definition": true }, "geometry": { "type": "Polygon", "coordinates": [ [ [ -56.24461995725224, -34.870540020756458 ], [ -56.244991575373511, -34.87069666191659 ], [ -56.24513325016062, -34.870741365938073 ], [ -56.245419957257539, -34.870391250279333 ], [ -56.245289328958265, -34.870086141460234 ], [ -56.245256031313723, -34.870053278401542 ], [ -56.245344375842699, -34.869820914604382 ], [ -56.245238660850205, -34.869743348451372 ], [ -56.245433543178564, -34.869529090840231 ], [ -56.24531324343571, -34.869454948305858 ], [ -56.245077322648697, -34.869189869291617 ], [ -56.244556216095887, -34.868700898113744 ], [ -56.244497544282837, -34.868736902403917 ], [ -56.243937482398962, -34.869253488562293 ], [ -56.242862386963239, -34.870213690667036 ], [ -56.243456126904427, -34.870683438749296 ], [ -56.243442880611049, -34.870709932289834 ], [ -56.243379244322966, -34.870782679719987 ], [ -56.243499285263646, -34.870883421047665 ], [ -56.243713754949681, -34.870710289179954 ], [ -56.243761570126999, -34.870760237065653 ], [ -56.244307843075227, -34.870374748978257 ], [ -56.24461995725224, -34.870540020756458 ] ] ] } },
{ "type": "Feature", "properties": { "codigo_ai": 1014044, "nombre_ai": "Batlle Berres Y Yugoeslavia", "nombre_dep": "Montevideo", "nombre_loc": "Rural", "fecha_desde": 2000, "footprints_all": 11, "footprints_min6": 11, "footprints_min10": 11, "oai_viviendas": 11.0, "oai_personas": 42.0, "est_dwellings": 10.0, "est_population": 34.0, "meets_definition": true }, "geometry": { "type": "Polygon", "coordinates": [ [ [ -56.249243965098941, -34.848847499218465 ], [ -56.248972343130696, -34.849521881580458 ], [ -56.248832213922434, -34.849845255524635 ], [ -56.249480919554507, -34.849457147998294 ], [ -56.250024796451434, -34.84901558380372 ], [ -56.250175575011241, -34.848759799927535 ], [ -56.250196778088473, -34.848233423789964 ], [ -56.250126607767868, -34.847976423680777 ], [ -56.250129466704095, -34.847799937473596 ], [ -56.250188700774174, -34.847385298562692 ], [ -56.249645139975421, -34.847351233979424 ], [ -56.249019950714583, -34.84764586380809 ], [ -56.249419329525693, -34.848156015804676 ], [ -56.249544534746434, -34.848306983982305 ], [ -56.249490639562694, -34.84869143904519 ], [ -56.249243965098941, -34.848847499218465 ] ] ] } },
{ "type": "Feature", "properties": { "codigo_ai": 1010044, "nombre_ai": "Benito Berges", "nombre_dep": "Montevideo", "nombre_loc": "Rural", "fecha_desde": 2003, "footprints_all": 185, "footprints_min6": 185, "footprints_min10": 179, "oai_viviendas": 131.0, "oai_personas": 472.0, "est_dwellings": 166.0, "est_population": 564.0, "meets_definition": true }, "geometry": { "type": "Polygon", "coordinates": [ [ [ -56.127111645154685, -34.791343860960573 ], [ -56.126969719022711, -34.792027415667896 ], [ -56.128561286394479, -34.792162690788409 ], [ -56.130369059827103, -34.792358049948163 ], [ -56.132104684308423, -34.792497657994531 ], [ -56.133762863607515, -34.792650360508702 ], [ -56.133807178950534, -34.792610969644947 ], [ -56.133810654013885, -34.792560571851567 ], [ -56.13364700711837, -34.79206818218335 ], [ -56.133342015150845, -34.791954063541674 ], [ -56.13040572072466, -34.791655746655302 ], [ -56.127111645154685, -34.791343860960573 ] ] ] } },
{ "type": "Feature", "properties": { "codigo_ai": 1006015, "nombre_ai": "Berro", "nombre_dep": "Montevideo", "nombre_loc": "Montevideo", "fecha_desde": 1980, "footprints_all": 10, "footprints_min6": 10, "footprints_min10": 10, "oai_viviendas": 18.0, "oai_personas": 58.0, "est_dwellings": 9.0, "est_population": 31.0, "meets_definition": true }, "geometry": { "type": "Polygon", "coordinates": [ [ [ -56.116898618506497, -34.8766930696898 ], [ -56.116672938917567, -34.877588755723252 ], [ -56.116729580581769, -34.877674524534257 ], [ -56.116971299736015, -34.877562530529843 ], [ -56.117162776468959, -34.87682441097612 ], [ -56.117013390480174, -34.876674494575269 ], [ -56.116985526694904, -34.876661225304915 ], [ -56.11695633596868, -34.876659898756905 ], [ -56.11692250073385, -34.876670513376126 ], [ -56.116898618506497, -34.8766930696898 ] ] ] } },
{ "type": "Feature", "properties": { "codigo_ai": 1009062, "nombre_ai": "Besares y Virrey Elío", "nombre_dep": "Montevideo", "nombre_loc": "Montevideo", "fecha_desde": 1978, "footprints_all": 32, "footprints_min6": 32, "footprints_min10": 30, "oai_viviendas": 44.0, "oai_personas": 154.0, "est_dwellings": 29.0, "est_population": 99.0, "meets_definition": true }, "geometry": { "type": "Polygon", "coordinates": [ [ [ -56.135284195761109, -34.852217857289666 ], [ -56.136113388401469, -34.853136319234132 ], [ -56.136364433685145, -34.852971912503698 ], [ -56.136165059226784, -34.852748438223472 ], [ -56.136270224074494, -34.852682491398483 ], [ -56.136071725922434, -34.852446747931914 ], [ -56.136412743542081, -34.852238829659171 ], [ -56.136005451806192, -34.851782536898561 ], [ -56.135284195761109, -34.852217857289666 ] ] ] } },
{ "type": "Feature", "properties": { "codigo_ai": 1011020, "nombre_ai": "Brasil (Ex Covigran) - Parahiba", "nombre_dep": "Montevideo", "nombre_loc": "Montevideo", "fecha_desde": 1990, "footprints_all": 164, "footprints_min6": 164, "footprints_min10": 157, "oai_viviendas": 128.0, "oai_personas": 442.0, "est_dwellings": 148.0, "est_population": 503.0, "meets_definition": true }, "geometry": { "type": "Polygon", "coordinates": [ [ [ -56.173708970762469, -34.826760473054733 ], [ -56.173905119412396, -34.826816775034388 ], [ -56.174177470987416, -34.825589586129162 ], [ -56.174281404450049, -34.825197447943822 ], [ -56.174399641879148, -34.824680636913079 ], [ -56.173290780416522, -34.824441956493288 ], [ -56.173030228800123, -34.825578561326495 ], [ -56.172985655067379, -34.825569469096116 ], [ -56.172735746919081, -34.826157406860283 ], [ -56.172546311570969, -34.826183647686356 ], [ -56.172444332297026, -34.826366477346468 ], [ -56.171389235389753, -34.826162007272231 ], [ -56.171430110645751, -34.825969586285026 ], [ -56.171857995590138, -34.826022969044431 ], [ -56.17191583555492, -34.825803134231819 ], [ -56.171749343549074, -34.825760707615466 ], [ -56.171767917030095, -34.825572722699498 ], [ -56.170867598085181, -34.825470240406126 ], [ -56.170746179984036, -34.826043601061116 ], [ -56.170367479646821, -34.825962344388238 ], [ -56.17032697001963, -34.826118063197001 ], [ -56.168841063237366, -34.825598643082081 ], [ -56.168656177221735, -34.825725845742113 ], [ -56.168602878871951, -34.826046647686717 ], [ -56.170229988972288, -34.826209736015144 ], [ -56.170230135274181, -34.826342219286026 ], [ -56.171611000637498, -34.826581350853687 ], [ -56.171593572257258, -34.826699149605119 ], [ -56.171817506567528, -34.826730152941337 ], [ -56.172019023941345, -34.826611340221874 ], [ -56.172263911731264, -34.826603830584425 ], [ -56.172450502641425, -34.826862032794082 ], [ -56.172753973984889, -34.826855274149978 ], [ -56.172832163535411, -34.826742757747702 ], [ -56.172933465305405, -34.826415684017363 ], [ -56.173276938500351, -34.826564837613319 ], [ -56.17349865538678, -34.826648929689455 ], [ -56.173708970762469, -34.826760473054733 ] ] ] } },
{ "type": "Feature", "properties": { "codigo_ai": 1010010, "nombre_ai": "Buenos Aires", "nombre_dep": "Montevideo", "nombre_loc": "Montevideo", "fecha_desde": 1992, "footprints_all": 23, "footprints_min6": 23, "footprints_min10": 22, "oai_viviendas": 25.0, "oai_personas": 85.0, "est_dwellings": 21.0, "est_population": 71.0, "meets_definition": true }, "geometry": { "type": "Polygon", "coordinates": [ [ [ -56.148121939169116, -34.824661531894058 ], [ -56.14817849037248, -34.824336578160285 ], [ -56.148263737246879, -34.824306192279209 ], [ -56.148283150811857, -34.824159330000874 ], [ -56.147858210402887, -34.824124712433083 ], [ -56.147961393584602, -34.823176751759441 ], [ -56.147820088516077, -34.823176751267965 ], [ -56.147758076555803, -34.82321131504326 ], [ -56.147720298167087, -34.823313507382046 ], [ -56.14757065650948, -34.824636044140519 ], [ -56.148121939169116, -34.824661531894058 ] ] ] } },
{ "type": "Feature", "properties": { "codigo_ai": 1014033, "nombre_ai": "Calera Vieja", "nombre_dep": "Montevideo", "nombre_loc": "Montevideo", "fecha_desde": 1977, "footprints_all": 26, "footprints_min6": 26, "footprints_min10": 25, "oai_viviendas": 49.0, "oai_personas": 188.0, "est_dwellings": 23.0, "est_population": 78.0, "meets_definition": true }, "geometry": { "type": "Polygon", "coordinates": [ [ [ -56.244401116805953, -34.868292674196994 ], [ -56.243943769163408, -34.86775631266358 ], [ -56.243542872830773, -34.868075670615298 ], [ -56.243643999724284, -34.868160782481063 ], [ -56.243378023903453, -34.868365900354732 ], [ -56.242803538302525, -34.868862464068499 ], [ -56.243136338599726, -34.869133402245581 ], [ -56.243762394098027, -34.868690974249702 ], [ -56.24371775887289, -34.868640858573194 ], [ -56.243945666359522, -34.868474898320663 ], [ -56.244052553772356, -34.86858436098472 ], [ -56.244401116805953, -34.868292674196994 ] ] ] } },
{ "type": "Feature", "properties": { "codigo_ai": 1014008, "nombre_ai": "Calle Catamarca", "nombre_dep": "Montevideo", "nombre_loc": "Montevideo", "fecha_desde": 1985, "footprints_all": 41, "footprints_min6": 41, "footprints_min10": 39, "oai_viviendas": 46.0, "oai_personas": 160.0, "est_dwellings": 37.0, "est_population": 126.0, "meets_definition": true }, "geometry": { "type": "Polygon", "coordinates": [ [ [ -56.249481122855137, -34.842480558314207 ], [ -56.248837413857601, -34.840858277790282 ], [ -56.248425100805896, -34.84107290966552 ], [ -56.248712697135034, -34.841787313016859 ], [ -56.249102964014583, -34.84269028755476 ], [ -56.249481122855137, -34.842480558314207 ] ] ] } },
{ "type": "Feature", "properties": { "codigo_ai": 1009008, "nombre_ai": "Calle Publica - El Beraca", "nombre_dep": "Montevideo", "nombre_loc": "Rural", "fecha_desde": 1997, "footprints_all": 42, "footprints_min6": 42, "footprints_min10": 41, "oai_viviendas": 36.0, "oai_personas": 112.0, "est_dwellings": 38.0, "est_population": 129.0, "meets_definition": true }, "geometry": { "type": "Polygon", "coordinates": [ [ [ -56.039932649971085, -34.773883189554482 ], [ -56.038701106159181, -34.773479869702399 ], [ -56.037925490209652, -34.775204434887357 ], [ -56.039007936187424, -34.775527932994947 ], [ -56.039222118663979, -34.775426118209552 ], [ -56.039932649971085, -34.773883189554482 ] ] ] } },
{ "type": "Feature", "properties": { "codigo_ai": 1006008, "nombre_ai": "Campo Galusso", "nombre_dep": "Montevideo", "nombre_loc": "Montevideo", "fecha_desde": 1966, "footprints_all": 51, "footprints_min6": 51, "footprints_min10": 49, "oai_viviendas": 102.0, "oai_personas": 384.0, "est_dwellings": 46.0, "est_population": 156.0, "meets_definition": true }, "geometry": { "type": "Polygon", "coordinates": [ [ [ -56.133633451677511, -34.87489799927129 ], [ -56.133398094512366, -34.875168887759067 ], [ -56.133316042551023, -34.875107621178039 ], [ -56.132701598285792, -34.875760640640706 ], [ -56.132704001571433, -34.875822890444311 ], [ -56.132562437787854, -34.875959887944823 ], [ -56.132713976513088, -34.876223186614219 ], [ -56.132154606861484, -34.876643974903224 ], [ -56.13254515513578, -34.876890285934941 ], [ -56.133731463434813, -34.875923987076192 ], [ -56.133286917755377, -34.875652423476417 ], [ -56.13374048146099, -34.875270892818442 ], [ -56.133636216457226, -34.875208059683992 ], [ -56.133805553286869, -34.875006010717122 ], [ -56.133633451677511, -34.87489799927129 ] ] ] } },
{ "type": "Feature", "properties": { "codigo_ai": 1017025, "nombre_ai": "Campos Del Horno- Servidumbre", "nombre_dep": "Montevideo", "nombre_loc": "Montevideo", "fecha_desde": 1989, "footprints_all": 190, "footprints_min6": 190, "footprints_min10": 184, "oai_viviendas": 95.0, "oai_personas": 305.0, "est_dwellings": 171.0, "est_population": 581.0, "meets_definition": true }, "geometry": { "type": "Polygon", "coordinates": [ [ [ -56.269851956534403, -34.87267117981721 ], [ -56.270242322730297, -34.872723971117615 ], [ -56.271021231061603, -34.868861968095516 ], [ -56.270565138256352, -34.868798281653731 ], [ -56.269996077877614, -34.868719581305406 ], [ -56.269411937631347, -34.871562743043221 ], [ -56.269529018620595, -34.871782184603397 ], [ -56.269586605845944, -34.871895302771016 ], [ -56.269702603632808, -34.872047292186586 ], [ -56.269848628380821, -34.872142722677559 ], [ -56.269895977315265, -34.872164132013665 ], [ -56.269851956534403, -34.87267117981721 ] ] ] } },
{ "type": "Feature", "properties": { "codigo_ai": 1014029, "nombre_ai": "Cantera Del Zorro", "nombre_dep": "Montevideo", "nombre_loc": "Rural", "fecha_desde": 1955, "footprints_all": 100, "footprints_min6": 100, "footprints_min10": 95, "oai_viviendas": 68.0, "oai_personas": 294.0, "est_dwellings": 90.0, "est_population": 306.0, "meets_definition": true }, "geometry": { "type": "Polygon", "coordinates": [ [ [ -56.246400085240936, -34.858612527375115 ], [ -56.246054125072419, -34.857915485684003 ], [ -56.246308528143416, -34.857230833678798 ], [ -56.245880926046524, -34.857051075139957 ], [ -56.24550557802317, -34.85791790159923 ], [ -56.245359920431945, -34.858196312937643 ], [ -56.245344718398883, -34.858222474503016 ], [ -56.245151156665713, -34.858521214636454 ], [ -56.244955826933698, -34.858775761916192 ], [ -56.244797794807916, -34.858946874561013 ], [ -56.244548550464444, -34.85918056277275 ], [ -56.244400771152961, -34.859340715731037 ], [ -56.244396175229028, -34.859363342431365 ], [ -56.244400417479447, -34.859385969041568 ], [ -56.244412792275106, -34.859400463814893 ], [ -56.244428347407997, -34.859408241465189 ], [ -56.244884479867146, -34.859485477953051 ], [ -56.244973503403138, -34.859622486166437 ], [ -56.245054088088509, -34.859721206444327 ], [ -56.245359514343136, -34.860094211415515 ], [ -56.245719312392183, -34.860154308167623 ], [ -56.246390851421118, -34.860342275559375 ], [ -56.246593892047429, -34.860445834907104 ], [ -56.246971057587508, -34.860186867309913 ], [ -56.246761562671303, -34.859903667700848 ], [ -56.246638596780691, -34.859751020874704 ], [ -56.246342842898727, -34.859388484163425 ], [ -56.246291960943992, -34.859267638027987 ], [ -56.246279240157016, -34.858936902741085 ], [ -56.246400085240936, -34.858612527375115 ] ] ] } },
{ "type": "Feature", "properties": { "codigo_ai": 1010017, "nombre_ai": "Capra 2", "nombre_dep": "Montevideo", "nombre_loc": "Rural", "fecha_desde": 2000, "footprints_all": 202, "footprints_min6": 202, "footprints_min10": 195, "oai_viviendas": 144.0, "oai_personas": 471.0, "est_dwellings": 182.0, "est_population": 619.0, "meets_definition": true }, "geometry": { "type": "Polygon", "coordinates": [ [ [ -56.114451975593937, -34.811009014669445 ], [ -56.114926711049009, -34.811233666000149 ], [ -56.115017354281903, -34.81121736366557 ], [ -56.115201248909081, -34.810883483917479 ], [ -56.115602838096727, -34.809895595463971 ], [ -56.116263722227181, -34.808414145064631 ], [ -56.115577787310798, -34.808075191315226 ], [ -56.115313975702634, -34.807939778050162 ], [ -56.113569635254962, -34.810542449412921 ], [ -56.113937258790514, -34.810737007040316 ], [ -56.114451975593937, -34.811009014669445 ] ] ] } },
{ "type": "Feature", "properties": { "codigo_ai": 1017044, "nombre_ai": "Casabo", "nombre_dep": "Montevideo", "nombre_loc": "Montevideo", "fecha_desde": 1960, "footprints_all": 1189, "footprints_min6": 1189, "footprints_min10": 1147, "oai_viviendas": 924.0, "oai_personas": 2934.0, "est_dwellings": 1070.0, "est_population": 3638.0, "meets_definition": true }, "geometry": { "type": "Polygon", "coordinates": [ [ [ -56.278108161197274, -34.889693587450012 ], [ -56.277694557024972, -34.888839265371239 ], [ -56.277665217612558, -34.888773943335536 ], [ -56.277313594365765, -34.887924502259779 ], [ -56.277269064054153, -34.887822284562844 ], [ -56.27720507569952, -34.887643412718504 ], [ -56.277162244393864, -34.887407829327884 ], [ -56.276953988729517, -34.886043765689756 ], [ -56.276926449451402, -34.885967629722991 ], [ -56.276276949393704, -34.885266948200211 ], [ -56.276073111040503, -34.885058857313695 ], [ -56.275943239918654, -34.884951358885743 ], [ -56.275883765878568, -34.884912988348404 ], [ -56.275735061850469, -34.884826979510699 ], [ -56.275641176144816, -34.884785392938404 ], [ -56.275195221621431, -34.884628339645225 ], [ -56.275141465223264, -34.884617338967196 ], [ -56.275036730059355, -34.884291405892256 ], [ -56.273546009489991, -34.884618240434165 ], [ -56.272851434176133, -34.884760192546707 ], [ -56.272672747773832, -34.88573253037719 ], [ -56.272522284829691, -34.886669409089052 ], [ -56.272514937916995, -34.886773159406523 ], [ -56.272211006601545, -34.886761202882255 ], [ -56.271804194266124, -34.886711479660505 ], [ -56.271721440098794, -34.887250327293707 ], [ -56.271957936558593, -34.887269852547689 ], [ -56.272180389030503, -34.88799892213229 ], [ -56.272051323443868, -34.888046699660379 ], [ -56.271670285117828, -34.889534785576764 ], [ -56.272643804651729, -34.889693368484608 ], [ -56.272689230861047, -34.889640232309347 ], [ -56.27269336382912, -34.889614207709421 ], [ -56.272761220776303, -34.889599879331364 ], [ -56.272790468173618, -34.889619219782887 ], [ -56.272846131563583, -34.889643278321927 ], [ -56.273663634107365, -34.889768285908552 ], [ -56.273811584495718, -34.889755877361232 ], [ -56.274863152430889, -34.889910671505298 ], [ -56.275042608098168, -34.88995391964513 ], [ -56.27592614453421, -34.890069173042853 ], [ -56.275991148301159, -34.89006294960064 ], [ -56.276051644317874, -34.890074192043173 ], [ -56.278136522554405, -34.890399685874542 ], [ -56.278185274746413, -34.890343047006603 ], [ -56.278208217090771, -34.89016739530171 ], [ -56.278201765167609, -34.889956613272901 ], [ -56.278108161197274, -34.889693587450012 ] ], [ [ -56.273811804212144, -34.88709344237185 ], [ -56.273784252418181, -34.887132952349504 ], [ -56.273711870112415, -34.887214843879669 ], [ -56.273676472369559, -34.887234392123091 ], [ -56.273596165864532, -34.887252355478211 ], [ -56.273312981415316, -34.88720744730044 ], [ -56.273178785136615, -34.887132952482929 ], [ -56.273316151217088, -34.886889920933406 ], [ -56.273332852920397, -34.886846669827399 ], [ -56.273811804212144, -34.88709344237185 ] ] ] } },
{ "type": "Feature", "properties": { "codigo_ai": 1015017, "nombre_ai": "Casona Tucci", "nombre_dep": "Montevideo", "nombre_loc": "Montevideo", "fecha_desde": 2008, "footprints_all": 9, "footprints_min6": 9, "footprints_min10": 9, "oai_viviendas": 14.0, "oai_personas": 48.0, "est_dwellings": 8.0, "est_population": 27.0, "meets_definition": false }, "geometry": { "type": "Polygon", "coordinates": [ [ [ -56.194347340285432, -34.849543243167467 ], [ -56.194324133497673, -34.849385355184019 ], [ -56.194303614229703, -34.849271128988981 ], [ -56.194265349246805, -34.84913710124394 ], [ -56.194198314014457, -34.848933002885907 ], [ -56.194127130687534, -34.848750510536092 ], [ -56.193031020646949, -34.849104693415562 ], [ -56.193388617359105, -34.849853857479879 ], [ -56.194347340285432, -34.849543243167467 ] ] ] } },
{ "type": "Feature", "properties": { "codigo_ai": 1018029, "nombre_ai": "Caviglia", "nombre_dep": "Montevideo", "nombre_loc": "Montevideo", "fecha_desde": 2018, "footprints_all": 60, "footprints_min6": 60, "footprints_min10": 56, "oai_viviendas": 36.0, "oai_personas": 130.0, "est_dwellings": 54.0, "est_population": 184.0, "meets_definition": true }, "geometry": { "type": "Polygon", "coordinates": [ [ [ -56.282209718199177, -34.839459554834193 ], [ -56.281294002370096, -34.838063782214618 ], [ -56.281107592996769, -34.837873918738033 ], [ -56.279506792824925, -34.838606015020275 ], [ -56.280176579009144, -34.839555873851282 ], [ -56.280842368125882, -34.84012314173507 ], [ -56.28087750001081, -34.840143697272886 ], [ -56.280906651629195, -34.840153041243255 ], [ -56.280972431184082, -34.84015416231577 ], [ -56.281033725216382, -34.840139959670644 ], [ -56.282128054428654, -34.839534491104267 ], [ -56.282209718199177, -34.839459554834193 ] ] ] } },
{ "type": "Feature", "properties": { "codigo_ai": 1011017, "nombre_ai": "Cañada Matilde Pacheco", "nombre_dep": "Montevideo", "nombre_loc": "Montevideo", "fecha_desde": 1980, "footprints_all": 30, "footprints_min6": 30, "footprints_min10": 28, "oai_viviendas": 33.0, "oai_personas": 140.0, "est_dwellings": 27.0, "est_population": 92.0, "meets_definition": true }, "geometry": { "type": "Polygon", "coordinates": [ [ [ -56.175242544576378, -34.827685901848071 ], [ -56.175312960088959, -34.827386880774839 ], [ -56.175376709347717, -34.826703863796553 ], [ -56.175221805374768, -34.826683457921902 ], [ -56.175154815728689, -34.826725681157633 ], [ -56.174541518974287, -34.827419266571248 ], [ -56.174844111668797, -34.827614359612951 ], [ -56.175242544576378, -34.827685901848071 ] ] ] } },
{ "type": "Feature", "properties": { "codigo_ai": 1017054, "nombre_ai": "Cerro Oeste", "nombre_dep": "Montevideo", "nombre_loc": "Montevideo", "fecha_desde": 1965, "footprints_all": 229, "footprints_min6": 229, "footprints_min10": 217, "oai_viviendas": 155.0, "oai_personas": 639.0, "est_dwellings": 206.0, "est_population": 700.0, "meets_definition": true }, "geometry": { "type": "Polygon", "coordinates": [ [ [ -56.272752249601034, -34.873115928868607 ], [ -56.272631981219426, -34.873763898741245 ], [ -56.272592048006906, -34.87397303157482 ], [ -56.272563761464284, -34.874556220669511 ], [ -56.272537976802589, -34.875028500152283 ], [ -56.273556637050788, -34.875172834363589 ], [ -56.275797257117283, -34.875496302427855 ], [ -56.27595486216152, -34.875516053147578 ], [ -56.276087804451329, -34.874747476834749 ], [ -56.276328594173862, -34.873599539984461 ], [ -56.274149724559194, -34.873304617266882 ], [ -56.272752249601034, -34.873115928868607 ] ] ] } },
{ "type": "Feature", "properties": { "codigo_ai": 1009068, "nombre_ai": "Chacarita De Los Padres", "nombre_dep": "Montevideo", "nombre_loc": "Rural", "fecha_desde": 1980, "footprints_all": 45, "footprints_min6": 45, "footprints_min10": 41, "oai_viviendas": 29.0, "oai_personas": 99.0, "est_dwellings": 40.0, "est_population": 136.0, "meets_definition": true }, "geometry": { "type": "Polygon", "coordinates": [ [ [ -56.101202706315277, -34.835319372719361 ], [ -56.101413092242957, -34.835754791631814 ], [ -56.101768502061773, -34.836033785052265 ], [ -56.101993463674297, -34.836222041871551 ], [ -56.102395209886161, -34.836057325948246 ], [ -56.101069079952168, -34.834143479094401 ], [ -56.099533132887885, -34.834620363160688 ], [ -56.099544001995049, -34.834716826804495 ], [ -56.099506979769089, -34.834914849413927 ], [ -56.099504262078547, -34.835087396909117 ], [ -56.099842903521925, -34.835780644489802 ], [ -56.101202706315277, -34.835319372719361 ] ] ] } },
{ "type": "Feature", "properties": { "codigo_ai": 1017072, "nombre_ai": "Cibils Y Pernambuco", "nombre_dep": "Montevideo", "nombre_loc": "Montevideo", "fecha_desde": 2008, "footprints_all": 8, "footprints_min6": 8, "footprints_min10": 8, "oai_viviendas": 10.0, "oai_personas": 36.0, "est_dwellings": 7.0, "est_population": 24.0, "meets_definition": false }, "geometry": { "type": "Polygon", "coordinates": [ [ [ -56.267442907249389, -34.869949297883885 ], [ -56.267477604824428, -34.869791391714102 ], [ -56.266933447564988, -34.869156918313223 ], [ -56.266706273923212, -34.869120451952128 ], [ -56.267428545472491, -34.869982040021242 ], [ -56.267442907249389, -34.869949297883885 ] ] ] } },
{ "type": "Feature", "properties": { "codigo_ai": 1010015, "nombre_ai": "Cirilo Nuevo", "nombre_dep": "Montevideo", "nombre_loc": "Montevideo", "fecha_desde": 1976, "footprints_all": 120, "footprints_min6": 120, "footprints_min10": 113, "oai_viviendas": 94.0, "oai_personas": 349.0, "est_dwellings": 108.0, "est_population": 367.0, "meets_definition": true }, "geometry": { "type": "Polygon", "coordinates": [ [ [ -56.132542715641534, -34.79035823585339 ], [ -56.131870678228118, -34.789734641280141 ], [ -56.131783016472625, -34.789725164523261 ], [ -56.129591689573516, -34.789353807169853 ], [ -56.129549907786071, -34.789724598242707 ], [ -56.129574179394531, -34.789756465236117 ], [ -56.129507810233065, -34.79007203919835 ], [ -56.129469728903565, -34.790411711508447 ], [ -56.132429172558822, -34.790722850852141 ], [ -56.132861407579242, -34.790800209134467 ], [ -56.132828145243636, -34.790680836207379 ], [ -56.132542715641534, -34.79035823585339 ] ] ] } },
{ "type": "Feature", "properties": { "codigo_ai": 1016005, "nombre_ai": "Civicos", "nombre_dep": "Montevideo", "nombre_loc": "Montevideo", "fecha_desde": 1960, "footprints_all": 13, "footprints_min6": 13, "footprints_min10": 13, "oai_viviendas": 49.0, "oai_personas": 144.0, "est_dwellings": 12.0, "est_population": 41.0, "meets_definition": true }, "geometry": { "type": "Polygon", "coordinates": [ [ [ -56.205952868818684, -34.876285792814492 ], [ -56.205831019572706, -34.876162843774011 ], [ -56.204873518416441, -34.876752157119078 ], [ -56.204952730775467, -34.876850427420294 ], [ -56.204992813180461, -34.876829766635403 ], [ -56.205521198228709, -34.877443880860454 ], [ -56.205579403288347, -34.877415911644675 ], [ -56.205510837683278, -34.877331251736834 ], [ -56.20507452878077, -34.876827731012376 ], [ -56.205952868818684, -34.876285792814492 ] ] ] } },
{ "type": "Feature", "properties": { "codigo_ai": 1010055, "nombre_ai": "Cno. Las Tres Marias", "nombre_dep": "Montevideo", "nombre_loc": "Montevideo", "fecha_desde": 2009, "footprints_all": 35, "footprints_min6": 35, "footprints_min10": 30, "oai_viviendas": 13.0, "oai_personas": 47.0, "est_dwellings": 32.0, "est_population": 109.0, "meets_definition": true }, "geometry": { "type": "Polygon", "coordinates": [ [ [ -56.150797703529598, -34.806612444112858 ], [ -56.150780655005754, -34.806848848333907 ], [ -56.150849394794044, -34.807063118404528 ], [ -56.151381009597849, -34.807126898942521 ], [ -56.151836995709992, -34.805661995920957 ], [ -56.151437933445777, -34.805585715837729 ], [ -56.151278572090071, -34.805759605722209 ], [ -56.150924974696053, -34.806342533941894 ], [ -56.150797703529598, -34.806612444112858 ] ] ] } },
{ "type": "Feature", "properties": { "codigo_ai": 1018025, "nombre_ai": "Coaita", "nombre_dep": "Montevideo", "nombre_loc": "Rural", "fecha_desde": 2002, "footprints_all": 22, "footprints_min6": 22, "footprints_min10": 21, "oai_viviendas": 13.0, "oai_personas": 45.0, "est_dwellings": 20.0, "est_population": 68.0, "meets_definition": true }, "geometry": { "type": "Polygon", "coordinates": [ [ [ -56.310551640774605, -34.804714955753134 ], [ -56.310284566677097, -34.804340849070876 ], [ -56.309478294383119, -34.804753577878785 ], [ -56.309773893742239, -34.805138285845018 ], [ -56.310551640774605, -34.804714955753134 ] ] ] } },
{ "type": "Feature", "properties": { "codigo_ai": 1017031, "nombre_ai": "Colagel", "nombre_dep": "Montevideo", "nombre_loc": "Montevideo", "fecha_desde": 1990, "footprints_all": 31, "footprints_min6": 31, "footprints_min10": 29, "oai_viviendas": 45.0, "oai_personas": 149.0, "est_dwellings": 28.0, "est_population": 95.0, "meets_definition": true }, "geometry": { "type": "Polygon", "coordinates": [ [ [ -56.247434433476272, -34.872220489309072 ], [ -56.247613642304479, -34.872114472157598 ], [ -56.247572847448815, -34.872052496779922 ], [ -56.247502398384391, -34.871881116887401 ], [ -56.247175025203788, -34.871995544146181 ], [ -56.24703849826836, -34.871729676719234 ], [ -56.246319702725359, -34.871978520902985 ], [ -56.246356104153747, -34.872432141167444 ], [ -56.246365230962596, -34.872732299946804 ], [ -56.246483782193259, -34.872845204342148 ], [ -56.246686353907478, -34.872713127124328 ], [ -56.246768118398997, -34.872695005627918 ], [ -56.247228383719268, -34.872758881105895 ], [ -56.247278572134704, -34.872683143927141 ], [ -56.247337701808334, -34.872693363244785 ], [ -56.247434433476272, -34.872220489309072 ] ] ] } },
{ "type": "Feature", "properties": { "codigo_ai": 1008010, "nombre_ai": "Colector Panizza", "nombre_dep": "Montevideo", "nombre_loc": "Montevideo", "fecha_desde": 1980, "footprints_all": 74, "footprints_min6": 74, "footprints_min10": 68, "oai_viviendas": 79.0, "oai_personas": 270.0, "est_dwellings": 67.0, "est_population": 228.0, "meets_definition": true }, "geometry": { "type": "Polygon", "coordinates": [ [ [ -56.097532071780208, -34.869776139531105 ], [ -56.097461603118347, -34.869793792525066 ], [ -56.097263009839004, -34.869185911204873 ], [ -56.09722219162056, -34.869151188414783 ], [ -56.097999116236281, -34.868955630053222 ], [ -56.097868245372034, -34.86862488850479 ], [ -56.098072702848555, -34.868570122357681 ], [ -56.097977412874883, -34.868352657993569 ], [ -56.09797269659483, -34.868341112489489 ], [ -56.098091923803153, -34.868301587041103 ], [ -56.098257334554958, -34.86825929484629 ], [ -56.098276443702275, -34.86823924514291 ], [ -56.098318257089538, -34.868213176172659 ], [ -56.09836824847244, -34.868197846055359 ], [ -56.098355699964848, -34.868163324249871 ], [ -56.096668347272214, -34.868699869167351 ], [ -56.096863598501294, -34.86923777716558 ], [ -56.09699865218942, -34.869207374985834 ], [ -56.097850276452476, -34.871164071709693 ], [ -56.097891718823298, -34.871174221521386 ], [ -56.098076131879381, -34.871117560078567 ], [ -56.098087630136078, -34.871058828600361 ], [ -56.098057147243104, -34.870965851112111 ], [ -56.098017633031816, -34.870922318497072 ], [ -56.097869736649315, -34.8704831419046 ], [ -56.097649702474513, -34.87053845752618 ], [ -56.097516697250533, -34.870128909861371 ], [ -56.097567092775662, -34.870113961812656 ], [ -56.097562394454556, -34.870099868155663 ], [ -56.097639696397948, -34.870081076445082 ], [ -56.097532071780208, -34.869776139531105 ] ] ] } },
{ "type": "Feature", "properties": { "codigo_ai": 1012020, "nombre_ai": "Colon Norte", "nombre_dep": "Montevideo", "nombre_loc": "Montevideo", "fecha_desde": 1982, "footprints_all": 38, "footprints_min6": 38, "footprints_min10": 37, "oai_viviendas": 28.0, "oai_personas": 106.0, "est_dwellings": 34.0, "est_population": 116.0, "meets_definition": true }, "geometry": { "type": "Polygon", "coordinates": [ [ [ -56.221354612837139, -34.774291994317075 ], [ -56.22043077326083, -34.773626627043505 ], [ -56.220344615579421, -34.773575946203323 ], [ -56.220265698851726, -34.773566534206118 ], [ -56.220238134761502, -34.773577059607547 ], [ -56.220187505246876, -34.773617214793063 ], [ -56.22017230129407, -34.773652691375645 ], [ -56.219784230388498, -34.775087683563434 ], [ -56.221354612837139, -34.774291994317075 ] ] ] } },
{ "type": "Feature", "properties": { "codigo_ai": 1010043, "nombre_ai": "Comision 516", "nombre_dep": "Montevideo", "nombre_loc": "Montevideo", "fecha_desde": 1994, "footprints_all": 30, "footprints_min6": 30, "footprints_min10": 30, "oai_viviendas": 25.0, "oai_personas": 75.0, "est_dwellings": 27.0, "est_population": 92.0, "meets_definition": true }, "geometry": { "type": "Polygon", "coordinates": [ [ [ -56.154578154112421, -34.828673989852554 ], [ -56.154206846354825, -34.82863742880425 ], [ -56.154163406678968, -34.828891674896866 ], [ -56.153722174258981, -34.829033904630279 ], [ -56.153776457371414, -34.828594790966093 ], [ -56.153521679868362, -34.828566618351807 ], [ -56.153427363236268, -34.829160691508783 ], [ -56.153199337797332, -34.82925784535756 ], [ -56.153194341622743, -34.829294774501562 ], [ -56.153158515846002, -34.829568818472801 ], [ -56.153441898391137, -34.82945190248342 ], [ -56.153450521585263, -34.829398968425821 ], [ -56.153715446623451, -34.829257300567392 ], [ -56.154475399367193, -34.829325616181514 ], [ -56.154578154112421, -34.828673989852554 ] ] ] } },
{ "type": "Feature", "properties": { "codigo_ai": 1008001, "nombre_ai": "Comunidad Polkman", "nombre_dep": "Montevideo", "nombre_loc": "Montevideo", "fecha_desde": 1952, "footprints_all": 8, "footprints_min6": 8, "footprints_min10": 7, "oai_viviendas": 19.0, "oai_personas": 65.0, "est_dwellings": 7.0, "est_population": 24.0, "meets_definition": false }, "geometry": { "type": "Polygon", "coordinates": [ [ [ -56.076679342995391, -34.875115621940914 ], [ -56.076478948479689, -34.87519760474521 ], [ -56.076757982499579, -34.875669998975035 ], [ -56.076948835049919, -34.875591986599829 ], [ -56.076679342995391, -34.875115621940914 ] ] ] } },
{ "type": "Feature", "properties": { "codigo_ai": 1006003, "nombre_ai": "Concepcion Del Uruguay - El Progreso - Candelaria 2", "nombre_dep": "Montevideo", "nombre_loc": "Montevideo", "fecha_desde": 1950, "footprints_all": 30, "footprints_min6": 30, "footprints_min10": 28, "oai_viviendas": null, "oai_personas": null, "est_dwellings": 27.0, "est_population": 92.0, "meets_definition": true }, "geometry": { "type": "MultiPolygon", "coordinates": [ [ [ [ -56.110433246881698, -34.882784074968669 ], [ -56.110365384303414, -34.882880994280349 ], [ -56.110411094479687, -34.8829186267767 ], [ -56.110454853947019, -34.882965164832463 ], [ -56.110492361583049, -34.883062407036817 ], [ -56.110559389366742, -34.883384002148148 ], [ -56.110592425536957, -34.883434679057316 ], [ -56.110697612983444, -34.883406924363854 ], [ -56.111189382291727, -34.883344410967318 ], [ -56.111211149714443, -34.883249778215756 ], [ -56.111319398447151, -34.88290773693511 ], [ -56.110867266741984, -34.882856113861635 ], [ -56.110523694271926, -34.882817208753274 ], [ -56.110433246881698, -34.882784074968669 ] ] ], [ [ [ -56.108061860542705, -34.881812314168059 ], [ -56.107821111363869, -34.881665431394161 ], [ -56.107447000193645, -34.882125812291349 ], [ -56.10740311456869, -34.882163601420423 ], [ -56.107522641485076, -34.882262586488409 ], [ -56.107618668965671, -34.882219695796834 ], [ -56.107783981621893, -34.882148847937835 ], [ -56.107927572043295, -34.882057329850241 ], [ -56.107925216179048, -34.881990186456115 ], [ -56.108061860542705, -34.881812314168059 ] ] ], [ [ [ -56.110251186900626, -34.882870503770128 ], [ -56.110132319205981, -34.882760632464709 ], [ -56.109942712892469, -34.882622870427966 ], [ -56.109840324738904, -34.882555899066482 ], [ -56.109585487227541, -34.882502741851781 ], [ -56.10950450155471, -34.882447392384584 ], [ -56.109360277389001, -34.882355241016803 ], [ -56.109186716264979, -34.882338552569493 ], [ -56.1088995068489, -34.882312806259179 ], [ -56.108850914360104, -34.882430160162244 ], [ -56.109899199044598, -34.882892556747265 ], [ -56.110026495869292, -34.882958672530151 ], [ -56.110109387449846, -34.883024787755652 ], [ -56.110127176328426, -34.883041395167524 ], [ -56.110251186900626, -34.882870503770128 ] ] ] ] } },
{ "type": "Feature", "properties": { "codigo_ai": 1017023, "nombre_ai": "Congreso De Avalos", "nombre_dep": "Montevideo", "nombre_loc": "Montevideo", "fecha_desde": 1990, "footprints_all": 23, "footprints_min6": 23, "footprints_min10": 22, "oai_viviendas": 21.0, "oai_personas": 90.0, "est_dwellings": 21.0, "est_population": 71.0, "meets_definition": true }, "geometry": { "type": "Polygon", "coordinates": [ [ [ -56.265897976468544, -34.860248942998595 ], [ -56.265466753325121, -34.86018796046379 ], [ -56.265305037471514, -34.861223116781737 ], [ -56.265697955694023, -34.861274200172339 ], [ -56.265897976468544, -34.860248942998595 ] ] ] } },
{ "type": "Feature", "properties": { "codigo_ai": 1008019, "nombre_ai": "Congreso De Mercedes", "nombre_dep": "Montevideo", "nombre_loc": "Montevideo", "fecha_desde": 1990, "footprints_all": 8, "footprints_min6": 8, "footprints_min10": 8, "oai_viviendas": 11.0, "oai_personas": 39.0, "est_dwellings": 7.0, "est_population": 24.0, "meets_definition": false }, "geometry": { "type": "Polygon", "coordinates": [ [ [ -56.100682135961911, -34.874149127764554 ], [ -56.100097233321605, -34.874453166072833 ], [ -56.100184888960648, -34.874593976117865 ], [ -56.100299324126794, -34.874617319210941 ], [ -56.100342489035654, -34.874619590859432 ], [ -56.100394741290167, -34.874605960200711 ], [ -56.100447127846166, -34.874587231263746 ], [ -56.100502652562177, -34.874561658892887 ], [ -56.100659408875643, -34.874469650605988 ], [ -56.100742330733311, -34.874409447179723 ], [ -56.10082145622841, -34.874344276875618 ], [ -56.100682135961911, -34.874149127764554 ] ] ] } },
{ "type": "Feature", "properties": { "codigo_ai": 1009007, "nombre_ai": "Cont Al Paso Hondo", "nombre_dep": "Montevideo", "nombre_loc": "Montevideo", "fecha_desde": 1997, "footprints_all": 78, "footprints_min6": 78, "footprints_min10": 74, "oai_viviendas": 70.0, "oai_personas": 261.0, "est_dwellings": 70.0, "est_population": 238.0, "meets_definition": true }, "geometry": { "type": "Polygon", "coordinates": [ [ [ -56.042238841881051, -34.777584138032104 ], [ -56.042217796676873, -34.777670744395031 ], [ -56.041992781092972, -34.777965369701356 ], [ -56.041773845349368, -34.778264944242494 ], [ -56.041981856934861, -34.778389260421079 ], [ -56.042035935377875, -34.778422011325709 ], [ -56.042216036905238, -34.778490517443927 ], [ -56.04237598952426, -34.778556544631741 ], [ -56.042658075116741, -34.778684258483679 ], [ -56.042914375110136, -34.778822465303968 ], [ -56.043131113067808, -34.778965725017009 ], [ -56.043157771625303, -34.778968204230779 ], [ -56.043229688039347, -34.778947745609869 ], [ -56.043603219655097, -34.778657909966391 ], [ -56.043786450436428, -34.778494115011036 ], [ -56.043745035425758, -34.778122493954129 ], [ -56.043680652681054, -34.777608554969461 ], [ -56.043681026065819, -34.777558392694289 ], [ -56.042562289751146, -34.777646428574997 ], [ -56.0424086062512, -34.777589959725319 ], [ -56.042238841881051, -34.777584138032104 ] ] ] } },
{ "type": "Feature", "properties": { "codigo_ai": 1009086, "nombre_ai": "Copernico - 11 De Febrero", "nombre_dep": "Montevideo", "nombre_loc": "Montevideo", "fecha_desde": 2009, "footprints_all": 24, "footprints_min6": 24, "footprints_min10": 24, "oai_viviendas": 20.0, "oai_personas": 60.0, "est_dwellings": 22.0, "est_population": 75.0, "meets_definition": true }, "geometry": { "type": "Polygon", "coordinates": [ [ [ -56.120449564090798, -34.831347479943183 ], [ -56.119579770188672, -34.83238357193332 ], [ -56.12020436155921, -34.832747459821483 ], [ -56.120597447465499, -34.832267912600152 ], [ -56.120630150503125, -34.83226245457508 ], [ -56.120671258113688, -34.83224205608289 ], [ -56.121127969210868, -34.831728471210468 ], [ -56.120449564090798, -34.831347479943183 ] ] ] } },
{ "type": "Feature", "properties": { "codigo_ai": 1014028, "nombre_ai": "Coppetti", "nombre_dep": "Montevideo", "nombre_loc": "Montevideo", "fecha_desde": 1996, "footprints_all": 38, "footprints_min6": 38, "footprints_min10": 36, "oai_viviendas": 20.0, "oai_personas": 69.0, "est_dwellings": 34.0, "est_population": 116.0, "meets_definition": true }, "geometry": { "type": "Polygon", "coordinates": [ [ [ -56.248040263019313, -34.856201058875904 ], [ -56.248095458830022, -34.856098561399442 ], [ -56.247784441790387, -34.855996741653819 ], [ -56.247711352006235, -34.856136884083881 ], [ -56.247310037354552, -34.856073846457299 ], [ -56.246685688434667, -34.855799500561275 ], [ -56.246573263564699, -34.855903440919136 ], [ -56.246173739730203, -34.856561792232533 ], [ -56.245907551726489, -34.856987389071875 ], [ -56.245880926046524, -34.857051075139957 ], [ -56.246308528143416, -34.857230833678798 ], [ -56.246471964164819, -34.856726138195853 ], [ -56.246642311362649, -34.856798994491641 ], [ -56.246855395178422, -34.856434900231427 ], [ -56.247715862767777, -34.856816217617293 ], [ -56.248040263019313, -34.856201058875904 ] ] ] } },
{ "type": "Feature", "properties": { "codigo_ai": 1013042, "nombre_ai": "Costanera", "nombre_dep": "Montevideo", "nombre_loc": "Montevideo", "fecha_desde": 1995, "footprints_all": 73, "footprints_min6": 73, "footprints_min10": 68, "oai_viviendas": 133.0, "oai_personas": 368.0, "est_dwellings": 66.0, "est_population": 224.0, "meets_definition": true }, "geometry": { "type": "Polygon", "coordinates": [ [ [ -56.187018865752812, -34.843417453691572 ], [ -56.18697547483093, -34.843295959562859 ], [ -56.186564708749415, -34.842811429304163 ], [ -56.186177084133668, -34.842345701290341 ], [ -56.185952897918028, -34.842098373489939 ], [ -56.18568091520801, -34.842273641164674 ], [ -56.185795831516799, -34.842459270799189 ], [ -56.185868005014648, -34.842536706229573 ], [ -56.185976264069794, -34.842713380179219 ], [ -56.18610695625533, -34.84299116066488 ], [ -56.186227366319642, -34.843335120022076 ], [ -56.18625894181779, -34.843623811820812 ], [ -56.186246912658547, -34.843816272622881 ], [ -56.186233046231365, -34.844498828785412 ], [ -56.186424338372952, -34.844928938693464 ], [ -56.186988566374893, -34.845596782842122 ], [ -56.187707635261631, -34.845027905029028 ], [ -56.187362323415293, -34.844738366765668 ], [ -56.187675112728307, -34.844526366159542 ], [ -56.187380688035567, -34.844203129977885 ], [ -56.187283446820651, -34.844030256877708 ], [ -56.187221356227752, -34.843891860200124 ], [ -56.187018865752812, -34.843417453691572 ] ] ] } },
{ "type": "Feature", "properties": { "codigo_ai": 1012009, "nombre_ai": "Costanera Noreste Arroyo Pantonoso", "nombre_dep": "Montevideo", "nombre_loc": "Montevideo", "fecha_desde": 1984, "footprints_all": 16, "footprints_min6": 16, "footprints_min10": 14, "oai_viviendas": 16.0, "oai_personas": 45.0, "est_dwellings": 14.0, "est_population": 48.0, "meets_definition": true }, "geometry": { "type": "Polygon", "coordinates": [ [ [ -56.238750608582443, -34.800556677495678 ], [ -56.237906498544106, -34.800653681298954 ], [ -56.237751832581111, -34.801573927923478 ], [ -56.238132709990275, -34.801493052076673 ], [ -56.238386141606952, -34.801468467024868 ], [ -56.238595023155334, -34.800867846187707 ], [ -56.238750608582443, -34.800556677495678 ] ] ] } },
{ "type": "Feature", "properties": { "codigo_ai": 1011024, "nombre_ai": "Costaneros", "nombre_dep": "Montevideo", "nombre_loc": "Montevideo", "fecha_desde": 1990, "footprints_all": 55, "footprints_min6": 55, "footprints_min10": 52, "oai_viviendas": 35.0, "oai_personas": 134.0, "est_dwellings": 50.0, "est_population": 170.0, "meets_definition": true }, "geometry": { "type": "MultiPolygon", "coordinates": [ [ [ [ -56.170112439789833, -34.82089021578647 ], [ -56.170173141874209, -34.820428246717384 ], [ -56.170111808578966, -34.820254434138533 ], [ -56.170083949575755, -34.82023690459409 ], [ -56.169698041210729, -34.820280510002881 ], [ -56.169023949860495, -34.820365123956613 ], [ -56.169098374099228, -34.820786526374818 ], [ -56.169158953958089, -34.820858677814002 ], [ -56.169282241721945, -34.82090998361128 ], [ -56.169882929466716, -34.820977410796004 ], [ -56.169983603542356, -34.820920970771901 ], [ -56.170112439789833, -34.82089021578647 ] ] ], [ [ [ -56.168994705324167, -34.819655611975328 ], [ -56.169051608363617, -34.819975343801978 ], [ -56.170357961555197, -34.819819738566885 ], [ -56.170300074564494, -34.819651729705789 ], [ -56.170005447351301, -34.81967861995269 ], [ -56.169965253999159, -34.819493392120329 ], [ -56.168994705324167, -34.819655611975328 ] ] ] ] } },
{ "type": "Feature", "properties": { "codigo_ai": 1017058, "nombre_ai": "Cotravi", "nombre_dep": "Montevideo", "nombre_loc": "Rural", "fecha_desde": 1998, "footprints_all": 774, "footprints_min6": 774, "footprints_min10": 736, "oai_viviendas": 549.0, "oai_personas": 1946.0, "est_dwellings": 697.0, "est_population": 2370.0, "meets_definition": true }, "geometry": { "type": "Polygon", "coordinates": [ [ [ -56.279208690056862, -34.866042737335427 ], [ -56.279528347944897, -34.864381067031239 ], [ -56.279540332383171, -34.864247303675349 ], [ -56.279556647799545, -34.863965039565031 ], [ -56.279844307521564, -34.864049851439866 ], [ -56.279953600701504, -34.863595191436602 ], [ -56.27897345962338, -34.863474531820678 ], [ -56.278926244217232, -34.863746453637475 ], [ -56.274510360818404, -34.863143155026286 ], [ -56.27314506993784, -34.862972219894914 ], [ -56.272078367630868, -34.862802597327907 ], [ -56.271257029389965, -34.862612068465793 ], [ -56.269045699773557, -34.862317553720089 ], [ -56.26896113883793, -34.862711636441205 ], [ -56.27043678376198, -34.862910359834515 ], [ -56.270432196373207, -34.863081089213573 ], [ -56.270274581632989, -34.863887913070684 ], [ -56.270078373199773, -34.864792095609367 ], [ -56.271991077028161, -34.865078927763882 ], [ -56.2740571221293, -34.865345741337038 ], [ -56.279208690056862, -34.866042737335427 ] ] ] } },
{ "type": "Feature", "properties": { "codigo_ai": 1014009, "nombre_ai": "Covilosca", "nombre_dep": "Montevideo", "nombre_loc": "Montevideo", "fecha_desde": 1990, "footprints_all": 12, "footprints_min6": 12, "footprints_min10": 10, "oai_viviendas": 18.0, "oai_personas": 62.0, "est_dwellings": 11.0, "est_population": 37.0, "meets_definition": true }, "geometry": { "type": "Polygon", "coordinates": [ [ [ -56.251405141888867, -34.841447521133581 ], [ -56.251223766557743, -34.841546620593306 ], [ -56.252088498897706, -34.842627616481174 ], [ -56.252285563207252, -34.842515334973918 ], [ -56.251824570036597, -34.841967922796734 ], [ -56.251405141888867, -34.841447521133581 ] ] ] } },
{ "type": "Feature", "properties": { "codigo_ai": 1014041, "nombre_ai": "Coviruta", "nombre_dep": "Montevideo", "nombre_loc": "Montevideo", "fecha_desde": 1991, "footprints_all": 27, "footprints_min6": 27, "footprints_min10": 26, "oai_viviendas": 15.0, "oai_personas": 52.0, "est_dwellings": 24.0, "est_population": 82.0, "meets_definition": true }, "geometry": { "type": "Polygon", "coordinates": [ [ [ -56.253351757980958, -34.841863055548622 ], [ -56.252404069988955, -34.840830076792031 ], [ -56.251893504944292, -34.841139450420705 ], [ -56.252831719246643, -34.842304594435205 ], [ -56.253338675507102, -34.842934172056061 ], [ -56.253356668509284, -34.842452185756279 ], [ -56.253351757980958, -34.841863055548622 ] ] ] } },
{ "type": "Feature", "properties": { "codigo_ai": 1010008, "nombre_ai": "Cruz Del Sur", "nombre_dep": "Montevideo", "nombre_loc": "Montevideo", "fecha_desde": 1992, "footprints_all": 26, "footprints_min6": 26, "footprints_min10": 26, "oai_viviendas": 42.0, "oai_personas": 154.0, "est_dwellings": 23.0, "est_population": 78.0, "meets_definition": true }, "geometry": { "type": "Polygon", "coordinates": [ [ [ -56.129189511196053, -34.807012436741942 ], [ -56.128592031546155, -34.806067315902624 ], [ -56.128209568418626, -34.806224867310419 ], [ -56.128146969138001, -34.806257935456756 ], [ -56.127938516743527, -34.806568383903489 ], [ -56.129081241458849, -34.80709425732546 ], [ -56.129107500318597, -34.807098443558722 ], [ -56.129162871617034, -34.807091212947611 ], [ -56.129187989595373, -34.807065524592502 ], [ -56.129195600747252, -34.80704173985805 ], [ -56.129189511196053, -34.807012436741942 ] ] ] } },
{ "type": "Feature", "properties": { "codigo_ai": 1014040, "nombre_ai": "Curuzu", "nombre_dep": "Montevideo", "nombre_loc": "Montevideo", "fecha_desde": 1900, "footprints_all": 11, "footprints_min6": 11, "footprints_min10": 11, "oai_viviendas": 10.0, "oai_personas": 39.0, "est_dwellings": 10.0, "est_population": 34.0, "meets_definition": true }, "geometry": { "type": "Polygon", "coordinates": [ [ [ -56.237921444541293, -34.875409761092229 ], [ -56.238019151031288, -34.875413498894773 ], [ -56.23804958354841, -34.875401752452873 ], [ -56.238071473803856, -34.875386802710992 ], [ -56.237325070547058, -34.874796876193656 ], [ -56.237269802443251, -34.874851287340611 ], [ -56.237277543591425, -34.874935645409131 ], [ -56.237921444541293, -34.875409761092229 ] ] ] } },
{ "type": "Feature", "properties": { "codigo_ai": 1014019, "nombre_ai": "Del Cid Y Cayetano Rivas", "nombre_dep": "Montevideo", "nombre_loc": "Montevideo", "fecha_desde": 1980, "footprints_all": 21, "footprints_min6": 21, "footprints_min10": 21, "oai_viviendas": 18.0, "oai_personas": 53.0, "est_dwellings": 19.0, "est_population": 65.0, "meets_definition": true }, "geometry": { "type": "Polygon", "coordinates": [ [ [ -56.217125134100847, -34.865318323812758 ], [ -56.217456500440079, -34.865043374420814 ], [ -56.216916021281378, -34.86457489012777 ], [ -56.216595084239295, -34.86507678804589 ], [ -56.216626940921451, -34.865352704094725 ], [ -56.21678886342108, -34.865506353134265 ], [ -56.216994320372045, -34.865366898394875 ], [ -56.217125134100847, -34.865318323812758 ] ] ] } },
{ "type": "Feature", "properties": { "codigo_ai": 1011045, "nombre_ai": "Descarrilamiento", "nombre_dep": "Montevideo", "nombre_loc": "Montevideo", "fecha_desde": 1974, "footprints_all": 27, "footprints_min6": 27, "footprints_min10": 24, "oai_viviendas": 23.0, "oai_personas": 82.0, "est_dwellings": 24.0, "est_population": 82.0, "meets_definition": true }, "geometry": { "type": "Polygon", "coordinates": [ [ [ -56.173946979090893, -34.815989208693203 ], [ -56.174144738233899, -34.816182796409436 ], [ -56.174479344777268, -34.815998387361262 ], [ -56.175088478262992, -34.816083499304213 ], [ -56.175839464119271, -34.816164439146192 ], [ -56.176412926123817, -34.816222640232077 ], [ -56.176436498310849, -34.816016327752614 ], [ -56.176363878053884, -34.816007712423286 ], [ -56.17415708503983, -34.815742857906827 ], [ -56.174077760392215, -34.815738211152684 ], [ -56.174000800105027, -34.815751813553454 ], [ -56.173946979090893, -34.815989208693203 ] ] ] } },
{ "type": "Feature", "properties": { "codigo_ai": 1009083, "nombre_ai": "Don Marquez - Nuevo El Monarca", "nombre_dep": "Montevideo", "nombre_loc": "Rural", "fecha_desde": 2014, "footprints_all": 331, "footprints_min6": 331, "footprints_min10": 302, "oai_viviendas": 221.0, "oai_personas": 707.0, "est_dwellings": 298.0, "est_population": 1013.0, "meets_definition": true }, "geometry": { "type": "Polygon", "coordinates": [ [ [ -56.034916268288278, -34.782061423118805 ], [ -56.034969824044587, -34.781899341277096 ], [ -56.035030334448479, -34.781888772076563 ], [ -56.035576495477855, -34.78002162310969 ], [ -56.03576895896601, -34.779419881954489 ], [ -56.035945122238829, -34.778952219710312 ], [ -56.032227238971323, -34.77791124473854 ], [ -56.032583368639862, -34.777351938541479 ], [ -56.0317200892381, -34.777101751471577 ], [ -56.031164989274863, -34.778215439822795 ], [ -56.031576692962012, -34.779521051723975 ], [ -56.032207251127573, -34.779733580321597 ], [ -56.032419889774594, -34.780165204625412 ], [ -56.032676943660427, -34.780714176667011 ], [ -56.034018042892001, -34.781008598947793 ], [ -56.033843657766539, -34.781762132830416 ], [ -56.034687015411969, -34.781742892810882 ], [ -56.034686266921298, -34.78202338398799 ], [ -56.034916268288278, -34.782061423118805 ] ] ] } },
{ "type": "Feature", "properties": { "codigo_ai": 1010042, "nombre_ai": "El Andaluz", "nombre_dep": "Montevideo", "nombre_loc": "Montevideo", "fecha_desde": 2001, "footprints_all": 43, "footprints_min6": 43, "footprints_min10": 42, "oai_viviendas": 24.0, "oai_personas": 86.0, "est_dwellings": 39.0, "est_population": 133.0, "meets_definition": true }, "geometry": { "type": "Polygon", "coordinates": [ [ [ -56.11944161505695, -34.794864831407672 ], [ -56.118955866719077, -34.79504128645312 ], [ -56.119010208692416, -34.795154905554611 ], [ -56.118447702357436, -34.795340031260231 ], [ -56.118684267947891, -34.795823430852344 ], [ -56.119341588785225, -34.795597451694256 ], [ -56.120323149921518, -34.795239547928219 ], [ -56.119812386328171, -34.794974558673694 ], [ -56.119487215542499, -34.794819230441618 ], [ -56.11944161505695, -34.794864831407672 ] ] ] } },
{ "type": "Feature", "properties": { "codigo_ai": 1009044, "nombre_ai": "El Arroyito", "nombre_dep": "Montevideo", "nombre_loc": "Montevideo", "fecha_desde": 1984, "footprints_all": 34, "footprints_min6": 34, "footprints_min10": 32, "oai_viviendas": 32.0, "oai_personas": 115.0, "est_dwellings": 31.0, "est_population": 105.0, "meets_definition": true }, "geometry": { "type": "Polygon", "coordinates": [ [ [ -56.101833567181565, -34.819049555249187 ], [ -56.102086754176007, -34.818922213952433 ], [ -56.101533505830332, -34.817977792457988 ], [ -56.100931950650157, -34.818276946661932 ], [ -56.101613467313769, -34.819251438550339 ], [ -56.101454294099256, -34.819325361160487 ], [ -56.101746784783948, -34.819735664742261 ], [ -56.102120982999146, -34.819549048691357 ], [ -56.101833567181565, -34.819049555249187 ] ] ] } },
{ "type": "Feature", "properties": { "codigo_ai": 1009064, "nombre_ai": "El Callejon", "nombre_dep": "Montevideo", "nombre_loc": "Montevideo", "fecha_desde": 1973, "footprints_all": 3, "footprints_min6": 3, "footprints_min10": 3, "oai_viviendas": 25.0, "oai_personas": 77.0, "est_dwellings": 3.0, "est_population": 10.0, "meets_definition": false }, "geometry": { "type": "Polygon", "coordinates": [ [ [ -56.141485224349353, -34.85701622201406 ], [ -56.141475461735297, -34.857055532544578 ], [ -56.141641185158953, -34.857289858221918 ], [ -56.141925264491555, -34.857112827248741 ], [ -56.141922016332018, -34.857080198672527 ], [ -56.141609791522939, -34.856961732425091 ], [ -56.141583225022188, -34.856944298409665 ], [ -56.141485224349353, -34.85701622201406 ] ] ] } },
{ "type": "Feature", "properties": { "codigo_ai": 1017064, "nombre_ai": "El Cambio", "nombre_dep": "Montevideo", "nombre_loc": "Montevideo", "fecha_desde": 2004, "footprints_all": 63, "footprints_min6": 63, "footprints_min10": 59, "oai_viviendas": 55.0, "oai_personas": 193.0, "est_dwellings": 57.0, "est_population": 194.0, "meets_definition": true }, "geometry": { "type": "Polygon", "coordinates": [ [ [ -56.263740454657373, -34.862427534025173 ], [ -56.26371267871145, -34.862394524528298 ], [ -56.263662359517944, -34.862318442237317 ], [ -56.263480818039646, -34.861960406713806 ], [ -56.262343600740792, -34.861799575949902 ], [ -56.262098352501965, -34.863023835555275 ], [ -56.262907402981782, -34.863135106910136 ], [ -56.263012254184304, -34.862558564870106 ], [ -56.263072882383135, -34.862565410391355 ], [ -56.264048210424193, -34.862702311786464 ], [ -56.264059396037396, -34.862647369822206 ], [ -56.263740454657373, -34.862427534025173 ] ] ] } },
{ "type": "Feature", "properties": { "codigo_ai": 1009093, "nombre_ai": "El Campo", "nombre_dep": "Montevideo", "nombre_loc": "Montevideo", "fecha_desde": 2014, "footprints_all": 15, "footprints_min6": 15, "footprints_min10": 15, "oai_viviendas": 21.0, "oai_personas": 67.0, "est_dwellings": 14.0, "est_population": 48.0, "meets_definition": true }, "geometry": { "type": "Polygon", "coordinates": [ [ [ -56.130695466143045, -34.824583289140257 ], [ -56.130961530270902, -34.823241367440907 ], [ -56.130701999263088, -34.823210777739376 ], [ -56.13042786684229, -34.82455485132656 ], [ -56.130695466143045, -34.824583289140257 ] ] ] } },
{ "type": "Feature", "properties": { "codigo_ai": 1017069, "nombre_ai": "El Che - Falda Del Cerro", "nombre_dep": "Montevideo", "nombre_loc": "Montevideo", "fecha_desde": 2018, "footprints_all": 22, "footprints_min6": 22, "footprints_min10": 21, "oai_viviendas": null, "oai_personas": null, "est_dwellings": 20.0, "est_population": 68.0, "meets_definition": true }, "geometry": { "type": "Polygon", "coordinates": [ [ [ -56.256443140875099, -34.885965956740613 ], [ -56.256629493612799, -34.886147794130061 ], [ -56.257011118494425, -34.88622451756833 ], [ -56.25709888977088, -34.886432091353285 ], [ -56.257205729838311, -34.886499861232274 ], [ -56.257344528918416, -34.886692904970218 ], [ -56.257350698546801, -34.886689645017839 ], [ -56.257584487051631, -34.886637839127594 ], [ -56.25771248461885, -34.886719104186376 ], [ -56.257860857090151, -34.885965630559049 ], [ -56.257237577477142, -34.885872544081465 ], [ -56.257058270675863, -34.88603790500666 ], [ -56.256443140875099, -34.885965956740613 ] ] ] } },
{ "type": "Feature", "properties": { "codigo_ai": 1018011, "nombre_ai": "El Humedo", "nombre_dep": "Montevideo", "nombre_loc": "Rural", "fecha_desde": 1991, "footprints_all": 33, "footprints_min6": 33, "footprints_min10": 30, "oai_viviendas": 16.0, "oai_personas": 51.0, "est_dwellings": 30.0, "est_population": 102.0, "meets_definition": true }, "geometry": { "type": "Polygon", "coordinates": [ [ [ -56.315233704330531, -34.850532683039575 ], [ -56.314880156235233, -34.850713750446857 ], [ -56.316061232180495, -34.852346382652051 ], [ -56.316441344154093, -34.852170077216272 ], [ -56.315233704330531, -34.850532683039575 ] ] ] } },
{ "type": "Feature", "properties": { "codigo_ai": 1012021, "nombre_ai": "El Indio", "nombre_dep": "Montevideo", "nombre_loc": "Montevideo", "fecha_desde": 1996, "footprints_all": 17, "footprints_min6": 17, "footprints_min10": 16, "oai_viviendas": 16.0, "oai_personas": 55.0, "est_dwellings": 15.0, "est_population": 51.0, "meets_definition": true }, "geometry": { "type": "Polygon", "coordinates": [ [ [ -56.222015608458193, -34.769792724735588 ], [ -56.221961455770831, -34.769683836042148 ], [ -56.221954679422169, -34.769620379035821 ], [ -56.221946053955861, -34.769603744353972 ], [ -56.221910320663866, -34.76958772545715 ], [ -56.221530829703802, -34.769607157912446 ], [ -56.221344749440291, -34.769634548875139 ], [ -56.220927656505047, -34.769741440352639 ], [ -56.220629931110409, -34.769845251339646 ], [ -56.220582800187707, -34.769897465672386 ], [ -56.220591117367114, -34.769966159146286 ], [ -56.220772248121882, -34.770342436230479 ], [ -56.221447470324897, -34.770038492313745 ], [ -56.222015608458193, -34.769792724735588 ] ] ] } },
{ "type": "Feature", "properties": { "codigo_ai": 1011018, "nombre_ai": "El Milagro - La Santa Lourdes", "nombre_dep": "Montevideo", "nombre_loc": "Montevideo", "fecha_desde": 1994, "footprints_all": 113, "footprints_min6": 113, "footprints_min10": 105, "oai_viviendas": 86.0, "oai_personas": 355.0, "est_dwellings": 102.0, "est_population": 347.0, "meets_definition": true }, "geometry": { "type": "Polygon", "coordinates": [ [ [ -56.180303867373212, -34.826219330905694 ], [ -56.180033049161068, -34.826124377138157 ], [ -56.179570321089585, -34.82701512193573 ], [ -56.179553898773108, -34.827050916566876 ], [ -56.178278324465751, -34.826933174637304 ], [ -56.17799416770638, -34.826929750876481 ], [ -56.177897451668699, -34.827000789972651 ], [ -56.177788222999339, -34.828164456077893 ], [ -56.178479291704505, -34.82822282593839 ], [ -56.17908622220861, -34.828194171892157 ], [ -56.1794568272528, -34.82814480963259 ], [ -56.17969203702895, -34.828148523068975 ], [ -56.179725713907843, -34.82794606033557 ], [ -56.179663196903363, -34.827808003010212 ], [ -56.179878707935707, -34.827594402500871 ], [ -56.1805981470783, -34.827615074976734 ], [ -56.180613195044707, -34.826973459344472 ], [ -56.180147097897176, -34.826862130488479 ], [ -56.180303867373212, -34.826219330905694 ] ] ] } },
{ "type": "Feature", "properties": { "codigo_ai": 1009005, "nombre_ai": "El Monarca", "nombre_dep": "Montevideo", "nombre_loc": "Rural", "fecha_desde": 1996, "footprints_all": 575, "footprints_min6": 575, "footprints_min10": 534, "oai_viviendas": 375.0, "oai_personas": 1321.0, "est_dwellings": 518.0, "est_population": 1761.0, "meets_definition": true }, "geometry": { "type": "Polygon", "coordinates": [ [ [ -56.037131547251498, -34.775185618186896 ], [ -56.033589830817903, -34.774123353343022 ], [ -56.033344381698384, -34.774687568117741 ], [ -56.033678390385354, -34.774901947598785 ], [ -56.033353393446511, -34.775502087055791 ], [ -56.033493692668003, -34.775561644124281 ], [ -56.033409533622979, -34.775765966711219 ], [ -56.033639466784805, -34.775843185160248 ], [ -56.032684354022138, -34.777284581837137 ], [ -56.032598517087713, -34.777407714727303 ], [ -56.032330347388168, -34.777844007116585 ], [ -56.032326795969539, -34.777870646703441 ], [ -56.032343371188382, -34.777894917827211 ], [ -56.035953441666763, -34.778891967838824 ], [ -56.036698898497171, -34.776471935311619 ], [ -56.037131547251498, -34.775185618186896 ] ] ] } },
{ "type": "Feature", "properties": { "codigo_ai": 1009079, "nombre_ai": "El Peluca - Nuevo Ipusa - La Esperanza", "nombre_dep": "Montevideo", "nombre_loc": "Montevideo", "fecha_desde": 2009, "footprints_all": 109, "footprints_min6": 109, "footprints_min10": 102, "oai_viviendas": 117.0, "oai_personas": 421.0, "est_dwellings": 98.0, "est_population": 333.0, "meets_definition": true }, "geometry": { "type": "Polygon", "coordinates": [ [ [ -56.112524021755675, -34.828444585820201 ], [ -56.11329308660212, -34.826300870654457 ], [ -56.112281539368411, -34.825933799002648 ], [ -56.111699458935902, -34.828051620175323 ], [ -56.11183387138788, -34.828102462829271 ], [ -56.112145816799881, -34.828260239926074 ], [ -56.112473178864406, -34.828454427012417 ], [ -56.112488268080334, -34.828461315414117 ], [ -56.112502044593285, -34.828461314925867 ], [ -56.112513524707303, -34.82845672319808 ], [ -56.112524021755675, -34.828444585820201 ] ] ] } },
{ "type": "Feature", "properties": { "codigo_ai": 1009029, "nombre_ai": "El Renuevo", "nombre_dep": "Montevideo", "nombre_loc": "Montevideo", "fecha_desde": 1998, "footprints_all": 269, "footprints_min6": 269, "footprints_min10": 256, "oai_viviendas": 211.0, "oai_personas": 710.0, "est_dwellings": 242.0, "est_population": 823.0, "meets_definition": true }, "geometry": { "type": "Polygon", "coordinates": [ [ [ -56.10423311264244, -34.838551617592366 ], [ -56.103894188741272, -34.838651341236002 ], [ -56.103296334686497, -34.838814200711482 ], [ -56.103285811315999, -34.838797959631933 ], [ -56.103145644613718, -34.838487220027979 ], [ -56.101546704046783, -34.838972241411128 ], [ -56.100543039220192, -34.839687167400946 ], [ -56.101347454293816, -34.841475037053947 ], [ -56.103002718436095, -34.840993138544469 ], [ -56.105017688419196, -34.840379720615047 ], [ -56.10423311264244, -34.838551617592366 ] ] ] } },
{ "type": "Feature", "properties": { "codigo_ai": 1017038, "nombre_ai": "El Tanque", "nombre_dep": "Montevideo", "nombre_loc": "Montevideo", "fecha_desde": 1990, "footprints_all": 100, "footprints_min6": 100, "footprints_min10": 94, "oai_viviendas": 85.0, "oai_personas": 334.0, "est_dwellings": 90.0, "est_population": 306.0, "meets_definition": true }, "geometry": { "type": "Polygon", "coordinates": [ [ [ -56.257344528918416, -34.886692904970218 ], [ -56.257205729838311, -34.886499861232274 ], [ -56.25709888977088, -34.886432091353285 ], [ -56.257011118494425, -34.88622451756833 ], [ -56.256629493612799, -34.886147794130061 ], [ -56.256443140875099, -34.885965956740613 ], [ -56.256366295372175, -34.885956968002709 ], [ -56.256318269189627, -34.885970291304837 ], [ -56.256297510319811, -34.885983847231131 ], [ -56.256260111680412, -34.88603147438949 ], [ -56.256157306216657, -34.886409416102154 ], [ -56.25614568656863, -34.886435288807029 ], [ -56.256098746035484, -34.886645516906519 ], [ -56.256116716429553, -34.886691373668725 ], [ -56.25610339341894, -34.886781537730478 ], [ -56.256053818315976, -34.88698231573089 ], [ -56.255972409911493, -34.887241590962432 ], [ -56.255882213317321, -34.887492743611631 ], [ -56.255830418826008, -34.887554563265816 ], [ -56.255743565127027, -34.887546072836955 ], [ -56.255609583463695, -34.887578120692005 ], [ -56.255431553630011, -34.887569851689562 ], [ -56.255337673907107, -34.887538234439326 ], [ -56.255164507957232, -34.888293160505611 ], [ -56.25526762887683, -34.888246463883384 ], [ -56.257366932415827, -34.886978210887357 ], [ -56.257274649681897, -34.886729827893994 ], [ -56.257344528918416, -34.886692904970218 ] ] ] } },
{ "type": "Feature", "properties": { "codigo_ai": 1017015, "nombre_ai": "El Tobogan", "nombre_dep": "Montevideo", "nombre_loc": "Montevideo", "fecha_desde": 1987, "footprints_all": 291, "footprints_min6": 291, "footprints_min10": 279, "oai_viviendas": 232.0, "oai_personas": 882.0, "est_dwellings": 262.0, "est_population": 891.0, "meets_definition": true }, "geometry": { "type": "Polygon", "coordinates": [ [ [ -56.250354788377784, -34.867288177349522 ], [ -56.24944168984068, -34.865875635586065 ], [ -56.24934927941154, -34.865711170823282 ], [ -56.249207755621356, -34.865533780235232 ], [ -56.249144021210967, -34.86548364146573 ], [ -56.249079802018251, -34.865455909639913 ], [ -56.249010008947074, -34.86545558682306 ], [ -56.248608377091372, -34.865645577831657 ], [ -56.247493308360852, -34.866424607338708 ], [ -56.247430070897899, -34.866515702584252 ], [ -56.247367940088772, -34.866593273181728 ], [ -56.246391810529921, -34.867355177900961 ], [ -56.246314909450135, -34.867374564718872 ], [ -56.245126334982253, -34.868336808182178 ], [ -56.245451083455073, -34.868728286514326 ], [ -56.245865556982068, -34.868442320235545 ], [ -56.246091792729565, -34.868190123314015 ], [ -56.24616171852302, -34.868080132002959 ], [ -56.246340561200384, -34.867897354916231 ], [ -56.246549946894682, -34.867775704373763 ], [ -56.246648420696644, -34.867770905907228 ], [ -56.246753544825779, -34.867793284518029 ], [ -56.246836197471723, -34.867864280747419 ], [ -56.246887060147749, -34.867976604095354 ], [ -56.24689129917568, -34.868192772999372 ], [ -56.246777952699262, -34.868461426827807 ], [ -56.247056938786955, -34.868556260826253 ], [ -56.247280524970215, -34.868532252245338 ], [ -56.247447412567261, -34.868131363225494 ], [ -56.247449531328208, -34.86789881485744 ], [ -56.247548694965957, -34.867818302908759 ], [ -56.247785160799225, -34.867792723808186 ], [ -56.247863015300126, -34.867890556906502 ], [ -56.247993165290097, -34.868010346957398 ], [ -56.248209699606235, -34.868011685945476 ], [ -56.248669127752791, -34.867805470609426 ], [ -56.248883707372869, -34.867586652612545 ], [ -56.248932186408268, -34.867494197619884 ], [ -56.248986758430192, -34.867301606294397 ], [ -56.24907850975999, -34.867404614764311 ], [ -56.249345240105065, -34.86770123334302 ], [ -56.249393061339077, -34.867737099368149 ], [ -56.249415194800157, -34.867745984648153 ], [ -56.249458169421274, -34.867754386289583 ], [ -56.249526345982673, -34.867747277590837 ], [ -56.249832012691456, -34.867636287965311 ], [ -56.250352226892701, -34.867342091738273 ], [ -56.250357720036838, -34.867330782655408 ], [ -56.25035965933435, -34.867302025596317 ], [ -56.250354788377784, -34.867288177349522 ] ] ] } },
{ "type": "Feature", "properties": { "codigo_ai": 1014003, "nombre_ai": "El Trebol - El Fortin", "nombre_dep": "Montevideo", "nombre_loc": "Montevideo", "fecha_desde": 1995, "footprints_all": 58, "footprints_min6": 58, "footprints_min10": 56, "oai_viviendas": 53.0, "oai_personas": 182.0, "est_dwellings": 52.0, "est_population": 177.0, "meets_definition": true }, "geometry": { "type": "Polygon", "coordinates": [ [ [ -56.249740058880512, -34.827891699292209 ], [ -56.249651973142043, -34.827952346480508 ], [ -56.250567811116653, -34.829670310705552 ], [ -56.251568718951276, -34.830530110691072 ], [ -56.251191228831026, -34.830861215938825 ], [ -56.252623245923346, -34.832044414359316 ], [ -56.252706994288722, -34.832030146594612 ], [ -56.252639596894362, -34.831894170934106 ], [ -56.252566334477947, -34.831780609876915 ], [ -56.251659856662961, -34.830477982550491 ], [ -56.251451336685939, -34.830314392341727 ], [ -56.251139850226231, -34.830040994931267 ], [ -56.250774120832169, -34.829573727997897 ], [ -56.250544304132447, -34.829199655603176 ], [ -56.250268707348582, -34.828743541446634 ], [ -56.249796139834956, -34.827914698713506 ], [ -56.2497791994832, -34.827900483778777 ], [ -56.249759326497596, -34.827892629683916 ], [ -56.249740058880512, -34.827891699292209 ] ] ] } },
{ "type": "Feature", "properties": { "codigo_ai": 1011005, "nombre_ai": "El Triangulo", "nombre_dep": "Montevideo", "nombre_loc": "Montevideo", "fecha_desde": 1970, "footprints_all": 45, "footprints_min6": 45, "footprints_min10": 45, "oai_viviendas": 63.0, "oai_personas": 229.0, "est_dwellings": 40.0, "est_population": 136.0, "meets_definition": true }, "geometry": { "type": "Polygon", "coordinates": [ [ [ -56.156898552106313, -34.834368299570663 ], [ -56.155510127074351, -34.834223583368335 ], [ -56.155485498814201, -34.834429290090704 ], [ -56.155654769068825, -34.834658059305212 ], [ -56.155859384419365, -34.834884897679792 ], [ -56.156110945499421, -34.835142909736753 ], [ -56.156982852819574, -34.834673052415724 ], [ -56.157013945072322, -34.83464427531942 ], [ -56.157033130182015, -34.834614175816064 ], [ -56.157044045139976, -34.834584406745684 ], [ -56.157045368416163, -34.834512629728763 ], [ -56.15700451817699, -34.834432252773404 ], [ -56.156959368894562, -34.834395867790434 ], [ -56.156898552106313, -34.834368299570663 ] ] ] } },
{ "type": "Feature", "properties": { "codigo_ai": 1009069, "nombre_ai": "El Viñedo", "nombre_dep": "Montevideo", "nombre_loc": "Rural", "fecha_desde": 1998, "footprints_all": 163, "footprints_min6": 163, "footprints_min10": 159, "oai_viviendas": 155.0, "oai_personas": 617.0, "est_dwellings": 147.0, "est_population": 500.0, "meets_definition": true }, "geometry": { "type": "Polygon", "coordinates": [ [ [ -56.091876473094004, -34.825221570676028 ], [ -56.091641819492438, -34.825128460027436 ], [ -56.091469711991088, -34.825392945455739 ], [ -56.091428808189526, -34.825449116252813 ], [ -56.091922577346644, -34.825641864190324 ], [ -56.09269891650198, -34.825947057193119 ], [ -56.093254145512155, -34.826103040987967 ], [ -56.093744475135168, -34.826182285786423 ], [ -56.093787104565436, -34.82617271767085 ], [ -56.094422236154166, -34.825434951362674 ], [ -56.094991143718552, -34.824743696162855 ], [ -56.093109801697899, -34.823664018303354 ], [ -56.092412962262443, -34.824605230491457 ], [ -56.092354162177017, -34.824573701050454 ], [ -56.091876473094004, -34.825221570676028 ] ] ] } },
{ "type": "Feature", "properties": { "codigo_ai": 1017045, "nombre_ai": "Estrella Del Cerro", "nombre_dep": "Montevideo", "nombre_loc": "Montevideo", "fecha_desde": 1960, "footprints_all": 742, "footprints_min6": 742, "footprints_min10": 703, "oai_viviendas": 493.0, "oai_personas": 1753.0, "est_dwellings": 668.0, "est_population": 2271.0, "meets_definition": true }, "geometry": { "type": "Polygon", "coordinates": [ [ [ -56.278659331622329, -34.88404126270563 ], [ -56.278758409311045, -34.883632094263632 ], [ -56.278571539185002, -34.883601148807564 ], [ -56.277643626207698, -34.883423037383864 ], [ -56.276969303653146, -34.88343790660538 ], [ -56.276842050232609, -34.883393999812355 ], [ -56.27600997971777, -34.883483438455158 ], [ -56.275704822832502, -34.883573314719129 ], [ -56.275608300193895, -34.883383957499063 ], [ -56.275877269209253, -34.883315440870923 ], [ -56.276882880259564, -34.883216247117886 ], [ -56.2775366226752, -34.883180401601891 ], [ -56.277830916723516, -34.883221712054358 ], [ -56.278939454222076, -34.883456503600193 ], [ -56.278956220458227, -34.883377631657936 ], [ -56.279255438779131, -34.883114923020976 ], [ -56.279215184752225, -34.883046949512241 ], [ -56.278003417290712, -34.882719949060466 ], [ -56.276975763883044, -34.882424937817113 ], [ -56.275600144831706, -34.881987349054967 ], [ -56.273468062395345, -34.881280361168294 ], [ -56.273374110382299, -34.881655306186921 ], [ -56.27332128851905, -34.881969636065627 ], [ -56.273302238528707, -34.882289595331187 ], [ -56.273308733146756, -34.882620378419539 ], [ -56.273314794424678, -34.882659778146184 ], [ -56.273440203565265, -34.882912391676825 ], [ -56.273484082119083, -34.88303039271117 ], [ -56.273492741087978, -34.883076286926162 ], [ -56.273454640681827, -34.883341692693939 ], [ -56.273440785942917, -34.883563369369057 ], [ -56.273375409052122, -34.883861680535183 ], [ -56.273179311948276, -34.884180638138197 ], [ -56.272868262153985, -34.884126526072059 ], [ -56.272633595478332, -34.884681493366408 ], [ -56.272634069407324, -34.884706568970671 ], [ -56.272659617723946, -34.884727859421893 ], [ -56.272687531059091, -34.884729751445271 ], [ -56.275072370788457, -34.884227060427591 ], [ -56.275169391717235, -34.884536978635111 ], [ -56.275981615069576, -34.884930787996062 ], [ -56.276338210526085, -34.885219730978747 ], [ -56.276978534600936, -34.885960667914418 ], [ -56.277968240838184, -34.886134737548552 ], [ -56.278166210982569, -34.886144881886914 ], [ -56.278165596181125, -34.886171011451395 ], [ -56.278495696295373, -34.886143881069529 ], [ -56.278408267743046, -34.885766034240554 ], [ -56.278375103994549, -34.885734027736227 ], [ -56.278191244726905, -34.884890453923454 ], [ -56.278121818582562, -34.884556078218736 ], [ -56.278081800535546, -34.884420985005612 ], [ -56.278074104900718, -34.884357476902018 ], [ -56.278095873134248, -34.884358436668506 ], [ -56.278662590386773, -34.884287970988389 ], [ -56.278659331622329, -34.88404126270563 ] ] ] } },
{ "type": "Feature", "properties": { "codigo_ai": 1012012, "nombre_ai": "Estrella Del Norte", "nombre_dep": "Montevideo", "nombre_loc": "Montevideo", "fecha_desde": 1994, "footprints_all": 30, "footprints_min6": 30, "footprints_min10": 27, "oai_viviendas": 17.0, "oai_personas": 66.0, "est_dwellings": 27.0, "est_population": 92.0, "meets_definition": true }, "geometry": { "type": "Polygon", "coordinates": [ [ [ -56.238969691384085, -34.795172663168401 ], [ -56.238512134256482, -34.795264591909614 ], [ -56.238522187692283, -34.795349481210017 ], [ -56.238656351766366, -34.795646791381387 ], [ -56.238768588722508, -34.795953364958741 ], [ -56.238863831475093, -34.795824608705274 ], [ -56.238913286463472, -34.795852597091965 ], [ -56.239918626958676, -34.794772258859602 ], [ -56.239715012349109, -34.794604374942843 ], [ -56.239667016100718, -34.794552921720644 ], [ -56.239611846927517, -34.794478368705832 ], [ -56.239553474488183, -34.794363277462914 ], [ -56.239471723454571, -34.794337639470569 ], [ -56.2393875524142, -34.794349249182218 ], [ -56.239348853633878, -34.794368114441042 ], [ -56.239317411503855, -34.794420358111459 ], [ -56.239300867315293, -34.79448986144223 ], [ -56.239304637245908, -34.794540466685596 ], [ -56.239339566058099, -34.794600386037175 ], [ -56.239237555513981, -34.794665508318907 ], [ -56.239188718942991, -34.794862999380932 ], [ -56.238969691384085, -34.795172663168401 ] ] ] } },
{ "type": "Feature", "properties": { "codigo_ai": 1017042, "nombre_ai": "Etiopia y Cibils", "nombre_dep": "Montevideo", "nombre_loc": "Montevideo", "fecha_desde": 1980, "footprints_all": 81, "footprints_min6": 81, "footprints_min10": 77, "oai_viviendas": 35.0, "oai_personas": 124.0, "est_dwellings": 73.0, "est_population": 248.0, "meets_definition": true }, "geometry": { "type": "Polygon", "coordinates": [ [ [ -56.266077767552495, -34.88687990032183 ], [ -56.266290492625835, -34.88597904427381 ], [ -56.26445889735399, -34.885741306697156 ], [ -56.264241780710023, -34.886778357087749 ], [ -56.264247523345269, -34.886814867028193 ], [ -56.264279316279413, -34.886850556247822 ], [ -56.26611314041223, -34.887124260476291 ], [ -56.266162082480065, -34.886894461068316 ], [ -56.266077767552495, -34.88687990032183 ] ] ] } },
{ "type": "Feature", "properties": { "codigo_ai": 1017036, "nombre_ai": "Falda Del Cerro", "nombre_dep": "Montevideo", "nombre_loc": "Montevideo", "fecha_desde": 1989, "footprints_all": 75, "footprints_min6": 75, "footprints_min10": 69, "oai_viviendas": 58.0, "oai_personas": 191.0, "est_dwellings": 68.0, "est_population": 231.0, "meets_definition": true }, "geometry": { "type": "Polygon", "coordinates": [ [ [ -56.257207307862608, -34.888362431403628 ], [ -56.257151755239093, -34.888484984805238 ], [ -56.256974088326906, -34.888497553937022 ], [ -56.256900370081802, -34.88853416640687 ], [ -56.256852076944142, -34.888639208176407 ], [ -56.25678814364818, -34.888640767763775 ], [ -56.256689293721635, -34.888628723064002 ], [ -56.256285686045047, -34.888614979170981 ], [ -56.256259881770973, -34.888626198478242 ], [ -56.256142853109353, -34.889353548001118 ], [ -56.256113008765716, -34.889507487963726 ], [ -56.256039846276295, -34.889721713350994 ], [ -56.25599050049243, -34.889805172513405 ], [ -56.256068117900469, -34.889823010437986 ], [ -56.257150546071877, -34.889723095491739 ], [ -56.25800364808179, -34.889578671114876 ], [ -56.25803507144785, -34.889243344735078 ], [ -56.257868645218018, -34.888532278861653 ], [ -56.257746933635879, -34.888377431152605 ], [ -56.257207307862608, -34.888362431403628 ] ] ] } },
{ "type": "Feature", "properties": { "codigo_ai": 1017068, "nombre_ai": "Falda Del Cerro - Viacaba", "nombre_dep": "Montevideo", "nombre_loc": "Montevideo", "fecha_desde": 1900, "footprints_all": 47, "footprints_min6": 47, "footprints_min10": 44, "oai_viviendas": 35.0, "oai_personas": 127.0, "est_dwellings": 42.0, "est_population": 143.0, "meets_definition": true }, "geometry": { "type": "Polygon", "coordinates": [ [ [ -56.257127119719222, -34.888474459804634 ], [ -56.257110291455824, -34.888414437620206 ], [ -56.257077755720516, -34.888362830006841 ], [ -56.256826447728123, -34.888032426859574 ], [ -56.256670221847841, -34.88781295257489 ], [ -56.256567005629137, -34.887696273580062 ], [ -56.256483983631362, -34.887636812228564 ], [ -56.255347206705586, -34.888347403670778 ], [ -56.255344963373219, -34.88839312137938 ], [ -56.256282321012087, -34.888549627937259 ], [ -56.256286247471458, -34.888599553031135 ], [ -56.256691817838039, -34.888619186427029 ], [ -56.256828562075732, -34.888621508554628 ], [ -56.256874505838809, -34.888514501079136 ], [ -56.257042949673938, -34.888474566700481 ], [ -56.257127119719222, -34.888474459804634 ] ] ] } },
{ "type": "Feature", "properties": { "codigo_ai": 1010037, "nombre_ai": "Fenix", "nombre_dep": "Montevideo", "nombre_loc": "Montevideo", "fecha_desde": 2005, "footprints_all": 56, "footprints_min6": 56, "footprints_min10": 55, "oai_viviendas": 34.0, "oai_personas": 122.0, "est_dwellings": 50.0, "est_population": 170.0, "meets_definition": true }, "geometry": { "type": "Polygon", "coordinates": [ [ [ -56.139076712707137, -34.797744749974868 ], [ -56.136502395069726, -34.797411972825273 ], [ -56.136532057869388, -34.797610498071521 ], [ -56.136554682305118, -34.798147011570791 ], [ -56.136566321010669, -34.798164944954017 ], [ -56.13660052542771, -34.798177653250249 ], [ -56.138950476916413, -34.798521014703248 ], [ -56.139076712707137, -34.797744749974868 ] ] ] } },
{ "type": "Feature", "properties": { "codigo_ai": 1009024, "nombre_ai": "Flor De Punta De Rieles", "nombre_dep": "Montevideo", "nombre_loc": "Montevideo", "fecha_desde": 1991, "footprints_all": 97, "footprints_min6": 97, "footprints_min10": 95, "oai_viviendas": 87.0, "oai_personas": 312.0, "est_dwellings": 87.0, "est_population": 296.0, "meets_definition": true }, "geometry": { "type": "Polygon", "coordinates": [ [ [ -56.096780157786469, -34.821996443553033 ], [ -56.095670723313866, -34.821408304962915 ], [ -56.095604687735836, -34.821402585858635 ], [ -56.095519645638696, -34.821431589056267 ], [ -56.094538495736131, -34.822617037706735 ], [ -56.094534153898032, -34.822639788528662 ], [ -56.094537208013463, -34.822651373254267 ], [ -56.094550727720346, -34.822667254167257 ], [ -56.094899452538009, -34.8228466586419 ], [ -56.094928798890784, -34.822857174730856 ], [ -56.095742272869145, -34.823278150752571 ], [ -56.096780157786469, -34.821996443553033 ] ] ] } },
{ "type": "Feature", "properties": { "codigo_ai": 1013049, "nombre_ai": "Francisco Alvarez", "nombre_dep": "Montevideo", "nombre_loc": "Montevideo", "fecha_desde": 2018, "footprints_all": 23, "footprints_min6": 23, "footprints_min10": 22, "oai_viviendas": 14.0, "oai_personas": 50.0, "est_dwellings": 21.0, "est_population": 71.0, "meets_definition": true }, "geometry": { "type": "Polygon", "coordinates": [ [ [ -56.232437914776803, -34.818946294672195 ], [ -56.232203236708017, -34.819077927405573 ], [ -56.232069036100874, -34.819170545176483 ], [ -56.232762820945112, -34.819864938279359 ], [ -56.23281510198035, -34.819873532422704 ], [ -56.233071139971351, -34.819722275996938 ], [ -56.23284837856621, -34.819506879087932 ], [ -56.232801360319563, -34.819404545026828 ], [ -56.232601328474118, -34.819266981526894 ], [ -56.232664241242809, -34.819211243936486 ], [ -56.232615547018035, -34.819161038894222 ], [ -56.232437914776803, -34.818946294672195 ] ] ] } },
{ "type": "Feature", "properties": { "codigo_ai": 1006007, "nombre_ai": "Fray Manuel De Ubeda", "nombre_dep": "Montevideo", "nombre_loc": "Montevideo", "fecha_desde": 1980, "footprints_all": 0, "footprints_min6": 0, "footprints_min10": 0, "oai_viviendas": 12.0, "oai_personas": 50.0, "est_dwellings": 0.0, "est_population": 0.0, "meets_definition": false }, "geometry": { "type": "Polygon", "coordinates": [ [ [ -56.139125604975661, -34.867790791308927 ], [ -56.139063990849714, -34.867753572663759 ], [ -56.138883235800357, -34.868047871981744 ], [ -56.13920401674249, -34.868201288334717 ], [ -56.139125604975661, -34.867790791308927 ] ] ] } },
{ "type": "Feature", "properties": { "codigo_ai": 1011078, "nombre_ai": "Frente A La Quinta", "nombre_dep": "Montevideo", "nombre_loc": "Montevideo", "fecha_desde": 2016, "footprints_all": 34, "footprints_min6": 34, "footprints_min10": 28, "oai_viviendas": 21.0, "oai_personas": 80.0, "est_dwellings": 31.0, "est_population": 105.0, "meets_definition": true }, "geometry": { "type": "Polygon", "coordinates": [ [ [ -56.181252999762556, -34.832728896092398 ], [ -56.181224054890571, -34.832329584455366 ], [ -56.179648830861332, -34.832471109257071 ], [ -56.179683777362229, -34.832680243039263 ], [ -56.181059830438834, -34.832558532789534 ], [ -56.181093076100687, -34.832827369550195 ], [ -56.181097978681159, -34.832869127715718 ], [ -56.181134715235885, -34.833110808707573 ], [ -56.181216248902899, -34.833115422555707 ], [ -56.181252999762556, -34.832728896092398 ] ] ] } },
{ "type": "Feature", "properties": { "codigo_ai": 1017066, "nombre_ai": "Fripur - El Caño", "nombre_dep": "Montevideo", "nombre_loc": "Montevideo", "fecha_desde": 2001, "footprints_all": 31, "footprints_min6": 31, "footprints_min10": 29, "oai_viviendas": 47.0, "oai_personas": 170.0, "est_dwellings": 28.0, "est_population": 95.0, "meets_definition": true }, "geometry": { "type": "Polygon", "coordinates": [ [ [ -56.245373910859783, -34.892022153275498 ], [ -56.245484966207101, -34.891783013248251 ], [ -56.24574096887504, -34.890754213246794 ], [ -56.245713807621108, -34.890694791822725 ], [ -56.245166939602591, -34.890619759902428 ], [ -56.245039265606692, -34.890604684473239 ], [ -56.245118392347358, -34.891359439546747 ], [ -56.24493674438984, -34.891754827704723 ], [ -56.244865693424288, -34.892090953653316 ], [ -56.244814894201063, -34.892509439787496 ], [ -56.245054374630612, -34.892477993381078 ], [ -56.24525757020411, -34.892453802890152 ], [ -56.245273919054704, -34.892268379166282 ], [ -56.245263096114499, -34.892261718496123 ], [ -56.245373910859783, -34.892022153275498 ] ] ] } },
{ "type": "Feature", "properties": { "codigo_ai": 1013035, "nombre_ai": "Giuria", "nombre_dep": "Montevideo", "nombre_loc": "Montevideo", "fecha_desde": 1980, "footprints_all": 58, "footprints_min6": 58, "footprints_min10": 56, "oai_viviendas": 41.0, "oai_personas": 124.0, "est_dwellings": 52.0, "est_population": 177.0, "meets_definition": true }, "geometry": { "type": "Polygon", "coordinates": [ [ [ -56.185433846770877, -34.836995790085595 ], [ -56.186814220836013, -34.839494079012695 ], [ -56.187076526065496, -34.839333468416918 ], [ -56.186346388090278, -34.8380400892501 ], [ -56.18633009634253, -34.838020444152896 ], [ -56.186350699738099, -34.837911676561575 ], [ -56.185762540217183, -34.836871675493228 ], [ -56.185733097317801, -34.836819506820447 ], [ -56.185188832373584, -34.835885081690712 ], [ -56.185153788807007, -34.835870062976774 ], [ -56.184862470788872, -34.835970659358409 ], [ -56.185433846770877, -34.836995790085595 ] ] ] } },
{ "type": "Feature", "properties": { "codigo_ai": 1011019, "nombre_ai": "Gruta De Lourdes", "nombre_dep": "Montevideo", "nombre_loc": "Montevideo", "fecha_desde": 1980, "footprints_all": 113, "footprints_min6": 113, "footprints_min10": 106, "oai_viviendas": 117.0, "oai_personas": 425.0, "est_dwellings": 102.0, "est_population": 347.0, "meets_definition": true }, "geometry": { "type": "Polygon", "coordinates": [ [ [ -56.180222665574128, -34.825341592267684 ], [ -56.180293662555265, -34.825605620638747 ], [ -56.180033049161068, -34.826124377138157 ], [ -56.180303867373212, -34.826219330905694 ], [ -56.180636434023192, -34.826061153878548 ], [ -56.180789630308865, -34.826283294346595 ], [ -56.180654112994517, -34.826379130061603 ], [ -56.180919016471563, -34.826963265043524 ], [ -56.181176255414641, -34.82693616544671 ], [ -56.181364343267695, -34.826899034366384 ], [ -56.18170036566238, -34.826706866866807 ], [ -56.181979578831147, -34.827035996048181 ], [ -56.181705045227268, -34.827240336571897 ], [ -56.181801756420995, -34.827329248219854 ], [ -56.182266261114336, -34.827287224083364 ], [ -56.182749317053776, -34.827771538106283 ], [ -56.183263430803144, -34.827395525091241 ], [ -56.181331614787396, -34.825488517072337 ], [ -56.181261314824447, -34.825465432909915 ], [ -56.180935522419162, -34.825416118735845 ], [ -56.180222665574128, -34.825341592267684 ] ] ] } },
{ "type": "Feature", "properties": { "codigo_ai": 1009019, "nombre_ai": "Guerra Y Belinzon", "nombre_dep": "Montevideo", "nombre_loc": "Montevideo", "fecha_desde": 1980, "footprints_all": 9, "footprints_min6": 9, "footprints_min10": 8, "oai_viviendas": 15.0, "oai_personas": 54.0, "est_dwellings": 8.0, "est_population": 27.0, "meets_definition": false }, "geometry": { "type": "Polygon", "coordinates": [ [ [ -56.138087420682943, -34.845695177605457 ], [ -56.138270657995157, -34.845665274286596 ], [ -56.138994276951593, -34.845230110599083 ], [ -56.138888155023672, -34.845123621363967 ], [ -56.138469772823008, -34.845120658514027 ], [ -56.137970389112681, -34.845626745391385 ], [ -56.138087420682943, -34.845695177605457 ] ] ] } },
{ "type": "Feature", "properties": { "codigo_ai": 1009018, "nombre_ai": "Guerra Y Shaw", "nombre_dep": "Montevideo", "nombre_loc": "Montevideo", "fecha_desde": 1990, "footprints_all": 8, "footprints_min6": 8, "footprints_min10": 8, "oai_viviendas": 12.0, "oai_personas": 43.0, "est_dwellings": 7.0, "est_population": 24.0, "meets_definition": false }, "geometry": { "type": "Polygon", "coordinates": [ [ [ -56.140331249743262, -34.84453700791201 ], [ -56.140151963319546, -34.844199251256327 ], [ -56.139783634305097, -34.844448835917916 ], [ -56.140214790705301, -34.844896630327582 ], [ -56.140252273732607, -34.844873635121687 ], [ -56.140249748340906, -34.844589456360431 ], [ -56.140331249743262, -34.84453700791201 ] ] ] } },
{ "type": "Feature", "properties": { "codigo_ai": 1014013, "nombre_ai": "Guyunusa", "nombre_dep": "Montevideo", "nombre_loc": "Montevideo", "fecha_desde": 1995, "footprints_all": 47, "footprints_min6": 47, "footprints_min10": 47, "oai_viviendas": 51.0, "oai_personas": 154.0, "est_dwellings": 42.0, "est_population": 143.0, "meets_definition": true }, "geometry": { "type": "Polygon", "coordinates": [ [ [ -56.236643984754188, -34.839689049457654 ], [ -56.236104826217819, -34.840012122472302 ], [ -56.237241295166818, -34.841373225776842 ], [ -56.237470924883802, -34.841240165647008 ], [ -56.237829866771833, -34.841016875765277 ], [ -56.236643984754188, -34.839689049457654 ] ] ] } },
{ "type": "Feature", "properties": { "codigo_ai": 1014023, "nombre_ai": "Hijos Del Cadorna", "nombre_dep": "Montevideo", "nombre_loc": "Montevideo", "fecha_desde": 1984, "footprints_all": 71, "footprints_min6": 71, "footprints_min10": 67, "oai_viviendas": 69.0, "oai_personas": 243.0, "est_dwellings": 64.0, "est_population": 218.0, "meets_definition": true }, "geometry": { "type": "Polygon", "coordinates": [ [ [ -56.247517077834459, -34.851357279462817 ], [ -56.24662758775446, -34.85031108921325 ], [ -56.246372268744544, -34.850235555760065 ], [ -56.245254848940917, -34.848880539981792 ], [ -56.244767471425952, -34.849153331299483 ], [ -56.245348550327542, -34.849776376210237 ], [ -56.246126186430651, -34.850532775914836 ], [ -56.246206150738956, -34.850609247579882 ], [ -56.246153488891686, -34.850633645957402 ], [ -56.245728730521286, -34.850882816715384 ], [ -56.246096288269037, -34.851311401834622 ], [ -56.246170684064623, -34.851660513130852 ], [ -56.246961141586318, -34.851580828747373 ], [ -56.246984846261512, -34.851678250612025 ], [ -56.24735116752187, -34.851638324910134 ], [ -56.247361150764924, -34.851557657605348 ], [ -56.247379353417124, -34.85151012957526 ], [ -56.247488060739173, -34.851386254049793 ], [ -56.247517077834459, -34.851357279462817 ] ] ] } },
{ "type": "Feature", "properties": { "codigo_ai": 1012044, "nombre_ai": "Hilario Cabrera", "nombre_dep": "Montevideo", "nombre_loc": "Montevideo", "fecha_desde": 2019, "footprints_all": 19, "footprints_min6": 19, "footprints_min10": 16, "oai_viviendas": 15.0, "oai_personas": 53.0, "est_dwellings": 17.0, "est_population": 58.0, "meets_definition": true }, "geometry": { "type": "MultiPolygon", "coordinates": [ [ [ [ -56.217481635410309, -34.791619723841279 ], [ -56.216815004566527, -34.79195184393695 ], [ -56.217101469192365, -34.7924153373148 ], [ -56.21746562213778, -34.79252276226854 ], [ -56.217918397636225, -34.792309875828856 ], [ -56.217481635410309, -34.791619723841279 ] ] ], [ [ [ -56.219662988078952, -34.790554815211785 ], [ -56.218427529757875, -34.791172545436858 ], [ -56.218624029259722, -34.791416780662196 ], [ -56.219855751425996, -34.790805098694072 ], [ -56.219662988078952, -34.790554815211785 ] ] ] ] } },
{ "type": "Feature", "properties": { "codigo_ai": 1011040, "nombre_ai": "Honduras", "nombre_dep": "Montevideo", "nombre_loc": "Montevideo", "fecha_desde": 1960, "footprints_all": 17, "footprints_min6": 17, "footprints_min10": 16, "oai_viviendas": 20.0, "oai_personas": 64.0, "est_dwellings": 15.0, "est_population": 51.0, "meets_definition": true }, "geometry": { "type": "Polygon", "coordinates": [ [ [ -56.158440217901038, -34.85036626333968 ], [ -56.157932212925985, -34.84969124318593 ], [ -56.15759143334872, -34.849888001072138 ], [ -56.157512174974258, -34.849846058933359 ], [ -56.157419501268997, -34.850114057420811 ], [ -56.157380514692484, -34.850151716881612 ], [ -56.157648088771211, -34.850192789477298 ], [ -56.157636612704508, -34.850230841547088 ], [ -56.157614023312306, -34.850227027658981 ], [ -56.157609782516801, -34.850267486066862 ], [ -56.157641388579826, -34.850314217236175 ], [ -56.157668228783216, -34.850375118574661 ], [ -56.157753536693278, -34.85032893382629 ], [ -56.157781813368167, -34.850406456800997 ], [ -56.157860764519569, -34.850364070237745 ], [ -56.157919520579391, -34.850510582960041 ], [ -56.158003732042573, -34.850489134882174 ], [ -56.158064108119, -34.850558794185794 ], [ -56.158440217901038, -34.85036626333968 ] ] ] } },
{ "type": "Feature", "properties": { "codigo_ai": 1014012, "nombre_ai": "Huerta Artiguista", "nombre_dep": "Montevideo", "nombre_loc": "Montevideo", "fecha_desde": 1989, "footprints_all": 198, "footprints_min6": 198, "footprints_min10": 186, "oai_viviendas": 133.0, "oai_personas": 535.0, "est_dwellings": 178.0, "est_population": 605.0, "meets_definition": true }, "geometry": { "type": "Polygon", "coordinates": [ [ [ -56.249700610400062, -34.84421890517681 ], [ -56.250290012608232, -34.843863975172759 ], [ -56.250053882034756, -34.843444982128112 ], [ -56.249874901701745, -34.843162044900311 ], [ -56.249760304583546, -34.843016813462569 ], [ -56.249616481767191, -34.842826148675421 ], [ -56.249465764542244, -34.842552961678727 ], [ -56.247150703810604, -34.843875925414032 ], [ -56.247661828397504, -34.84445945516557 ], [ -56.24824368844164, -34.845157355732958 ], [ -56.2497398215068, -34.844314775703758 ], [ -56.249700610400062, -34.84421890517681 ] ] ] } },
{ "type": "Feature", "properties": { "codigo_ai": 1015015, "nombre_ai": "Hum Chico", "nombre_dep": "Montevideo", "nombre_loc": "Montevideo", "fecha_desde": 1900, "footprints_all": 25, "footprints_min6": 25, "footprints_min10": 24, "oai_viviendas": 40.0, "oai_personas": 118.0, "est_dwellings": 22.0, "est_population": 75.0, "meets_definition": true }, "geometry": { "type": "Polygon", "coordinates": [ [ [ -56.17430997817177, -34.847700009254702 ], [ -56.173820544853776, -34.847796554393739 ], [ -56.17385242226667, -34.847890618895008 ], [ -56.173363871587895, -34.848005271386526 ], [ -56.173440673809829, -34.848240643649127 ], [ -56.173542332292712, -34.848293769412706 ], [ -56.174392345901659, -34.84810414217732 ], [ -56.174420701764816, -34.848039325050813 ], [ -56.17430997817177, -34.847700009254702 ] ] ] } },
{ "type": "Feature", "properties": { "codigo_ai": 1015014, "nombre_ai": "Hum Grande", "nombre_dep": "Montevideo", "nombre_loc": "Montevideo", "fecha_desde": 1900, "footprints_all": 62, "footprints_min6": 62, "footprints_min10": 59, "oai_viviendas": 99.0, "oai_personas": 341.0, "est_dwellings": 56.0, "est_population": 190.0, "meets_definition": true }, "geometry": { "type": "Polygon", "coordinates": [ [ [ -56.175745126131659, -34.847717369843998 ], [ -56.175168015819295, -34.846773318304031 ], [ -56.175050962618023, -34.846748065779963 ], [ -56.174233301634203, -34.846989143147859 ], [ -56.174188058728745, -34.847063715063705 ], [ -56.174506864115926, -34.848044197638089 ], [ -56.174557367469923, -34.848069186603936 ], [ -56.17570211945899, -34.847817325061264 ], [ -56.175739339473871, -34.847774450074652 ], [ -56.175745126131659, -34.847717369843998 ] ] ] } },
{ "type": "Feature", "properties": { "codigo_ai": 1018023, "nombre_ai": "Independencia", "nombre_dep": "Montevideo", "nombre_loc": "Rural", "fecha_desde": 2002, "footprints_all": 167, "footprints_min6": 167, "footprints_min10": 162, "oai_viviendas": 137.0, "oai_personas": 414.0, "est_dwellings": 150.0, "est_population": 510.0, "meets_definition": true }, "geometry": { "type": "Polygon", "coordinates": [ [ [ -56.288857115291883, -34.815685490008697 ], [ -56.288153726844939, -34.814714538036981 ], [ -56.284829960114187, -34.816423409719548 ], [ -56.285519934504734, -34.817403623974045 ], [ -56.288857115291883, -34.815685490008697 ] ] ] } },
{ "type": "Feature", "properties": { "codigo_ai": 1014022, "nombre_ai": "Indigenas - La Isla", "nombre_dep": "Montevideo", "nombre_loc": "Montevideo", "fecha_desde": 1960, "footprints_all": 58, "footprints_min6": 58, "footprints_min10": 55, "oai_viviendas": 51.0, "oai_personas": 190.0, "est_dwellings": 52.0, "est_population": 177.0, "meets_definition": true }, "geometry": { "type": "Polygon", "coordinates": [ [ [ -56.241096459852685, -34.87404322999145 ], [ -56.240584795693323, -34.873644489924118 ], [ -56.240481475966021, -34.873726522850504 ], [ -56.240661868892275, -34.8739119047816 ], [ -56.240700838393764, -34.873964993448375 ], [ -56.240711997171431, -34.873981835411051 ], [ -56.240677211689494, -34.874001694405266 ], [ -56.240431504068752, -34.874212876281334 ], [ -56.24067104928843, -34.874404730663159 ], [ -56.240260428277892, -34.874770622592095 ], [ -56.240299567140298, -34.87480424668361 ], [ -56.240392172108962, -34.874862926783052 ], [ -56.240355074503647, -34.87489595369928 ], [ -56.240312094146283, -34.874907263429648 ], [ -56.240038359257902, -34.875132661921327 ], [ -56.239895645164374, -34.875334797230131 ], [ -56.239813638571064, -34.875422630195885 ], [ -56.240637025678538, -34.875762395058764 ], [ -56.240742402596339, -34.875627896617203 ], [ -56.240581331584877, -34.875550982591129 ], [ -56.241008295950515, -34.875168385128617 ], [ -56.241130343309734, -34.874789466872905 ], [ -56.240895272565169, -34.874588642012981 ], [ -56.241174597873069, -34.874324892271268 ], [ -56.240967959160969, -34.87415381830052 ], [ -56.241096459852685, -34.87404322999145 ] ] ] } },
{ "type": "Feature", "properties": { "codigo_ai": 1012043, "nombre_ai": "Inve 15", "nombre_dep": "Montevideo", "nombre_loc": "Montevideo", "fecha_desde": 2002, "footprints_all": 27, "footprints_min6": 27, "footprints_min10": 27, "oai_viviendas": 22.0, "oai_personas": 79.0, "est_dwellings": 24.0, "est_population": 82.0, "meets_definition": true }, "geometry": { "type": "Polygon", "coordinates": [ [ [ -56.227409306827099, -34.809619058896232 ], [ -56.227456736083589, -34.809633658972494 ], [ -56.227838214756758, -34.809652761653524 ], [ -56.22784438295156, -34.809385323769881 ], [ -56.227769345993892, -34.8091550409058 ], [ -56.226821724878604, -34.809353390132763 ], [ -56.226303219138003, -34.809461827705476 ], [ -56.226280474487844, -34.809547862723406 ], [ -56.226737840507262, -34.809873210966252 ], [ -56.22683079780078, -34.809768387820299 ], [ -56.226943469689672, -34.809847568897517 ], [ -56.227228273908302, -34.80953011468911 ], [ -56.227409306827099, -34.809619058896232 ] ] ] } },
{ "type": "Feature", "properties": { "codigo_ai": 1009009, "nombre_ai": "Irineo Leguizamo", "nombre_dep": "Montevideo", "nombre_loc": "Montevideo", "fecha_desde": 1978, "footprints_all": 162, "footprints_min6": 162, "footprints_min10": 159, "oai_viviendas": 134.0, "oai_personas": 408.0, "est_dwellings": 146.0, "est_population": 496.0, "meets_definition": true }, "geometry": { "type": "Polygon", "coordinates": [ [ [ -56.053991193697115, -34.776693954126763 ], [ -56.054659910271994, -34.776018831216312 ], [ -56.054903526682907, -34.776183692346429 ], [ -56.055258072100649, -34.775812612445016 ], [ -56.05491142834866, -34.775582762244269 ], [ -56.055076096672757, -34.775418094383049 ], [ -56.054591665293707, -34.775113649853118 ], [ -56.055305460366647, -34.774178995971262 ], [ -56.05444863724415, -34.773732477749164 ], [ -56.05316941257442, -34.775281769775006 ], [ -56.053813462704987, -34.775627637447563 ], [ -56.05392328614942, -34.77572430117204 ], [ -56.054149969657033, -34.77584484181434 ], [ -56.053679599400915, -34.77648740491184 ], [ -56.053991193697115, -34.776693954126763 ] ] ] } },
{ "type": "Feature", "properties": { "codigo_ai": 1010029, "nombre_ai": "Jardines De Promarin", "nombre_dep": "Montevideo", "nombre_loc": "Rural", "fecha_desde": 2000, "footprints_all": 201, "footprints_min6": 201, "footprints_min10": 191, "oai_viviendas": 116.0, "oai_personas": 363.0, "est_dwellings": 181.0, "est_population": 615.0, "meets_definition": true }, "geometry": { "type": "Polygon", "coordinates": [ [ [ -56.12692625869898, -34.792021086616643 ], [ -56.127073049677286, -34.791345792510846 ], [ -56.125644212116548, -34.791208427243866 ], [ -56.124812480066147, -34.791139247400494 ], [ -56.124184288731726, -34.793233284838941 ], [ -56.126141343598754, -34.793704997764301 ], [ -56.12654135426925, -34.792483332364199 ], [ -56.126845770911736, -34.792550100962309 ], [ -56.12692625869898, -34.792021086616643 ] ] ] } },
{ "type": "Feature", "properties": { "codigo_ai": 1013022, "nombre_ai": "Jesus Maria", "nombre_dep": "Montevideo", "nombre_loc": "Montevideo", "fecha_desde": 1995, "footprints_all": 22, "footprints_min6": 22, "footprints_min10": 22, "oai_viviendas": 23.0, "oai_personas": 76.0, "est_dwellings": 20.0, "est_population": 68.0, "meets_definition": true }, "geometry": { "type": "Polygon", "coordinates": [ [ [ -56.233757315215428, -34.821831361942401 ], [ -56.233651748194085, -34.821842580198521 ], [ -56.232833315111321, -34.821850404644927 ], [ -56.232753808610056, -34.821882145981746 ], [ -56.232782292703966, -34.821988133338735 ], [ -56.232802165742577, -34.822017941306733 ], [ -56.233083692630963, -34.821988795502833 ], [ -56.233620488180335, -34.821954478882766 ], [ -56.233626098774288, -34.822049868064823 ], [ -56.234125488974705, -34.822050990127664 ], [ -56.234129979377236, -34.821920980833312 ], [ -56.234539352641988, -34.821904420339877 ], [ -56.234724828716438, -34.821906407717051 ], [ -56.234746026145238, -34.821441722569247 ], [ -56.2344572129537, -34.821296983969553 ], [ -56.234334915907432, -34.821591174351248 ], [ -56.234156005851929, -34.821676713863141 ], [ -56.233929330389493, -34.821780447997881 ], [ -56.233757315215428, -34.821831361942401 ] ] ] } },
{ "type": "Feature", "properties": { "codigo_ai": 1015008, "nombre_ai": "Joanico", "nombre_dep": "Montevideo", "nombre_loc": "Montevideo", "fecha_desde": 1970, "footprints_all": 35, "footprints_min6": 35, "footprints_min10": 35, "oai_viviendas": 58.0, "oai_personas": 185.0, "est_dwellings": 32.0, "est_population": 109.0, "meets_definition": true }, "geometry": { "type": "Polygon", "coordinates": [ [ [ -56.185687760393691, -34.845308128856928 ], [ -56.18558674553914, -34.845114073569903 ], [ -56.185520436661307, -34.844861389835685 ], [ -56.185483255216468, -34.844833281732008 ], [ -56.185371836833816, -34.844841082183493 ], [ -56.185256517768458, -34.844892636554647 ], [ -56.184903434863429, -34.845163999814488 ], [ -56.185351499916663, -34.84557056432579 ], [ -56.184576269944891, -34.846196037544914 ], [ -56.18494836384837, -34.846481690868103 ], [ -56.185782278015679, -34.845764437309896 ], [ -56.185810090870135, -34.845713561838153 ], [ -56.185810768403456, -34.845685749645128 ], [ -56.185801949731044, -34.845645387554647 ], [ -56.185797879920898, -34.845625716008044 ], [ -56.185799236367941, -34.845606043814975 ], [ -56.185813482157094, -34.845538040132681 ], [ -56.18581483859856, -34.845518367939093 ], [ -56.185811277676869, -34.845490894378671 ], [ -56.185799406655974, -34.845467152476637 ], [ -56.185750226138381, -34.845403727020326 ], [ -56.185687760393691, -34.845308128856928 ] ] ] } },
{ "type": "Feature", "properties": { "codigo_ai": 1008006, "nombre_ai": "Joaquin De La Sagra", "nombre_dep": "Montevideo", "nombre_loc": "Montevideo", "fecha_desde": 1960, "footprints_all": 16, "footprints_min6": 16, "footprints_min10": 15, "oai_viviendas": 25.0, "oai_personas": 85.0, "est_dwellings": 14.0, "est_population": 48.0, "meets_definition": true }, "geometry": { "type": "Polygon", "coordinates": [ [ [ -56.100752130790269, -34.866413273468076 ], [ -56.100661786899323, -34.866267532127459 ], [ -56.100315215200254, -34.866690779143639 ], [ -56.10055287338372, -34.867294252255292 ], [ -56.101068099188623, -34.867213516695045 ], [ -56.100802243146411, -34.866550704497705 ], [ -56.100752130790269, -34.866413273468076 ] ] ] } },
{ "type": "Feature", "properties": { "codigo_ai": 1011011, "nombre_ai": "Juan Acosta", "nombre_dep": "Montevideo", "nombre_loc": "Montevideo", "fecha_desde": 1970, "footprints_all": 191, "footprints_min6": 191, "footprints_min10": 188, "oai_viviendas": 205.0, "oai_personas": 757.0, "est_dwellings": 172.0, "est_population": 585.0, "meets_definition": true }, "geometry": { "type": "Polygon", "coordinates": [ [ [ -56.164392636043125, -34.835151433911378 ], [ -56.163580376166891, -34.836973561675649 ], [ -56.163130692612107, -34.837991669672853 ], [ -56.163138231216678, -34.838048523601003 ], [ -56.163188753085223, -34.838079494984392 ], [ -56.165353472370654, -34.838364971310668 ], [ -56.165419995529376, -34.837663786155737 ], [ -56.16537787307491, -34.837573376864007 ], [ -56.165716866377153, -34.83528958957266 ], [ -56.164392636043125, -34.835151433911378 ] ] ] } },
{ "type": "Feature", "properties": { "codigo_ai": 1017020, "nombre_ai": "Juventud 14", "nombre_dep": "Montevideo", "nombre_loc": "Montevideo", "fecha_desde": 1993, "footprints_all": 168, "footprints_min6": 168, "footprints_min10": 163, "oai_viviendas": null, "oai_personas": null, "est_dwellings": 151.0, "est_population": 513.0, "meets_definition": true }, "geometry": { "type": "Polygon", "coordinates": [ [ [ -56.263001410438676, -34.863244809600339 ], [ -56.262931263173442, -34.863208968654909 ], [ -56.262704575969991, -34.86315374168769 ], [ -56.262088054861515, -34.863067766177572 ], [ -56.262025818241476, -34.863389255883938 ], [ -56.261969802959797, -34.863381805716791 ], [ -56.261376433947028, -34.863297643441264 ], [ -56.26133294065145, -34.863304421824012 ], [ -56.261310417342678, -34.863321014052403 ], [ -56.261214458693146, -34.863210392870357 ], [ -56.260975358135617, -34.863168327492041 ], [ -56.260664914553118, -34.864771529799349 ], [ -56.260784716432617, -34.864847583937589 ], [ -56.261295560731583, -34.864915898456601 ], [ -56.261441276137425, -34.864954598872217 ], [ -56.261666826249034, -34.864944834841005 ], [ -56.261740436425661, -34.864957978245272 ], [ -56.262323551857577, -34.86503226568766 ], [ -56.262347473342025, -34.865077577064142 ], [ -56.2626065965826, -34.865123344701786 ], [ -56.26273119536134, -34.864498419273197 ], [ -56.263001410438676, -34.863244809600339 ] ] ] } },
{ "type": "Feature", "properties": { "codigo_ai": 1010022, "nombre_ai": "La Abeja - 21 De Enero", "nombre_dep": "Montevideo", "nombre_loc": "Rural", "fecha_desde": 2001, "footprints_all": 192, "footprints_min6": 192, "footprints_min10": 187, "oai_viviendas": 138.0, "oai_personas": 562.0, "est_dwellings": 173.0, "est_population": 588.0, "meets_definition": true }, "geometry": { "type": "Polygon", "coordinates": [ [ [ -56.172791653072956, -34.798676954095122 ], [ -56.17346655886994, -34.798484419029883 ], [ -56.173453735393181, -34.798273113503448 ], [ -56.172483590523086, -34.798162939566161 ], [ -56.172465228474451, -34.79837793225817 ], [ -56.172369166569283, -34.798370907318805 ], [ -56.172269743027229, -34.798364011834238 ], [ -56.171678318174486, -34.798265255491181 ], [ -56.171259288014859, -34.798245934258503 ], [ -56.170908119047496, -34.798192745534507 ], [ -56.169271155598985, -34.797905777067733 ], [ -56.169015072711758, -34.798974307614834 ], [ -56.170269971719058, -34.799186946383386 ], [ -56.170660233292097, -34.799832888530979 ], [ -56.172254399712962, -34.799966805184923 ], [ -56.172235998553582, -34.799565650624174 ], [ -56.172245808713527, -34.79941297957761 ], [ -56.172624640408358, -34.79883032308237 ], [ -56.172791653072956, -34.798676954095122 ] ] ] } },
{ "type": "Feature", "properties": { "codigo_ai": 1011009, "nombre_ai": "La Aldea", "nombre_dep": "Montevideo", "nombre_loc": "Montevideo", "fecha_desde": 1970, "footprints_all": 43, "footprints_min6": 43, "footprints_min10": 42, "oai_viviendas": 59.0, "oai_personas": 213.0, "est_dwellings": 39.0, "est_population": 133.0, "meets_definition": true }, "geometry": { "type": "Polygon", "coordinates": [ [ [ -56.165752818263819, -34.833471223621878 ], [ -56.165428224843971, -34.833435972862489 ], [ -56.165541172666778, -34.832626517650702 ], [ -56.164856257987864, -34.832552899578204 ], [ -56.164678946176693, -34.833741668067248 ], [ -56.165137684255811, -34.833791324301679 ], [ -56.16510002145273, -34.83400230361999 ], [ -56.165662735272093, -34.834063374168515 ], [ -56.165752818263819, -34.833471223621878 ] ] ] } },
{ "type": "Feature", "properties": { "codigo_ai": 1014032, "nombre_ai": "La Cachimba Del Piojo", "nombre_dep": "Montevideo", "nombre_loc": "Montevideo", "fecha_desde": 1985, "footprints_all": 121, "footprints_min6": 121, "footprints_min10": 115, "oai_viviendas": 76.0, "oai_personas": 243.0, "est_dwellings": 109.0, "est_population": 371.0, "meets_definition": true }, "geometry": { "type": "Polygon", "coordinates": [ [ [ -56.23881168810135, -34.864301200755598 ], [ -56.23954324722034, -34.864899631924779 ], [ -56.241424577178478, -34.866430725138926 ], [ -56.241804446102513, -34.866094282215407 ], [ -56.241546959979182, -34.865705202954018 ], [ -56.242654982520882, -34.865435872944872 ], [ -56.242584798605343, -34.865188476275669 ], [ -56.242353193696282, -34.865002490301436 ], [ -56.241958410829433, -34.864918269398487 ], [ -56.241496448515406, -34.864573897364188 ], [ -56.240866503107199, -34.863953718518623 ], [ -56.240364367321028, -34.864366012778341 ], [ -56.239542818570108, -34.86368607574893 ], [ -56.23881168810135, -34.864301200755598 ] ] ] } },
{ "type": "Feature", "properties": { "codigo_ai": 1014031, "nombre_ai": "La Cachimba Nueva", "nombre_dep": "Montevideo", "nombre_loc": "Rural", "fecha_desde": 1960, "footprints_all": 166, "footprints_min6": 166, "footprints_min10": 161, "oai_viviendas": 132.0, "oai_personas": 465.0, "est_dwellings": 149.0, "est_population": 507.0, "meets_definition": true }, "geometry": { "type": "Polygon", "coordinates": [ [ [ -56.240387817616593, -34.864287405199995 ], [ -56.241053945044634, -34.86373689820244 ], [ -56.241113719968446, -34.863702533657559 ], [ -56.241170889595324, -34.863734192420637 ], [ -56.241254071167631, -34.863775345540624 ], [ -56.241996362338313, -34.864351660755219 ], [ -56.242673512164664, -34.864907608524994 ], [ -56.242756524790572, -34.865351104565576 ], [ -56.242636789388392, -34.865743877625469 ], [ -56.242851961158564, -34.865819078876079 ], [ -56.243055349228342, -34.865209084011511 ], [ -56.243161177388785, -34.864613099599801 ], [ -56.241970107228383, -34.863648748343387 ], [ -56.24184667043334, -34.863209473170684 ], [ -56.242150423005626, -34.862583337473787 ], [ -56.241452642952602, -34.861178535851138 ], [ -56.241777026161067, -34.860741744681086 ], [ -56.241603325122526, -34.860646759092816 ], [ -56.241518544252337, -34.860718646134529 ], [ -56.241304221728775, -34.860902903808977 ], [ -56.241200711196484, -34.860957879811956 ], [ -56.24034389115441, -34.861694933149856 ], [ -56.239583489452471, -34.862328689620384 ], [ -56.240363872421106, -34.862936677596217 ], [ -56.23959877113623, -34.863642485825473 ], [ -56.240387817616593, -34.864287405199995 ] ] ] } },
{ "type": "Feature", "properties": { "codigo_ai": 1011023, "nombre_ai": "La Cantera", "nombre_dep": "Montevideo", "nombre_loc": "Montevideo", "fecha_desde": 1978, "footprints_all": 117, "footprints_min6": 117, "footprints_min10": 112, "oai_viviendas": 117.0, "oai_personas": 405.0, "est_dwellings": 105.0, "est_population": 357.0, "meets_definition": true }, "geometry": { "type": "Polygon", "coordinates": [ [ [ -56.170775198818355, -34.820957672396297 ], [ -56.170863365474055, -34.820925553725779 ], [ -56.170831373760471, -34.820875524614372 ], [ -56.170745308331654, -34.820397406608762 ], [ -56.170744927066686, -34.820313797593045 ], [ -56.170756499121858, -34.820230755182294 ], [ -56.170753095802461, -34.820112317587331 ], [ -56.170744802379417, -34.820008306025514 ], [ -56.170764618772957, -34.820007655675013 ], [ -56.17082114587938, -34.8199865398947 ], [ -56.170914536168411, -34.819956471256489 ], [ -56.170985426844204, -34.819980954065443 ], [ -56.171180268299871, -34.820209202039848 ], [ -56.171306117787559, -34.820410026859221 ], [ -56.171456205384985, -34.820434813444848 ], [ -56.171471239988094, -34.820518162456999 ], [ -56.171464660927171, -34.820650490051293 ], [ -56.171438638737818, -34.821051698838403 ], [ -56.172114613586288, -34.821113358837628 ], [ -56.17201879122301, -34.8201159862219 ], [ -56.17200872303146, -34.819711435957281 ], [ -56.172029157731117, -34.819603198746371 ], [ -56.171979777799748, -34.819544884552634 ], [ -56.170672414861691, -34.819071437227954 ], [ -56.170739862547066, -34.818901494636229 ], [ -56.170383842252008, -34.818813866862406 ], [ -56.170353415764524, -34.819038280499399 ], [ -56.170386835920432, -34.81938645115487 ], [ -56.170403428807631, -34.819479041117667 ], [ -56.170484252182177, -34.81980615022708 ], [ -56.170492966951869, -34.819988077528627 ], [ -56.170327872690109, -34.820024716601331 ], [ -56.170166513596904, -34.820040955663409 ], [ -56.170182381856776, -34.820205787928863 ], [ -56.170381793268859, -34.820238935898665 ], [ -56.170509067408226, -34.820476775852107 ], [ -56.170186636173398, -34.820480356394377 ], [ -56.170123126518178, -34.820872949168688 ], [ -56.170775198818355, -34.820957672396297 ] ] ] } },
{ "type": "Feature", "properties": { "codigo_ai": 1012017, "nombre_ai": "La Carbonera", "nombre_dep": "Montevideo", "nombre_loc": "Rural", "fecha_desde": 1995, "footprints_all": 459, "footprints_min6": 459, "footprints_min10": 442, "oai_viviendas": 410.0, "oai_personas": 1508.0, "est_dwellings": 413.0, "est_population": 1404.0, "meets_definition": true }, "geometry": { "type": "Polygon", "coordinates": [ [ [ -56.233657993497303, -34.783567281427047 ], [ -56.233324588488898, -34.783400387522427 ], [ -56.232919766023926, -34.783232348330451 ], [ -56.232556572532687, -34.783030700611882 ], [ -56.232123489131062, -34.782784752638548 ], [ -56.232363613375824, -34.782462232144184 ], [ -56.232425390946005, -34.782485283541575 ], [ -56.233232195328945, -34.783169664152183 ], [ -56.233741564747682, -34.783526056607691 ], [ -56.234657444834333, -34.783062781598744 ], [ -56.233356955306881, -34.781853853613583 ], [ -56.232861542376028, -34.782175942522379 ], [ -56.232402049318836, -34.78240381671845 ], [ -56.231822508715396, -34.782753998578961 ], [ -56.230900832777422, -34.783204760631605 ], [ -56.229858740189336, -34.783748884526169 ], [ -56.229803198331673, -34.783791855765095 ], [ -56.228434734740802, -34.784460559427743 ], [ -56.227431171317619, -34.784972147751418 ], [ -56.22672670831264, -34.785320655327517 ], [ -56.226699517340208, -34.785347078716661 ], [ -56.226687185330476, -34.785377740029254 ], [ -56.226697389530671, -34.785437691688692 ], [ -56.226883934788546, -34.785689143967865 ], [ -56.227581752152069, -34.786666996638473 ], [ -56.230971413793426, -34.784947500266625 ], [ -56.232946439789657, -34.783942379560301 ], [ -56.233657993497303, -34.783567281427047 ] ] ] } },
{ "type": "Feature", "properties": { "codigo_ai": 1012040, "nombre_ai": "La Casona", "nombre_dep": "Montevideo", "nombre_loc": "Montevideo", "fecha_desde": 2002, "footprints_all": 27, "footprints_min6": 27, "footprints_min10": 26, "oai_viviendas": 24.0, "oai_personas": 87.0, "est_dwellings": 24.0, "est_population": 82.0, "meets_definition": true }, "geometry": { "type": "Polygon", "coordinates": [ [ [ -56.222530961472067, -34.791609417372122 ], [ -56.222178063512835, -34.791061257355572 ], [ -56.222036576111876, -34.792800618859623 ], [ -56.222232971362907, -34.792865770848138 ], [ -56.22228730869201, -34.792835624635899 ], [ -56.223095698742164, -34.792453539037339 ], [ -56.222530961472067, -34.791609417372122 ] ] ] } },
{ "type": "Feature", "properties": { "codigo_ai": 1009065, "nombre_ai": "La Chacarita", "nombre_dep": "Montevideo", "nombre_loc": "Montevideo", "fecha_desde": 1969, "footprints_all": 114, "footprints_min6": 114, "footprints_min10": 110, "oai_viviendas": 104.0, "oai_personas": 392.0, "est_dwellings": 103.0, "est_population": 350.0, "meets_definition": true }, "geometry": { "type": "Polygon", "coordinates": [ [ [ -56.104678537038723, -34.830336345853667 ], [ -56.105158673349507, -34.830585556114308 ], [ -56.105488030892523, -34.830721133390774 ], [ -56.106111068275375, -34.83106612014889 ], [ -56.106530242907006, -34.830549964014224 ], [ -56.106840219399317, -34.830503517969412 ], [ -56.106821035434436, -34.830385585804791 ], [ -56.106849105083597, -34.830380435614515 ], [ -56.106921218687845, -34.830391964368467 ], [ -56.107032086428646, -34.830361548598177 ], [ -56.107591331793373, -34.830143492991063 ], [ -56.107683996299208, -34.83017999941201 ], [ -56.109343020985364, -34.829626523828637 ], [ -56.109274707174919, -34.829497663103517 ], [ -56.109261951959404, -34.82947754947044 ], [ -56.109021084430296, -34.829097851941796 ], [ -56.108847424234007, -34.828873663815401 ], [ -56.10867151071583, -34.828696301170396 ], [ -56.108540176411012, -34.828565512953993 ], [ -56.10832285573408, -34.828729534025179 ], [ -56.108238849662172, -34.828648242151921 ], [ -56.107539433709675, -34.829011844545207 ], [ -56.107275600103641, -34.829111703345916 ], [ -56.107152119178195, -34.829126894834324 ], [ -56.105877348529496, -34.829529835059326 ], [ -56.105702217593418, -34.829650645712903 ], [ -56.105714336050362, -34.82973786996579 ], [ -56.105405694074534, -34.82982342022801 ], [ -56.105021373634202, -34.829956353478529 ], [ -56.104781830207514, -34.830053749748473 ], [ -56.104448181724131, -34.830220903222063 ], [ -56.104678537038723, -34.830336345853667 ] ] ] } },
{ "type": "Feature", "properties": { "codigo_ai": 1009027, "nombre_ai": "La Chancha", "nombre_dep": "Montevideo", "nombre_loc": "Montevideo", "fecha_desde": 1993, "footprints_all": 147, "footprints_min6": 147, "footprints_min10": 139, "oai_viviendas": 127.0, "oai_personas": 435.0, "est_dwellings": 132.0, "est_population": 449.0, "meets_definition": true }, "geometry": { "type": "Polygon", "coordinates": [ [ [ -56.092424450535738, -34.817360264025396 ], [ -56.091677605234182, -34.816957987445441 ], [ -56.091631736112696, -34.816940971984174 ], [ -56.091584631866041, -34.816940455284289 ], [ -56.091542958103062, -34.81695132920904 ], [ -56.091503007722693, -34.816966865315827 ], [ -56.091467495560046, -34.816994239118664 ], [ -56.090339913319944, -34.818365433243592 ], [ -56.092963485419844, -34.819850211295972 ], [ -56.094240527897213, -34.81834556919533 ], [ -56.092596914424, -34.817459481136758 ], [ -56.091926009880083, -34.818249218549646 ], [ -56.091762389411116, -34.818176433135598 ], [ -56.092424450535738, -34.817360264025396 ] ] ] } },
{ "type": "Feature", "properties": { "codigo_ai": 1009031, "nombre_ai": "La Escuelita", "nombre_dep": "Montevideo", "nombre_loc": "Rural", "fecha_desde": 1992, "footprints_all": 42, "footprints_min6": 42, "footprints_min10": 38, "oai_viviendas": 10.0, "oai_personas": 34.0, "est_dwellings": 38.0, "est_population": 129.0, "meets_definition": true }, "geometry": { "type": "Polygon", "coordinates": [ [ [ -56.100317036176186, -34.837455699927794 ], [ -56.099489834321467, -34.835665029167046 ], [ -56.099129763343178, -34.834901302330564 ], [ -56.097687157093702, -34.835393530616244 ], [ -56.098810404981087, -34.837917778029826 ], [ -56.100317036176186, -34.837455699927794 ] ] ] } },
{ "type": "Feature", "properties": { "codigo_ai": 1012041, "nombre_ai": "La Esperanza (Cesar Mayo Gutierrez)", "nombre_dep": "Montevideo", "nombre_loc": "Rural", "fecha_desde": 2015, "footprints_all": 57, "footprints_min6": 57, "footprints_min10": 51, "oai_viviendas": 28.0, "oai_personas": 102.0, "est_dwellings": 51.0, "est_population": 173.0, "meets_definition": true }, "geometry": { "type": "Polygon", "coordinates": [ [ [ -56.232666819580025, -34.770516659105539 ], [ -56.232455239389111, -34.770340918860349 ], [ -56.2307551932184, -34.770384550124867 ], [ -56.231037726906656, -34.770844476989836 ], [ -56.231098690071015, -34.770950358615259 ], [ -56.230732914535153, -34.771136454979768 ], [ -56.230077511178649, -34.771457068859796 ], [ -56.229969825584256, -34.771302656649972 ], [ -56.229492351176653, -34.771418228360851 ], [ -56.229169577962899, -34.771497442661541 ], [ -56.229032382450015, -34.771768539712582 ], [ -56.228946182932482, -34.772051655270921 ], [ -56.229047565779162, -34.772350187491384 ], [ -56.23006887206077, -34.771811742601649 ], [ -56.231432082038978, -34.771139928482633 ], [ -56.232157452864037, -34.770790285676114 ], [ -56.232539872501071, -34.770624602725356 ], [ -56.232574848358873, -34.770605258839772 ], [ -56.23260273708496, -34.770582646516459 ], [ -56.232666819580025, -34.770516659105539 ] ] ] } },
{ "type": "Feature", "properties": { "codigo_ai": 1018028, "nombre_ai": "La Favela", "nombre_dep": "Montevideo", "nombre_loc": "Montevideo", "fecha_desde": 2017, "footprints_all": 16, "footprints_min6": 16, "footprints_min10": 16, "oai_viviendas": 13.0, "oai_personas": 60.0, "est_dwellings": 14.0, "est_population": 48.0, "meets_definition": true }, "geometry": { "type": "Polygon", "coordinates": [ [ [ -56.312239528752613, -34.816871236254258 ], [ -56.312017255125404, -34.816985577506756 ], [ -56.312559672471345, -34.817713096348797 ], [ -56.312786690195537, -34.817601831536265 ], [ -56.312239528752613, -34.816871236254258 ] ] ] } },
{ "type": "Feature", "properties": { "codigo_ai": 1012031, "nombre_ai": "La Isla", "nombre_dep": "Montevideo", "nombre_loc": "Montevideo", "fecha_desde": 2001, "footprints_all": 20, "footprints_min6": 20, "footprints_min10": 18, "oai_viviendas": 19.0, "oai_personas": 65.0, "est_dwellings": 18.0, "est_population": 61.0, "meets_definition": true }, "geometry": { "type": "Polygon", "coordinates": [ [ [ -56.238115232710989, -34.792640778848266 ], [ -56.238545609669039, -34.79253525170445 ], [ -56.238494291245885, -34.792162418943064 ], [ -56.23840929143379, -34.79196718097586 ], [ -56.238424624016673, -34.791790157559589 ], [ -56.23816210378331, -34.791807716438697 ], [ -56.237959621100863, -34.791842212147778 ], [ -56.237834502252518, -34.791871787829415 ], [ -56.237616801540042, -34.791941073555115 ], [ -56.237416766794333, -34.792023181502515 ], [ -56.237763382816503, -34.792235338041372 ], [ -56.238009705275395, -34.792349407628741 ], [ -56.238115232710989, -34.792640778848266 ] ] ] } },
{ "type": "Feature", "properties": { "codigo_ai": 1018021, "nombre_ai": "La Isla", "nombre_dep": "Montevideo", "nombre_loc": "Montevideo", "fecha_desde": 1998, "footprints_all": 79, "footprints_min6": 79, "footprints_min10": 78, "oai_viviendas": 80.0, "oai_personas": 253.0, "est_dwellings": 71.0, "est_population": 241.0, "meets_definition": true }, "geometry": { "type": "Polygon", "coordinates": [ [ [ -56.258965859548603, -34.855475212300377 ], [ -56.259713549254919, -34.85515678546998 ], [ -56.260335629047297, -34.854887890013501 ], [ -56.261047205507737, -34.854604627610854 ], [ -56.261441414563045, -34.854440990364559 ], [ -56.261146826762413, -34.853565705633642 ], [ -56.259926441368364, -34.85390390135084 ], [ -56.26010655220734, -34.854729531650001 ], [ -56.259775796809024, -34.854782172427946 ], [ -56.259744866471003, -34.85460632621875 ], [ -56.259516940593237, -34.854649597286446 ], [ -56.259533904138102, -34.854771768137525 ], [ -56.259327433409275, -34.854838987119116 ], [ -56.25929577365055, -34.854702519829971 ], [ -56.258882140173313, -34.854473133935002 ], [ -56.257745747076434, -34.854596815884342 ], [ -56.257703478786532, -34.854523106722425 ], [ -56.257322224218726, -34.854622424920841 ], [ -56.257494943953937, -34.854988583880484 ], [ -56.257104365690836, -34.855102997272439 ], [ -56.257171644978868, -34.855247168913017 ], [ -56.257357467078755, -34.855279206397284 ], [ -56.257358269117333, -34.855247048963193 ], [ -56.258965859548603, -34.855475212300377 ] ] ] } },
{ "type": "Feature", "properties": { "codigo_ai": 1010007, "nombre_ai": "La Palmera", "nombre_dep": "Montevideo", "nombre_loc": "Montevideo", "fecha_desde": 1995, "footprints_all": 54, "footprints_min6": 54, "footprints_min10": 52, "oai_viviendas": 50.0, "oai_personas": 207.0, "est_dwellings": 49.0, "est_population": 167.0, "meets_definition": true }, "geometry": { "type": "Polygon", "coordinates": [ [ [ -56.125255819786624, -34.806621913423484 ], [ -56.125885892990325, -34.805675112191587 ], [ -56.124830061846637, -34.805186266749239 ], [ -56.124753274798472, -34.805209119945545 ], [ -56.12461341276952, -34.805327957342755 ], [ -56.124487986510005, -34.80550283673233 ], [ -56.124197766163107, -34.806039071210783 ], [ -56.12395682753602, -34.806386625216625 ], [ -56.124454221449007, -34.806239593473322 ], [ -56.125255819786624, -34.806621913423484 ] ] ] } },
{ "type": "Feature", "properties": { "codigo_ai": 1011006, "nombre_ai": "La Palmera", "nombre_dep": "Montevideo", "nombre_loc": "Montevideo", "fecha_desde": 1993, "footprints_all": 23, "footprints_min6": 23, "footprints_min10": 23, "oai_viviendas": 17.0, "oai_personas": 66.0, "est_dwellings": 21.0, "est_population": 71.0, "meets_definition": true }, "geometry": { "type": "Polygon", "coordinates": [ [ [ -56.157477176610762, -34.833649999272083 ], [ -56.156508025703751, -34.833557344070165 ], [ -56.156482829851917, -34.833714852089791 ], [ -56.156399455630265, -34.834246929448447 ], [ -56.157362379967374, -34.834347607547102 ], [ -56.157477176610762, -34.833649999272083 ] ] ] } },
{ "type": "Feature", "properties": { "codigo_ai": 1018002, "nombre_ai": "La Pirola", "nombre_dep": "Montevideo", "nombre_loc": "Rural", "fecha_desde": 1980, "footprints_all": 43, "footprints_min6": 43, "footprints_min10": 36, "oai_viviendas": 43.0, "oai_personas": 152.0, "est_dwellings": 39.0, "est_population": 133.0, "meets_definition": true }, "geometry": { "type": "MultiPolygon", "coordinates": [ [ [ [ -56.349220878497462, -34.788488044164957 ], [ -56.349177587954401, -34.78835191639876 ], [ -56.349095481320312, -34.788303193776635 ], [ -56.348982835451849, -34.788111742978295 ], [ -56.348759218412383, -34.787787137673327 ], [ -56.348227676349623, -34.787736414808883 ], [ -56.348139376289602, -34.787884447507722 ], [ -56.348033081429577, -34.787846484226392 ], [ -56.347868577470884, -34.788090239231238 ], [ -56.34909322556431, -34.788665002841199 ], [ -56.349220878497462, -34.788488044164957 ] ] ], [ [ [ -56.347726002567093, -34.788078640694096 ], [ -56.347627466042027, -34.788269425364824 ], [ -56.347790995364747, -34.788353286625281 ], [ -56.347686821918202, -34.78852351628381 ], [ -56.348550524794177, -34.788964075591807 ], [ -56.348707506830685, -34.788833275670967 ], [ -56.348735477102053, -34.788817937688293 ], [ -56.348796302816673, -34.788813076230575 ], [ -56.348873916457471, -34.788827006949525 ], [ -56.349014715745589, -34.788677500616437 ], [ -56.347726002567093, -34.788078640694096 ] ] ] ] } },
{ "type": "Feature", "properties": { "codigo_ai": 1009004, "nombre_ai": "La Rinconada", "nombre_dep": "Montevideo", "nombre_loc": "Rural", "fecha_desde": 1997, "footprints_all": 182, "footprints_min6": 182, "footprints_min10": 172, "oai_viviendas": 136.0, "oai_personas": 511.0, "est_dwellings": 164.0, "est_population": 558.0, "meets_definition": true }, "geometry": { "type": "Polygon", "coordinates": [ [ [ -56.035585468592799, -34.780172964229585 ], [ -56.035469050339806, -34.780643206594284 ], [ -56.035096988242216, -34.781843751295483 ], [ -56.034891183769687, -34.782332950195425 ], [ -56.034933498662369, -34.782519034257575 ], [ -56.037079129979773, -34.783157304590702 ], [ -56.03750982865872, -34.782492364672557 ], [ -56.036728811420538, -34.782295921082003 ], [ -56.037298892802006, -34.780560357479729 ], [ -56.035585468592799, -34.780172964229585 ] ] ] } },
{ "type": "Feature", "properties": { "codigo_ai": 1017062, "nombre_ai": "La Ruta", "nombre_dep": "Montevideo", "nombre_loc": "Montevideo", "fecha_desde": 1980, "footprints_all": 112, "footprints_min6": 112, "footprints_min10": 109, "oai_viviendas": 120.0, "oai_personas": 475.0, "est_dwellings": 101.0, "est_population": 343.0, "meets_definition": true }, "geometry": { "type": "Polygon", "coordinates": [ [ [ -56.253491285360248, -34.864600354568744 ], [ -56.254003195179592, -34.86437668661695 ], [ -56.253923836585798, -34.864264690859692 ], [ -56.254179728897881, -34.864149711936811 ], [ -56.254490044593368, -34.863975407176021 ], [ -56.254611534107291, -34.864121194658296 ], [ -56.254880835270839, -34.86392681186625 ], [ -56.254791742491754, -34.863791148618091 ], [ -56.255273650411901, -34.863479326839879 ], [ -56.25564533183686, -34.863225094228333 ], [ -56.25585351099609, -34.86299298236672 ], [ -56.255922217072744, -34.86280427137406 ], [ -56.256322975089915, -34.862870451477939 ], [ -56.256284987348891, -34.863113647829046 ], [ -56.256662143929333, -34.863413974738606 ], [ -56.25699516383078, -34.863471362300473 ], [ -56.257288528283539, -34.861963898276294 ], [ -56.256902621903777, -34.861443400985785 ], [ -56.256720829175073, -34.861233261608156 ], [ -56.25616744266808, -34.86225191242805 ], [ -56.256111133247167, -34.862369615407466 ], [ -56.255778747008044, -34.862650622750827 ], [ -56.255513301906383, -34.862849507448487 ], [ -56.255158412370044, -34.863124658254144 ], [ -56.254864224960187, -34.863343117106247 ], [ -56.254688443638869, -34.863477154428772 ], [ -56.254463682258461, -34.86363846183346 ], [ -56.254229509949191, -34.863793138329655 ], [ -56.253699030510617, -34.864075959121337 ], [ -56.253280494017893, -34.864264565271853 ], [ -56.25334966788359, -34.864398290296997 ], [ -56.253361375760178, -34.864421707269962 ], [ -56.253491285360248, -34.864600354568744 ] ] ] } },
{ "type": "Feature", "properties": { "codigo_ai": 1014037, "nombre_ai": "La Suiza", "nombre_dep": "Montevideo", "nombre_loc": "Montevideo", "fecha_desde": 1990, "footprints_all": 116, "footprints_min6": 116, "footprints_min10": 114, "oai_viviendas": 75.0, "oai_personas": 250.0, "est_dwellings": 104.0, "est_population": 354.0, "meets_definition": true }, "geometry": { "type": "Polygon", "coordinates": [ [ [ -56.23110962052705, -34.846087147823226 ], [ -56.230934978867616, -34.845890132831556 ], [ -56.23047481807513, -34.84615642824506 ], [ -56.229857940291062, -34.845588954265068 ], [ -56.228620644181724, -34.846282394563012 ], [ -56.229640223779199, -34.847557451088718 ], [ -56.229946796416336, -34.847387869249815 ], [ -56.23023420180423, -34.847245453724121 ], [ -56.229930968196832, -34.846871691531121 ], [ -56.22975851306461, -34.846666116800904 ], [ -56.230143899242066, -34.846449525412716 ], [ -56.230195262063418, -34.846378782696533 ], [ -56.230433066365556, -34.846259880243117 ], [ -56.23059828274048, -34.846409257887075 ], [ -56.231090003752442, -34.846125559610137 ], [ -56.231472833346025, -34.846586624206765 ], [ -56.231595354598454, -34.84651855689826 ], [ -56.231192949974741, -34.846037633495314 ], [ -56.23110962052705, -34.846087147823226 ] ] ] } },
{ "type": "Feature", "properties": { "codigo_ai": 1012001, "nombre_ai": "La Tablada - Lavadero - La Vía", "nombre_dep": "Montevideo", "nombre_loc": "Montevideo", "fecha_desde": 1970, "footprints_all": 388, "footprints_min6": 388, "footprints_min10": 370, "oai_viviendas": 270.0, "oai_personas": 973.0, "est_dwellings": 349.0, "est_population": 1187.0, "meets_definition": true }, "geometry": { "type": "Polygon", "coordinates": [ [ [ -56.243990025044866, -34.814276602537056 ], [ -56.243630051780485, -34.81445499557627 ], [ -56.243967612769744, -34.815008430656384 ], [ -56.243711630669296, -34.815696475645375 ], [ -56.243709145834544, -34.815865727463333 ], [ -56.243545432947592, -34.816231428276758 ], [ -56.243951574708525, -34.816464679118866 ], [ -56.244440914528859, -34.815784420468994 ], [ -56.24465666549208, -34.815858628152732 ], [ -56.24503280019043, -34.815539477289136 ], [ -56.245702632265882, -34.81607199144235 ], [ -56.24539285475678, -34.816400527360223 ], [ -56.245910346174846, -34.816725563620238 ], [ -56.246274065999764, -34.816303004767299 ], [ -56.24592000404548, -34.816020366751459 ], [ -56.246329472355043, -34.815652088524963 ], [ -56.246144369626045, -34.815484808091021 ], [ -56.246004243316619, -34.815533634057068 ], [ -56.245669975494408, -34.815246951906587 ], [ -56.246085803573621, -34.814998800951017 ], [ -56.245361306996948, -34.814255679300075 ], [ -56.245320210119289, -34.814203072742821 ], [ -56.24591412939948, -34.813479230280947 ], [ -56.246112828731377, -34.812637121179797 ], [ -56.246000974538099, -34.812496340287119 ], [ -56.246093543031414, -34.812318916683076 ], [ -56.246134042303204, -34.812095209394094 ], [ -56.246201539986082, -34.811819433068628 ], [ -56.248008113794597, -34.810267603984755 ], [ -56.247201938682792, -34.80970948248136 ], [ -56.246047882740022, -34.811050668850029 ], [ -56.246023386351666, -34.811068949631853 ], [ -56.245753196383717, -34.811275887502227 ], [ -56.245153496979349, -34.811944962285239 ], [ -56.244491179705015, -34.812635910169369 ], [ -56.243847963176421, -34.812266756916237 ], [ -56.244808635233284, -34.811020195159678 ], [ -56.244505092044022, -34.810541398846148 ], [ -56.242624176344158, -34.811376760904899 ], [ -56.242393837689249, -34.811513353425745 ], [ -56.242225884189935, -34.811655669646974 ], [ -56.241906701891175, -34.812057113839757 ], [ -56.241655583784116, -34.812334111417897 ], [ -56.241561498968252, -34.812409061433428 ], [ -56.243267421563473, -34.813012995249615 ], [ -56.243494801661349, -34.813427078001183 ], [ -56.243685688987789, -34.813774703982816 ], [ -56.243897167925411, -34.814159824993311 ], [ -56.243990025044866, -34.814276602537056 ] ] ] } },
{ "type": "Feature", "properties": { "codigo_ai": 1018020, "nombre_ai": "La Via-Paurú", "nombre_dep": "Montevideo", "nombre_loc": "Rural", "fecha_desde": 1990, "footprints_all": 111, "footprints_min6": 111, "footprints_min10": 106, "oai_viviendas": 67.0, "oai_personas": 240.0, "est_dwellings": 100.0, "est_population": 340.0, "meets_definition": true }, "geometry": { "type": "Polygon", "coordinates": [ [ [ -56.326760558772705, -34.801328817583311 ], [ -56.323598654687686, -34.80167967825858 ], [ -56.323073756329613, -34.80181928425683 ], [ -56.322688926240694, -34.801087157188512 ], [ -56.32180675444809, -34.801476292566178 ], [ -56.322746700946823, -34.802887150988226 ], [ -56.324698061542335, -34.802020282274512 ], [ -56.325628435364052, -34.80323732332333 ], [ -56.325878684066538, -34.803178115717117 ], [ -56.325690654726159, -34.802813509439275 ], [ -56.326133470258, -34.802561467204832 ], [ -56.326284624100524, -34.802041194441358 ], [ -56.327152592182671, -34.801900570899541 ], [ -56.326760558772705, -34.801328817583311 ] ] ] } },
{ "type": "Feature", "properties": { "codigo_ai": 1017026, "nombre_ai": "La Vía", "nombre_dep": "Montevideo", "nombre_loc": "Montevideo", "fecha_desde": 1985, "footprints_all": 18, "footprints_min6": 18, "footprints_min10": 18, "oai_viviendas": 22.0, "oai_personas": 94.0, "est_dwellings": 16.0, "est_population": 54.0, "meets_definition": true }, "geometry": { "type": "Polygon", "coordinates": [ [ [ -56.269831001033175, -34.872334498465698 ], [ -56.269847394097781, -34.872153623585355 ], [ -56.269692731091624, -34.872057575818538 ], [ -56.269676434739651, -34.872034961546149 ], [ -56.269570151996035, -34.871901883998959 ], [ -56.269517090049561, -34.871785064326012 ], [ -56.269529018620595, -34.871782184603397 ], [ -56.269411937631347, -34.871562743043221 ], [ -56.269064157892082, -34.871482867143719 ], [ -56.26901092574375, -34.871421977405198 ], [ -56.268943507825611, -34.871451617066576 ], [ -56.268999442990513, -34.871583893815497 ], [ -56.269149333195436, -34.871791169258103 ], [ -56.269335490091017, -34.872025940021572 ], [ -56.269579309637308, -34.872245704831428 ], [ -56.269591555117515, -34.872295701291478 ], [ -56.26930997170367, -34.872382685379478 ], [ -56.269285778933366, -34.872502034637918 ], [ -56.269804706551639, -34.872570982642486 ], [ -56.269831001033175, -34.872334498465698 ] ] ] } },
{ "type": "Feature", "properties": { "codigo_ai": 1017056, "nombre_ai": "La Vía", "nombre_dep": "Montevideo", "nombre_loc": "Montevideo", "fecha_desde": 1990, "footprints_all": 743, "footprints_min6": 743, "footprints_min10": 704, "oai_viviendas": 480.0, "oai_personas": 1644.0, "est_dwellings": 669.0, "est_population": 2275.0, "meets_definition": true }, "geometry": { "type": "Polygon", "coordinates": [ [ [ -56.271355122655059, -34.875301048500205 ], [ -56.271186233952342, -34.875307684765225 ], [ -56.271209536886069, -34.875515949009348 ], [ -56.271405171813363, -34.875509860744813 ], [ -56.271377885336435, -34.875609772922381 ], [ -56.27137968038457, -34.875658688495498 ], [ -56.271440461256397, -34.875792513442725 ], [ -56.271440891836434, -34.87584713965456 ], [ -56.271434404885682, -34.875911073624444 ], [ -56.271204168063903, -34.876670096165398 ], [ -56.271748905255947, -34.876734184267242 ], [ -56.271605745232229, -34.877230856467399 ], [ -56.271928581779783, -34.877241238559968 ], [ -56.27204302968542, -34.877474781220783 ], [ -56.27214785187379, -34.877764244169995 ], [ -56.272334156484, -34.878433552739011 ], [ -56.272344587253002, -34.878518158409754 ], [ -56.272332810157934, -34.878692966255691 ], [ -56.272338364436656, -34.878723759545785 ], [ -56.272671660047081, -34.879911062548842 ], [ -56.273060744925907, -34.881090274048852 ], [ -56.275028342844386, -34.881741045202496 ], [ -56.275072862299503, -34.881469474967602 ], [ -56.275065627853408, -34.881335916196377 ], [ -56.275002744195717, -34.881185105386336 ], [ -56.274962953840642, -34.881122778112839 ], [ -56.274863898665913, -34.880987549028625 ], [ -56.274717818086607, -34.880760777264165 ], [ -56.274681367767187, -34.880702066850404 ], [ -56.274615909159216, -34.880555269429578 ], [ -56.274366382324509, -34.879945359632778 ], [ -56.274317483984262, -34.879809023640249 ], [ -56.27387472670187, -34.878407634636766 ], [ -56.273792082039222, -34.878080582369265 ], [ -56.273667413646564, -34.877690956326894 ], [ -56.273588781310153, -34.877583860638175 ], [ -56.273491152080815, -34.877317268447889 ], [ -56.273446130511459, -34.877166219043716 ], [ -56.273560867673339, -34.877126952288592 ], [ -56.273297357292286, -34.876100403511657 ], [ -56.273066899406267, -34.87607816142625 ], [ -56.273001951102415, -34.876056199019359 ], [ -56.272990630103294, -34.876043204921011 ], [ -56.272987143099101, -34.876033987251688 ], [ -56.273121717309806, -34.875162937223585 ], [ -56.272477882110707, -34.875092483142964 ], [ -56.272549354463294, -34.873967603776414 ], [ -56.272574949071206, -34.873776574120647 ], [ -56.271531290840464, -34.873701833199597 ], [ -56.271528219610204, -34.873632488317341 ], [ -56.271575930421925, -34.873369643546773 ], [ -56.271688557256816, -34.87297625621671 ], [ -56.269892343578526, -34.8727308459436 ], [ -56.269626295467283, -34.872887778033451 ], [ -56.269592651017575, -34.873286415302552 ], [ -56.269536621000647, -34.873757389777069 ], [ -56.270775885975787, -34.873908686567319 ], [ -56.270933526116437, -34.874075051159757 ], [ -56.270810577376324, -34.874797643359656 ], [ -56.271322917652128, -34.874886770517044 ], [ -56.271330521427103, -34.87517490221633 ], [ -56.271355122655059, -34.875301048500205 ] ] ] } },
{ "type": "Feature", "properties": { "codigo_ai": 1017021, "nombre_ai": "La Vía - La Boyada", "nombre_dep": "Montevideo", "nombre_loc": "Montevideo", "fecha_desde": 1990, "footprints_all": 206, "footprints_min6": 206, "footprints_min10": 198, "oai_viviendas": 188.0, "oai_personas": 639.0, "est_dwellings": 185.0, "est_population": 629.0, "meets_definition": true }, "geometry": { "type": "Polygon", "coordinates": [ [ [ -56.264604038279273, -34.864701559865431 ], [ -56.264710729487661, -34.865604311238144 ], [ -56.264867154513304, -34.865630554391565 ], [ -56.264792718426477, -34.866034107405333 ], [ -56.265280339153804, -34.866097973446323 ], [ -56.265377862916687, -34.865519732399584 ], [ -56.265161890121405, -34.86545864668571 ], [ -56.265015384105794, -34.864757447824061 ], [ -56.265097176739772, -34.864768653929985 ], [ -56.265148488511755, -34.864754499246118 ], [ -56.26516781099626, -34.864742623796843 ], [ -56.265190052789578, -34.864713237093518 ], [ -56.265196493732766, -34.864672981836229 ], [ -56.265077941204588, -34.863730501483047 ], [ -56.265114976141732, -34.863593633099178 ], [ -56.265111352873426, -34.863556598442422 ], [ -56.265088306852789, -34.863413490320113 ], [ -56.265123429618562, -34.862876382707498 ], [ -56.26508455444398, -34.862524819565216 ], [ -56.264980486560603, -34.862236091374037 ], [ -56.26486975706618, -34.862030334177085 ], [ -56.264830933585095, -34.86140018713877 ], [ -56.264575095874591, -34.860192528329314 ], [ -56.264280293167801, -34.860147178500434 ], [ -56.264391024392012, -34.860936313562178 ], [ -56.263942922050873, -34.860960282727852 ], [ -56.263924116733293, -34.861914575513666 ], [ -56.263577337506149, -34.862077147832757 ], [ -56.263713080812394, -34.862338972650846 ], [ -56.263767828415382, -34.862403783849579 ], [ -56.264047532895958, -34.862600049628199 ], [ -56.264059396037396, -34.862647369822206 ], [ -56.264048210424193, -34.862702311786464 ], [ -56.263072882383135, -34.862565410391355 ], [ -56.262950441677866, -34.863186248375698 ], [ -56.264348682025926, -34.863373554465959 ], [ -56.264482873825756, -34.864585251233343 ], [ -56.264514719914033, -34.864645497826871 ], [ -56.264604038279273, -34.864701559865431 ] ] ] } },
{ "type": "Feature", "properties": { "codigo_ai": 1014011, "nombre_ai": "Las Cabañas", "nombre_dep": "Montevideo", "nombre_loc": "Montevideo", "fecha_desde": 1990, "footprints_all": 82, "footprints_min6": 82, "footprints_min10": 82, "oai_viviendas": 65.0, "oai_personas": 239.0, "est_dwellings": 74.0, "est_population": 252.0, "meets_definition": true }, "geometry": { "type": "Polygon", "coordinates": [ [ [ -56.251313053096617, -34.843272263165694 ], [ -56.250371444562198, -34.84203729745424 ], [ -56.24952419712158, -34.842516544736455 ], [ -56.249610716359356, -34.84270964701404 ], [ -56.249678790382426, -34.842831829881746 ], [ -56.249737942012771, -34.842894928843243 ], [ -56.249811861789787, -34.842981749872138 ], [ -56.249999841500738, -34.84326438559966 ], [ -56.250164819337925, -34.843512562599614 ], [ -56.250342973585859, -34.843823827888734 ], [ -56.251097207914384, -34.843398200611702 ], [ -56.251313053096617, -34.843272263165694 ] ] ] } },
{ "type": "Feature", "properties": { "codigo_ai": 1009055, "nombre_ai": "Las Cabañitas", "nombre_dep": "Montevideo", "nombre_loc": "Montevideo", "fecha_desde": 1997, "footprints_all": 103, "footprints_min6": 103, "footprints_min10": 98, "oai_viviendas": 97.0, "oai_personas": 398.0, "est_dwellings": 93.0, "est_population": 316.0, "meets_definition": true }, "geometry": { "type": "Polygon", "coordinates": [ [ [ -56.112912026432888, -34.859689774223355 ], [ -56.113481062173939, -34.860066890086387 ], [ -56.113545086373385, -34.859996447698485 ], [ -56.113551198017191, -34.859962831673954 ], [ -56.113575297522083, -34.85983399722916 ], [ -56.113709525887636, -34.857597785291738 ], [ -56.113668879104743, -34.857473526744613 ], [ -56.113593368807592, -34.857385987601852 ], [ -56.113498479277403, -34.857315823200778 ], [ -56.113286649710304, -34.857231625547307 ], [ -56.113179063405816, -34.857161461195957 ], [ -56.113082838708962, -34.85707459124886 ], [ -56.112999075869375, -34.856955142530282 ], [ -56.11249486230453, -34.857169818911608 ], [ -56.112585245490365, -34.857339343224211 ], [ -56.112684519855762, -34.857392289376463 ], [ -56.112724231704362, -34.857395447526251 ], [ -56.112720870078512, -34.85743670408646 ], [ -56.112742873498952, -34.857569030834348 ], [ -56.112814385972115, -34.858248084481588 ], [ -56.112819886473545, -34.858356879251936 ], [ -56.112804300285347, -34.858608391672881 ], [ -56.11276701668055, -34.859002316084052 ], [ -56.11267716922675, -34.859259635683308 ], [ -56.112637293060729, -34.85945198340918 ], [ -56.112640872839251, -34.859494222089218 ], [ -56.11268419775039, -34.859539875272127 ], [ -56.112912026432888, -34.859689774223355 ] ] ] } },
{ "type": "Feature", "properties": { "codigo_ai": 1009050, "nombre_ai": "Las Cavas", "nombre_dep": "Montevideo", "nombre_loc": "Montevideo", "fecha_desde": 1978, "footprints_all": 105, "footprints_min6": 105, "footprints_min10": 99, "oai_viviendas": 137.0, "oai_personas": 605.0, "est_dwellings": 94.0, "est_population": 320.0, "meets_definition": true }, "geometry": { "type": "Polygon", "coordinates": [ [ [ -56.126092643749907, -34.865455195599495 ], [ -56.126435689064671, -34.865260830605457 ], [ -56.125553230853967, -34.864981612262838 ], [ -56.125373595243119, -34.864914961275339 ], [ -56.125248212497716, -34.864885332107399 ], [ -56.125113354324263, -34.864825965094006 ], [ -56.124857741938541, -34.864598569361888 ], [ -56.124696341670052, -34.864703741148766 ], [ -56.124262833475825, -34.86456820109985 ], [ -56.123878228740672, -34.865384931246972 ], [ -56.124757920876483, -34.865674053597097 ], [ -56.12550810107718, -34.865919118544006 ], [ -56.125342520908468, -34.866241981359138 ], [ -56.125726194642247, -34.866370912128353 ], [ -56.126073599219971, -34.865655348634071 ], [ -56.126049349088021, -34.865634838582082 ], [ -56.126024276119601, -34.865583216619392 ], [ -56.126016901563759, -34.865519796516921 ], [ -56.126031650596865, -34.865490298813235 ], [ -56.126066625833658, -34.865472107161821 ], [ -56.126092643749907, -34.865455195599495 ] ] ] } },
{ "type": "Feature", "properties": { "codigo_ai": 1012011, "nombre_ai": "Las Cañas", "nombre_dep": "Montevideo", "nombre_loc": "Montevideo", "fecha_desde": 1992, "footprints_all": 385, "footprints_min6": 385, "footprints_min10": 370, "oai_viviendas": 221.0, "oai_personas": 842.0, "est_dwellings": 346.0, "est_population": 1176.0, "meets_definition": true }, "geometry": { "type": "Polygon", "coordinates": [ [ [ -56.235549737383209, -34.793134976347957 ], [ -56.235250984846729, -34.79326017547978 ], [ -56.235338117542121, -34.793387579751951 ], [ -56.234879808998308, -34.793570140959424 ], [ -56.234916273118841, -34.793629723143106 ], [ -56.23425657571341, -34.794117823356878 ], [ -56.233326136120908, -34.794516310680116 ], [ -56.233720782169172, -34.795129346812224 ], [ -56.233496064753069, -34.795237020507614 ], [ -56.233660109403992, -34.795500808865263 ], [ -56.234132633392647, -34.795346596269738 ], [ -56.234453379781321, -34.795749810144869 ], [ -56.234948329682858, -34.79557957074384 ], [ -56.235039890177319, -34.795750428423254 ], [ -56.235504947811563, -34.795606908777678 ], [ -56.236092407747201, -34.796693513606684 ], [ -56.23662615021999, -34.796463122763171 ], [ -56.237305211003019, -34.796211353648864 ], [ -56.237314958912975, -34.796232197284461 ], [ -56.23747309717124, -34.796573879672671 ], [ -56.237963180000754, -34.796416038923219 ], [ -56.238742217588147, -34.795958054113711 ], [ -56.238483185378911, -34.795358724454509 ], [ -56.238256282605747, -34.795405569594749 ], [ -56.237811403854622, -34.794345633452323 ], [ -56.237419810809214, -34.794521347593438 ], [ -56.237043280454202, -34.793517264485793 ], [ -56.237290910267085, -34.793368342966566 ], [ -56.237062733373712, -34.792884488237782 ], [ -56.236480613805213, -34.792820021336738 ], [ -56.236394677945441, -34.792803479810772 ], [ -56.236263969216701, -34.792836375991818 ], [ -56.23613026318192, -34.79290743317776 ], [ -56.235981562549824, -34.793005439473184 ], [ -56.235835905673817, -34.793136044801756 ], [ -56.235718556660558, -34.79315796885502 ], [ -56.235613367685978, -34.79312369115496 ], [ -56.235549737383209, -34.793134976347957 ] ] ] } },
{ "type": "Feature", "properties": { "codigo_ai": 1012029, "nombre_ai": "Las Cañitas", "nombre_dep": "Montevideo", "nombre_loc": "Montevideo", "fecha_desde": 1995, "footprints_all": 51, "footprints_min6": 51, "footprints_min10": 48, "oai_viviendas": 57.0, "oai_personas": 200.0, "est_dwellings": 46.0, "est_population": 156.0, "meets_definition": true }, "geometry": { "type": "Polygon", "coordinates": [ [ [ -56.235250984846729, -34.79326017547978 ], [ -56.235549737383209, -34.793134976347957 ], [ -56.235613367685978, -34.79312369115496 ], [ -56.235718556660558, -34.79315796885502 ], [ -56.235835905673817, -34.793136044801756 ], [ -56.235981562549824, -34.793005439473184 ], [ -56.23613026318192, -34.79290743317776 ], [ -56.236263969216701, -34.792836375991818 ], [ -56.236394677945441, -34.792803479810772 ], [ -56.236465893901098, -34.792784843830006 ], [ -56.23712676473329, -34.792859879651346 ], [ -56.23734321158652, -34.793310887676817 ], [ -56.237891244153559, -34.793082476002461 ], [ -56.238012214292908, -34.792591524359352 ], [ -56.237945729897994, -34.792370022297696 ], [ -56.237727563546883, -34.792253522876457 ], [ -56.237387277732417, -34.792034342515834 ], [ -56.237164299347747, -34.79212731120252 ], [ -56.235990380287738, -34.792618895250428 ], [ -56.235133445381877, -34.793012083263029 ], [ -56.235250984846729, -34.79326017547978 ] ] ] } },
{ "type": "Feature", "properties": { "codigo_ai": 1009082, "nombre_ai": "Las Palmas", "nombre_dep": "Montevideo", "nombre_loc": "Rural", "fecha_desde": 2012, "footprints_all": 70, "footprints_min6": 70, "footprints_min10": 66, "oai_viviendas": 62.0, "oai_personas": 235.0, "est_dwellings": 63.0, "est_population": 214.0, "meets_definition": true }, "geometry": { "type": "Polygon", "coordinates": [ [ [ -56.125950930008671, -34.822499451424896 ], [ -56.125996891946642, -34.822513827925377 ], [ -56.12605649331487, -34.822345543497029 ], [ -56.125229534625319, -34.822005875888287 ], [ -56.125033709500741, -34.823002537197397 ], [ -56.12490575473231, -34.823658332298081 ], [ -56.125650672594318, -34.823999278232876 ], [ -56.125922223032603, -34.822490767984156 ], [ -56.125950930008671, -34.822499451424896 ] ] ] } },
{ "type": "Feature", "properties": { "codigo_ai": 1012010, "nombre_ai": "Las Palmeras - Tres Palmeras", "nombre_dep": "Montevideo", "nombre_loc": "Montevideo", "fecha_desde": 1990, "footprints_all": 107, "footprints_min6": 107, "footprints_min10": 103, "oai_viviendas": 106.0, "oai_personas": 362.0, "est_dwellings": 96.0, "est_population": 326.0, "meets_definition": true }, "geometry": { "type": "Polygon", "coordinates": [ [ [ -56.233519061061699, -34.799350083484164 ], [ -56.233544872780328, -34.799398896124494 ], [ -56.233602772835951, -34.799427829864577 ], [ -56.233781846221646, -34.79939766596052 ], [ -56.234586618268779, -34.799241000216647 ], [ -56.23450880587248, -34.798888982361937 ], [ -56.234438912634189, -34.798771017290051 ], [ -56.234338330093699, -34.798406650939903 ], [ -56.234330753873422, -34.798364980491748 ], [ -56.234346099579199, -34.798329992811297 ], [ -56.234416050234536, -34.798283953279785 ], [ -56.235007812805591, -34.798216271472079 ], [ -56.235070639161449, -34.798521457377674 ], [ -56.235290822604171, -34.798483742297627 ], [ -56.235392705353526, -34.798353746505967 ], [ -56.235340458916383, -34.798218415163859 ], [ -56.234824598830357, -34.797412279047002 ], [ -56.234437731854854, -34.797608280718684 ], [ -56.233978645961663, -34.797834898059598 ], [ -56.233769743843716, -34.797914684223855 ], [ -56.233625146477969, -34.797954991662081 ], [ -56.233139388071962, -34.798061162980964 ], [ -56.233519061061699, -34.799350083484164 ] ] ] } },
{ "type": "Feature", "properties": { "codigo_ai": 1018010, "nombre_ai": "Las Pitas", "nombre_dep": "Montevideo", "nombre_loc": "Montevideo", "fecha_desde": 1980, "footprints_all": 46, "footprints_min6": 46, "footprints_min10": 44, "oai_viviendas": 26.0, "oai_personas": 79.0, "est_dwellings": 41.0, "est_population": 139.0, "meets_definition": true }, "geometry": { "type": "MultiPolygon", "coordinates": [ [ [ [ -56.271021239994695, -34.828302928724725 ], [ -56.271266544922931, -34.828157352772017 ], [ -56.270993658447594, -34.827904211481339 ], [ -56.271080624725322, -34.827835059319959 ], [ -56.270581643589537, -34.82731295880977 ], [ -56.269037618680578, -34.828221095233346 ], [ -56.269070147624006, -34.828834080684146 ], [ -56.269290069893792, -34.828698592851815 ], [ -56.269659222491164, -34.828470817976282 ], [ -56.269930196652197, -34.828745718846299 ], [ -56.270560507384765, -34.828853716166698 ], [ -56.270618488769166, -34.828272871744467 ], [ -56.271021239994695, -34.828302928724725 ] ] ], [ [ [ -56.270773254034374, -34.828411769084873 ], [ -56.270745086381893, -34.828825046271454 ], [ -56.27100496195704, -34.828831462406612 ], [ -56.271149480654799, -34.828561335300975 ], [ -56.271091853446592, -34.828421685003647 ], [ -56.270773254034374, -34.828411769084873 ] ] ] ] } },
{ "type": "Feature", "properties": { "codigo_ai": 1009010, "nombre_ai": "Las Pleyades", "nombre_dep": "Montevideo", "nombre_loc": "Montevideo", "fecha_desde": 1993, "footprints_all": 37, "footprints_min6": 37, "footprints_min10": 35, "oai_viviendas": 19.0, "oai_personas": 73.0, "est_dwellings": 33.0, "est_population": 112.0, "meets_definition": true }, "geometry": { "type": "Polygon", "coordinates": [ [ [ -56.062313217828816, -34.779970784241819 ], [ -56.062117296245781, -34.779867209355182 ], [ -56.061863762669134, -34.779736440211721 ], [ -56.061773549750839, -34.779710151894975 ], [ -56.061700407261839, -34.779714135564916 ], [ -56.06162383264428, -34.779740740691928 ], [ -56.061504397940354, -34.779891238247849 ], [ -56.061006287080609, -34.780551212993892 ], [ -56.061596788578477, -34.780860564560875 ], [ -56.061980205189954, -34.780818684660709 ], [ -56.061903900925742, -34.78054319394829 ], [ -56.062313217828816, -34.779970784241819 ] ] ] } },
{ "type": "Feature", "properties": { "codigo_ai": 1012046, "nombre_ai": "Lasagna", "nombre_dep": "Montevideo", "nombre_loc": "Montevideo", "fecha_desde": 2020, "footprints_all": 25, "footprints_min6": 25, "footprints_min10": 24, "oai_viviendas": 12.0, "oai_personas": 36.0, "est_dwellings": 22.0, "est_population": 75.0, "meets_definition": true }, "geometry": { "type": "Polygon", "coordinates": [ [ [ -56.238788275813796, -34.806266847144478 ], [ -56.238907363136285, -34.805716832296071 ], [ -56.238738977233673, -34.80513257357596 ], [ -56.238229403293083, -34.805239605080935 ], [ -56.2380544597913, -34.805282505071048 ], [ -56.237987322313522, -34.805655797592713 ], [ -56.237683088052833, -34.805988509851872 ], [ -56.237645868012393, -34.806228561952601 ], [ -56.237670155110735, -34.806233288654916 ], [ -56.238788275813796, -34.806266847144478 ] ] ] } },
{ "type": "Feature", "properties": { "codigo_ai": 1013037, "nombre_ai": "Lavalleja Sur", "nombre_dep": "Montevideo", "nombre_loc": "Montevideo", "fecha_desde": 1983, "footprints_all": 176, "footprints_min6": 176, "footprints_min10": 170, "oai_viviendas": 237.0, "oai_personas": 811.0, "est_dwellings": 158.0, "est_population": 537.0, "meets_definition": true }, "geometry": { "type": "Polygon", "coordinates": [ [ [ -56.186383177045464, -34.841828133804903 ], [ -56.185996288876083, -34.842078124146866 ], [ -56.186198779876577, -34.842318219973393 ], [ -56.186527103720778, -34.842676917473234 ], [ -56.186755628727049, -34.842937262728398 ], [ -56.187078167027288, -34.843327779279555 ], [ -56.187355195856085, -34.843978351750991 ], [ -56.187740609803654, -34.843743877043373 ], [ -56.188152645382885, -34.843491949850893 ], [ -56.188196648225116, -34.843476128630094 ], [ -56.188570493164832, -34.84323553059 ], [ -56.188587720068618, -34.843190028502576 ], [ -56.188973622268833, -34.84298499203436 ], [ -56.188517590444725, -34.842466896893335 ], [ -56.188672789105638, -34.842371802663074 ], [ -56.187511116476806, -34.841127579012799 ], [ -56.187000754022286, -34.841442685416794 ], [ -56.186383177045464, -34.841828133804903 ] ] ] } },
{ "type": "Feature", "properties": { "codigo_ai": 1011015, "nombre_ai": "Leandro Gomez", "nombre_dep": "Montevideo", "nombre_loc": "Montevideo", "fecha_desde": 1950, "footprints_all": 334, "footprints_min6": 334, "footprints_min10": 317, "oai_viviendas": 229.0, "oai_personas": 907.0, "est_dwellings": 301.0, "est_population": 1023.0, "meets_definition": true }, "geometry": { "type": "Polygon", "coordinates": [ [ [ -56.181937784546925, -34.83412044543369 ], [ -56.181329539239826, -34.833922862425084 ], [ -56.181262367939574, -34.833827274427406 ], [ -56.180544259727377, -34.834049688378343 ], [ -56.179854709218894, -34.83410323845937 ], [ -56.17983871690884, -34.834208239741201 ], [ -56.179782096405773, -34.834215407314083 ], [ -56.178687494523707, -34.834074529616956 ], [ -56.177674596292761, -34.833934813031284 ], [ -56.174946242134197, -34.83357394761412 ], [ -56.174367494154289, -34.833517685046083 ], [ -56.174262137814026, -34.833628776183048 ], [ -56.174672457223387, -34.834330439583859 ], [ -56.174721485792695, -34.834459758343066 ], [ -56.174731260044545, -34.834526893072734 ], [ -56.175151401737971, -34.83457860237921 ], [ -56.175647894140319, -34.834667592353256 ], [ -56.175756427985711, -34.83414228203408 ], [ -56.176703222995307, -34.834255086827646 ], [ -56.176638047322768, -34.834772652531321 ], [ -56.177434317423874, -34.834829990418449 ], [ -56.177951964446613, -34.834879085088524 ], [ -56.17851594188398, -34.834905066045586 ], [ -56.17854529971337, -34.834907689972297 ], [ -56.179387186118554, -34.835004151893223 ], [ -56.179763103140637, -34.835068656394668 ], [ -56.179791813591279, -34.835082532030171 ], [ -56.179810406707624, -34.835114167670817 ], [ -56.179738762854157, -34.835141889994041 ], [ -56.179658741215995, -34.835495331445436 ], [ -56.179674588687853, -34.835587557887592 ], [ -56.179691731714847, -34.835744768567423 ], [ -56.179947646091506, -34.836682833465566 ], [ -56.181254638223336, -34.836787815939864 ], [ -56.181377320141436, -34.836322914714941 ], [ -56.181728651743022, -34.835898665352012 ], [ -56.181793149061598, -34.834923045275914 ], [ -56.181818976432126, -34.834719651077499 ], [ -56.181937784546925, -34.83412044543369 ] ] ] } },
{ "type": "Feature", "properties": { "codigo_ai": 1009043, "nombre_ai": "Leandro Gomez", "nombre_dep": "Montevideo", "nombre_loc": "Montevideo", "fecha_desde": 1992, "footprints_all": 24, "footprints_min6": 24, "footprints_min10": 24, "oai_viviendas": 25.0, "oai_personas": 105.0, "est_dwellings": 22.0, "est_population": 75.0, "meets_definition": true }, "geometry": { "type": "Polygon", "coordinates": [ [ [ -56.096505879047697, -34.814075340931154 ], [ -56.096981507991202, -34.813769940944717 ], [ -56.096173921667308, -34.81334652731632 ], [ -56.096117346344826, -34.813345539861622 ], [ -56.096087743546626, -34.813356394126203 ], [ -56.096060443478031, -34.813382050296902 ], [ -56.096056495871643, -34.813414942321408 ], [ -56.096429394020753, -34.814119545784401 ], [ -56.096505879047697, -34.814075340931154 ] ] ] } },
{ "type": "Feature", "properties": { "codigo_ai": 1006005, "nombre_ai": "Leopoldo Alas", "nombre_dep": "Montevideo", "nombre_loc": "Montevideo", "fecha_desde": 1950, "footprints_all": 20, "footprints_min6": 20, "footprints_min10": 20, "oai_viviendas": 51.0, "oai_personas": 165.0, "est_dwellings": 18.0, "est_population": 61.0, "meets_definition": true }, "geometry": { "type": "Polygon", "coordinates": [ [ [ -56.142305270234324, -34.868050135219441 ], [ -56.141885430454998, -34.867860660358097 ], [ -56.141427637908208, -34.86854438611887 ], [ -56.141843108231448, -34.868731005703403 ], [ -56.142305270234324, -34.868050135219441 ] ] ] } },
{ "type": "Feature", "properties": { "codigo_ai": 1009022, "nombre_ai": "Lomas De Maroñas", "nombre_dep": "Montevideo", "nombre_loc": "Montevideo", "fecha_desde": 1963, "footprints_all": 29, "footprints_min6": 29, "footprints_min10": 27, "oai_viviendas": 28.0, "oai_personas": 101.0, "est_dwellings": 26.0, "est_population": 88.0, "meets_definition": true }, "geometry": { "type": "Polygon", "coordinates": [ [ [ -56.143086972169925, -34.834491455438531 ], [ -56.143178455424646, -34.833866451916734 ], [ -56.142356034405587, -34.833772695784198 ], [ -56.142262522698012, -34.834393715818834 ], [ -56.143086972169925, -34.834491455438531 ] ] ] } },
{ "type": "Feature", "properties": { "codigo_ai": 1012026, "nombre_ai": "Lomas De Saint Bois", "nombre_dep": "Montevideo", "nombre_loc": "Rural", "fecha_desde": 2000, "footprints_all": 27, "footprints_min6": 27, "footprints_min10": 25, "oai_viviendas": 17.0, "oai_personas": 61.0, "est_dwellings": 24.0, "est_population": 82.0, "meets_definition": true }, "geometry": { "type": "Polygon", "coordinates": [ [ [ -56.250418952865729, -34.78443628200155 ], [ -56.250362188491657, -34.784573331026749 ], [ -56.250404901382247, -34.784596010646467 ], [ -56.250453950742575, -34.784636765151916 ], [ -56.250564162671466, -34.784773305776568 ], [ -56.251019745194498, -34.784351722438885 ], [ -56.250856976243341, -34.784145427694895 ], [ -56.250299636740777, -34.783325439032119 ], [ -56.249001256326885, -34.783390092987048 ], [ -56.248801692974254, -34.783768395141188 ], [ -56.249563524244046, -34.784023443217258 ], [ -56.249533599719271, -34.784140496019461 ], [ -56.250418952865729, -34.78443628200155 ] ] ] } },
{ "type": "Feature", "properties": { "codigo_ai": 1017002, "nombre_ai": "Los Cilindros", "nombre_dep": "Montevideo", "nombre_loc": "Montevideo", "fecha_desde": 1969, "footprints_all": 108, "footprints_min6": 108, "footprints_min10": 103, "oai_viviendas": 67.0, "oai_personas": 89.0, "est_dwellings": 97.0, "est_population": 330.0, "meets_definition": true }, "geometry": { "type": "Polygon", "coordinates": [ [ [ -56.329371796298609, -34.885859578361057 ], [ -56.32966586589702, -34.885995155472656 ], [ -56.329597872168407, -34.886116530701202 ], [ -56.329038979734086, -34.88697495205966 ], [ -56.330798145174334, -34.88753833035193 ], [ -56.330898226505504, -34.887501095661953 ], [ -56.33094311467292, -34.887465433653432 ], [ -56.331267024434865, -34.886954574307055 ], [ -56.331288084407156, -34.886912373322303 ], [ -56.331617640937154, -34.887016286080275 ], [ -56.331655240598039, -34.887018959060399 ], [ -56.331704670742191, -34.886979653458695 ], [ -56.331851227033852, -34.886760125290586 ], [ -56.331861060913823, -34.886644246281271 ], [ -56.331900032453632, -34.886657767438869 ], [ -56.332083348507673, -34.886653948656814 ], [ -56.332476155053406, -34.886474307374506 ], [ -56.332315043637706, -34.886252178054718 ], [ -56.329375046011364, -34.885580678304756 ], [ -56.329343153904404, -34.885746914809097 ], [ -56.329343153036966, -34.885798472668228 ], [ -56.329371796298609, -34.885859578361057 ] ] ] } },
{ "type": "Feature", "properties": { "codigo_ai": 1009037, "nombre_ai": "Los Milagros 1", "nombre_dep": "Montevideo", "nombre_loc": "Montevideo", "fecha_desde": 1968, "footprints_all": 145, "footprints_min6": 145, "footprints_min10": 140, "oai_viviendas": 135.0, "oai_personas": 488.0, "est_dwellings": 130.0, "est_population": 442.0, "meets_definition": true }, "geometry": { "type": "Polygon", "coordinates": [ [ [ -56.130565019216114, -34.829543196749157 ], [ -56.13041164207835, -34.830088924920226 ], [ -56.13015115192632, -34.831126021216726 ], [ -56.130129038787715, -34.831302039145555 ], [ -56.131460236326781, -34.831465675076025 ], [ -56.131644215273134, -34.830706318132449 ], [ -56.13176229872991, -34.830237523967675 ], [ -56.131778505646167, -34.830190938880712 ], [ -56.132181022307094, -34.829348118706108 ], [ -56.132339570871025, -34.828975446913063 ], [ -56.132172453841363, -34.828946034217331 ], [ -56.13196001357224, -34.829291124982142 ], [ -56.13187565595986, -34.829281158520558 ], [ -56.131114942868017, -34.829182671397071 ], [ -56.130675538419929, -34.829169302028212 ], [ -56.130565019216114, -34.829543196749157 ] ] ] } },
{ "type": "Feature", "properties": { "codigo_ai": 1009036, "nombre_ai": "Los Milagros 2", "nombre_dep": "Montevideo", "nombre_loc": "Montevideo", "fecha_desde": 1991, "footprints_all": 147, "footprints_min6": 147, "footprints_min10": 141, "oai_viviendas": 144.0, "oai_personas": 462.0, "est_dwellings": 132.0, "est_population": 449.0, "meets_definition": true }, "geometry": { "type": "Polygon", "coordinates": [ [ [ -56.131884122959065, -34.829246398512517 ], [ -56.132117448651108, -34.8289163715502 ], [ -56.132438047401045, -34.828293384667155 ], [ -56.132594489864751, -34.828137098144495 ], [ -56.132674267926909, -34.827963696406428 ], [ -56.132834893937797, -34.827919789973279 ], [ -56.132916031659903, -34.827898386750924 ], [ -56.133493388578906, -34.827976927777641 ], [ -56.133545454548688, -34.82770943594776 ], [ -56.133048569201989, -34.827566454586027 ], [ -56.131623750240699, -34.827359352043636 ], [ -56.131478811167817, -34.827745009540301 ], [ -56.130985415261186, -34.827676891267394 ], [ -56.130941569532816, -34.828071824928031 ], [ -56.130897159817017, -34.828354073020513 ], [ -56.13079728254813, -34.828733531091764 ], [ -56.130682669314027, -34.829139666126053 ], [ -56.131117171276721, -34.829148133798476 ], [ -56.131884122959065, -34.829246398512517 ] ] ] } },
{ "type": "Feature", "properties": { "codigo_ai": 1014043, "nombre_ai": "Los Muros", "nombre_dep": "Montevideo", "nombre_loc": "Montevideo", "fecha_desde": 1990, "footprints_all": 83, "footprints_min6": 83, "footprints_min10": 81, "oai_viviendas": 69.0, "oai_personas": 252.0, "est_dwellings": 75.0, "est_population": 255.0, "meets_definition": true }, "geometry": { "type": "Polygon", "coordinates": [ [ [ -56.251893504944292, -34.841139450420705 ], [ -56.251405141888867, -34.841447521133581 ], [ -56.251824570036597, -34.841967922796734 ], [ -56.252285563207252, -34.842515334973918 ], [ -56.252483521329047, -34.842757773667451 ], [ -56.252863558392157, -34.843208785062352 ], [ -56.252707567051615, -34.843304488854457 ], [ -56.253198191344744, -34.843959915135429 ], [ -56.253313978730404, -34.844008326276288 ], [ -56.253338675507102, -34.842934172056061 ], [ -56.252831719246643, -34.842304594435205 ], [ -56.251893504944292, -34.841139450420705 ] ] ] } },
{ "type": "Feature", "properties": { "codigo_ai": 1009058, "nombre_ai": "Los Ombues", "nombre_dep": "Montevideo", "nombre_loc": "Montevideo", "fecha_desde": 1980, "footprints_all": 50, "footprints_min6": 50, "footprints_min10": 50, "oai_viviendas": 81.0, "oai_personas": 296.0, "est_dwellings": 45.0, "est_population": 153.0, "meets_definition": true }, "geometry": { "type": "Polygon", "coordinates": [ [ [ -56.129824325961465, -34.867805642679684 ], [ -56.129835280895939, -34.86776628222345 ], [ -56.129823817133513, -34.86772070261992 ], [ -56.12924617047841, -34.867166233069128 ], [ -56.129186572368035, -34.867148404718456 ], [ -56.129129010936403, -34.867161649127233 ], [ -56.128437262331609, -34.867659957596864 ], [ -56.128421980134306, -34.867714207787742 ], [ -56.128563791910295, -34.86827565409213 ], [ -56.128815918466003, -34.868159163206819 ], [ -56.12879709002938, -34.868122700411419 ], [ -56.12890302253502, -34.868044284106581 ], [ -56.129160554080606, -34.868272477737442 ], [ -56.129824325961465, -34.867805642679684 ] ] ] } },
{ "type": "Feature", "properties": { "codigo_ai": 1017039, "nombre_ai": "Los Picapiedras", "nombre_dep": "Montevideo", "nombre_loc": "Montevideo", "fecha_desde": 1990, "footprints_all": 72, "footprints_min6": 72, "footprints_min10": 67, "oai_viviendas": 50.0, "oai_personas": 190.0, "est_dwellings": 65.0, "est_population": 221.0, "meets_definition": true }, "geometry": { "type": "Polygon", "coordinates": [ [ [ -56.257860857090151, -34.885965630559049 ], [ -56.258033185052753, -34.885086700201825 ], [ -56.257524781653501, -34.885009294117822 ], [ -56.257256860929111, -34.884983364749459 ], [ -56.256996641976436, -34.884955263596389 ], [ -56.256767913969853, -34.885865436293081 ], [ -56.256484345396949, -34.885864635566783 ], [ -56.256469612679474, -34.885955978646777 ], [ -56.257058270675863, -34.88603790500666 ], [ -56.257237577477142, -34.885872544081465 ], [ -56.257860857090151, -34.885965630559049 ] ] ] } },
{ "type": "Feature", "properties": { "codigo_ai": 1018022, "nombre_ai": "Los Platanos", "nombre_dep": "Montevideo", "nombre_loc": "Montevideo", "fecha_desde": 1990, "footprints_all": 16, "footprints_min6": 16, "footprints_min10": 16, "oai_viviendas": 25.0, "oai_personas": 86.0, "est_dwellings": 14.0, "est_population": 48.0, "meets_definition": true }, "geometry": { "type": "Polygon", "coordinates": [ [ [ -56.280038722829538, -34.844562442500731 ], [ -56.281068022533098, -34.843747207554657 ], [ -56.280885646632484, -34.843592587034486 ], [ -56.279848949326464, -34.844420318993116 ], [ -56.280038722829538, -34.844562442500731 ] ] ] } },
{ "type": "Feature", "properties": { "codigo_ai": 1011026, "nombre_ai": "Los Reyes", "nombre_dep": "Montevideo", "nombre_loc": "Montevideo", "fecha_desde": 1995, "footprints_all": 482, "footprints_min6": 482, "footprints_min10": 470, "oai_viviendas": 406.0, "oai_personas": 1543.0, "est_dwellings": 434.0, "est_population": 1476.0, "meets_definition": true }, "geometry": { "type": "Polygon", "coordinates": [ [ [ -56.159349210498071, -34.823971842419184 ], [ -56.159673328185214, -34.822324875986617 ], [ -56.158685129112037, -34.822191962056017 ], [ -56.158531877766933, -34.823147823982403 ], [ -56.158365220279371, -34.823132770919429 ], [ -56.155616511361927, -34.822742873101312 ], [ -56.155020651551013, -34.825303489527428 ], [ -56.157449967988455, -34.825544743279998 ], [ -56.158103082413255, -34.825605508704811 ], [ -56.158369307403952, -34.824260598013403 ], [ -56.158355712950886, -34.824120121679627 ], [ -56.158391765085767, -34.823892810738407 ], [ -56.159349210498071, -34.823971842419184 ] ] ] } },
{ "type": "Feature", "properties": { "codigo_ai": 1009059, "nombre_ai": "Los Sauzales", "nombre_dep": "Montevideo", "nombre_loc": "Montevideo", "fecha_desde": 1980, "footprints_all": 12, "footprints_min6": 12, "footprints_min10": 12, "oai_viviendas": 23.0, "oai_personas": 70.0, "est_dwellings": 11.0, "est_population": 37.0, "meets_definition": true }, "geometry": { "type": "Polygon", "coordinates": [ [ [ -56.132589618894038, -34.863500746060438 ], [ -56.132232751880863, -34.863753094093418 ], [ -56.132575777867046, -34.864075201549959 ], [ -56.132930500877329, -34.863827241278756 ], [ -56.132589618894038, -34.863500746060438 ] ] ] } },
{ "type": "Feature", "properties": { "codigo_ai": 1010036, "nombre_ai": "Los Sueños", "nombre_dep": "Montevideo", "nombre_loc": "Rural", "fecha_desde": 2002, "footprints_all": 264, "footprints_min6": 264, "footprints_min10": 256, "oai_viviendas": 320.0, "oai_personas": 1235.0, "est_dwellings": 238.0, "est_population": 809.0, "meets_definition": true }, "geometry": { "type": "Polygon", "coordinates": [ [ [ -56.12595960218048, -34.80923948145783 ], [ -56.127553852147315, -34.810011744859054 ], [ -56.127666309624971, -34.809850826623915 ], [ -56.127617024834073, -34.809731820199538 ], [ -56.127639103518582, -34.809698362681651 ], [ -56.127690799562359, -34.809632963389816 ], [ -56.127919184243844, -34.809391811658884 ], [ -56.128000802031146, -34.809308585641773 ], [ -56.128129793761474, -34.809370522301705 ], [ -56.128246932672468, -34.809254369451601 ], [ -56.128109090041072, -34.809164065811395 ], [ -56.129439052293037, -34.807404373775029 ], [ -56.129429471701187, -34.807368532455335 ], [ -56.12939827969646, -34.807336609659785 ], [ -56.129127235897364, -34.807191566432856 ], [ -56.127931012066576, -34.806620015837701 ], [ -56.127682674983483, -34.806931875941686 ], [ -56.127108576309602, -34.807715252406389 ], [ -56.12711631611532, -34.807932108698708 ], [ -56.127507682761838, -34.808163672364223 ], [ -56.127250048853369, -34.808411527216066 ], [ -56.126879827187196, -34.80814635436068 ], [ -56.12638596051638, -34.808840986782087 ], [ -56.126367224436777, -34.808835118128648 ], [ -56.126005778834568, -34.80854588782168 ], [ -56.125696605597803, -34.809101521069351 ], [ -56.12595960218048, -34.80923948145783 ] ] ] } },
{ "type": "Feature", "properties": { "codigo_ai": 1009052, "nombre_ai": "Los Tartagos", "nombre_dep": "Montevideo", "nombre_loc": "Montevideo", "fecha_desde": 1996, "footprints_all": 28, "footprints_min6": 28, "footprints_min10": 28, "oai_viviendas": 38.0, "oai_personas": 124.0, "est_dwellings": 25.0, "est_population": 85.0, "meets_definition": true }, "geometry": { "type": "Polygon", "coordinates": [ [ [ -56.125470479532304, -34.861750268094944 ], [ -56.125519133407764, -34.86172992604282 ], [ -56.125858219771928, -34.861584024409552 ], [ -56.124819940842983, -34.861237244048041 ], [ -56.124382204180293, -34.860663793114398 ], [ -56.124020752642927, -34.861243049711241 ], [ -56.124019209492069, -34.861260030756462 ], [ -56.124021247693669, -34.861281790608693 ], [ -56.124032367836563, -34.861305642968432 ], [ -56.124134979992611, -34.861437227337852 ], [ -56.124326701842357, -34.861460148595143 ], [ -56.12467682266464, -34.861538657099196 ], [ -56.124922985751816, -34.861591455798191 ], [ -56.125121383318941, -34.861639619930195 ], [ -56.125243516069865, -34.861680330607072 ], [ -56.125470479532304, -34.861750268094944 ] ] ] } },
{ "type": "Feature", "properties": { "codigo_ai": 1010030, "nombre_ai": "Manga 2000", "nombre_dep": "Montevideo", "nombre_loc": "Rural", "fecha_desde": 2000, "footprints_all": 114, "footprints_min6": 114, "footprints_min10": 110, "oai_viviendas": 86.0, "oai_personas": 329.0, "est_dwellings": 103.0, "est_population": 350.0, "meets_definition": true }, "geometry": { "type": "Polygon", "coordinates": [ [ [ -56.149100608248744, -34.804445735111024 ], [ -56.148292884918312, -34.804341674260598 ], [ -56.147938154757171, -34.805549918704351 ], [ -56.147729051195228, -34.805503636201635 ], [ -56.147460689589288, -34.806632037970409 ], [ -56.148398813348081, -34.806754920224471 ], [ -56.149100608248744, -34.804445735111024 ] ] ] } },
{ "type": "Feature", "properties": { "codigo_ai": 1010047, "nombre_ai": "Manga 2005", "nombre_dep": "Montevideo", "nombre_loc": "Rural", "fecha_desde": 2005, "footprints_all": 61, "footprints_min6": 61, "footprints_min10": 58, "oai_viviendas": 49.0, "oai_personas": 169.0, "est_dwellings": 55.0, "est_population": 187.0, "meets_definition": true }, "geometry": { "type": "MultiPolygon", "coordinates": [ [ [ [ -56.151219763988351, -34.804681837343608 ], [ -56.151518258232358, -34.803309331252301 ], [ -56.150755373825234, -34.803207893439286 ], [ -56.150538721455, -34.804200727468434 ], [ -56.15037670298112, -34.804173409908181 ], [ -56.150296164446615, -34.804555849237687 ], [ -56.151219763988351, -34.804681837343608 ] ] ], [ [ [ -56.149840128708746, -34.804498820408533 ], [ -56.15012036059332, -34.803113469462978 ], [ -56.149857000046396, -34.803075927378138 ], [ -56.149570164005731, -34.804462985421438 ], [ -56.149840128708746, -34.804498820408533 ] ] ] ] } },
{ "type": "Feature", "properties": { "codigo_ai": 1010056, "nombre_ai": "Manga 2020", "nombre_dep": "Montevideo", "nombre_loc": "Montevideo", "fecha_desde": 2020, "footprints_all": 34, "footprints_min6": 34, "footprints_min10": 29, "oai_viviendas": 24.0, "oai_personas": 84.0, "est_dwellings": 31.0, "est_population": 105.0, "meets_definition": true }, "geometry": { "type": "Polygon", "coordinates": [ [ [ -56.151302499991175, -34.807151296184941 ], [ -56.151915348809808, -34.805665849589253 ], [ -56.151463308822194, -34.805596384508569 ], [ -56.150810393005173, -34.80706828642186 ], [ -56.151302499991175, -34.807151296184941 ] ] ] } },
{ "type": "Feature", "properties": { "codigo_ai": 1018007, "nombre_ai": "Maracana", "nombre_dep": "Montevideo", "nombre_loc": "Montevideo", "fecha_desde": 1980, "footprints_all": 1898, "footprints_min6": 1898, "footprints_min10": 1814, "oai_viviendas": 1430.0, "oai_personas": 4782.0, "est_dwellings": 1708.0, "est_population": 5807.0, "meets_definition": true }, "geometry": { "type": "Polygon", "coordinates": [ [ [ -56.271478799743306, -34.850273024722277 ], [ -56.269549734083668, -34.850019517101138 ], [ -56.269614682714582, -34.849601950272927 ], [ -56.270539295376793, -34.849685582942492 ], [ -56.270526836901311, -34.849759530328704 ], [ -56.271551799174063, -34.849938392168895 ], [ -56.271705508175764, -34.8492283593312 ], [ -56.269831999702539, -34.849076920680488 ], [ -56.269717416493336, -34.849094212535647 ], [ -56.269675495516559, -34.849141722426765 ], [ -56.269621447670211, -34.849123068178443 ], [ -56.267760178950191, -34.848884971469111 ], [ -56.267724430315482, -34.848893739379676 ], [ -56.267670562375123, -34.848847440681041 ], [ -56.267670991623618, -34.848756892251139 ], [ -56.266808941499761, -34.848662337840182 ], [ -56.266353272274934, -34.848642220717274 ], [ -56.264919623226199, -34.84846468003277 ], [ -56.264035442865023, -34.848336931561462 ], [ -56.261907064799225, -34.84798135617914 ], [ -56.261596380054471, -34.847856038303753 ], [ -56.261349224930711, -34.847835151915724 ], [ -56.26118126330114, -34.847728979770189 ], [ -56.26091670260822, -34.847579293967598 ], [ -56.260624617654798, -34.847636820761409 ], [ -56.260259195509853, -34.847771808499296 ], [ -56.259639565152035, -34.848598652952042 ], [ -56.25941424523095, -34.849153905583805 ], [ -56.259489177800297, -34.849884575712323 ], [ -56.259701990403642, -34.850053392039982 ], [ -56.260079642881934, -34.850767861072498 ], [ -56.260584601883174, -34.850763837232471 ], [ -56.26061902549062, -34.851514486287158 ], [ -56.261234408688949, -34.852337053613915 ], [ -56.261196058256203, -34.85256504289611 ], [ -56.261466434232474, -34.852579308536967 ], [ -56.261517796804917, -34.853289029975315 ], [ -56.262611914378716, -34.853263143930413 ], [ -56.262684883687506, -34.853685745760401 ], [ -56.262960669694046, -34.853733245666042 ], [ -56.263326393429708, -34.853585691575304 ], [ -56.263513014339622, -34.853518256270235 ], [ -56.265127324060671, -34.852869430301119 ], [ -56.265278199985708, -34.85277865654966 ], [ -56.265856699038231, -34.85258274913712 ], [ -56.266466466414244, -34.852411944433001 ], [ -56.267167148233632, -34.852237259666559 ], [ -56.267215158128387, -34.852243836785171 ], [ -56.267967361657547, -34.852078422908619 ], [ -56.268296817624865, -34.852034606093085 ], [ -56.268594606262219, -34.852019516758055 ], [ -56.269136387154887, -34.851991248036413 ], [ -56.269722164893118, -34.851972699448979 ], [ -56.270111334557107, -34.85197539815703 ], [ -56.270435220174114, -34.851981886284541 ], [ -56.270703693034761, -34.851960907899581 ], [ -56.270818294415783, -34.851924876184199 ], [ -56.270900066674017, -34.851844671467035 ], [ -56.271018350773467, -34.851610099242798 ], [ -56.271199424548577, -34.851110895088318 ], [ -56.271312735405267, -34.851094033382751 ], [ -56.271478799743306, -34.850273024722277 ] ], [ [ -56.26748238658633, -34.849866643392069 ], [ -56.267854937377514, -34.84991020171784 ], [ -56.267834449749714, -34.850077880606293 ], [ -56.268456658608599, -34.850140322645672 ], [ -56.268400766646067, -34.850660041942533 ], [ -56.26739242723874, -34.850559505829473 ], [ -56.26748238658633, -34.849866643392069 ] ] ] } },
{ "type": "Feature", "properties": { "codigo_ai": 1017005, "nombre_ai": "Maracana Sur", "nombre_dep": "Montevideo", "nombre_loc": "Montevideo", "fecha_desde": 1985, "footprints_all": 560, "footprints_min6": 560, "footprints_min10": 526, "oai_viviendas": 402.0, "oai_personas": 1476.0, "est_dwellings": 504.0, "est_population": 1714.0, "meets_definition": true }, "geometry": { "type": "MultiPolygon", "coordinates": [ [ [ [ -56.266807646373799, -34.853203630433448 ], [ -56.265525219996256, -34.853597502048679 ], [ -56.264993010154825, -34.853807169481335 ], [ -56.26432226783772, -34.854085830967257 ], [ -56.264327707818609, -34.854096274461511 ], [ -56.264035298569389, -34.854211584467038 ], [ -56.261995396286338, -34.855076627960564 ], [ -56.261938016771204, -34.855092480395562 ], [ -56.261740645129279, -34.855104120469797 ], [ -56.260436317144276, -34.855674065275892 ], [ -56.26313695130839, -34.85600845170589 ], [ -56.263468502293371, -34.856044711836304 ], [ -56.263939951258401, -34.85609414285701 ], [ -56.266201633156868, -34.856409465181038 ], [ -56.266521995643103, -34.854788027220089 ], [ -56.266811108937802, -34.853294950695755 ], [ -56.266807646373799, -34.853203630433448 ] ] ], [ [ [ -56.267417206572922, -34.853167933796485 ], [ -56.267492752128874, -34.853177996879218 ], [ -56.26907838409879, -34.853506930648209 ], [ -56.269747713144817, -34.85363991661788 ], [ -56.270664331149405, -34.853832723868493 ], [ -56.270675636158693, -34.853732866209377 ], [ -56.270670611319503, -34.853653105995988 ], [ -56.270546888896071, -34.853156957715626 ], [ -56.270498529440161, -34.85288627446127 ], [ -56.270466813843569, -34.852826610824941 ], [ -56.270431644293033, -34.852799605535246 ], [ -56.270328646730299, -34.852760039646213 ], [ -56.270118725803009, -34.852760196630001 ], [ -56.269940362949455, -34.85276412170407 ], [ -56.269608132498952, -34.852780764066779 ], [ -56.269108530317006, -34.852823470918764 ], [ -56.26873720469699, -34.85285895496218 ], [ -56.267325694163318, -34.853030094373793 ], [ -56.266857179814515, -34.853106715143582 ], [ -56.266870996955518, -34.853226669463353 ], [ -56.267280476110336, -34.853162610411985 ], [ -56.267337312973801, -34.853162296364232 ], [ -56.267417206572922, -34.853167933796485 ] ] ], [ [ [ -56.267445851729136, -34.855933219051032 ], [ -56.267572059578633, -34.855574861328087 ], [ -56.267758027552382, -34.855585806557627 ], [ -56.267462500706387, -34.855141033555476 ], [ -56.267133101087374, -34.855061717564467 ], [ -56.266938503166692, -34.854961764528475 ], [ -56.267410303407807, -34.853715793149256 ], [ -56.267696207337842, -34.853783691046715 ], [ -56.267529220514604, -34.854255172891285 ], [ -56.267711177562937, -34.854301041856452 ], [ -56.267726792315059, -34.854299024904243 ], [ -56.26782077762978, -34.854058836090907 ], [ -56.26810878179019, -34.854152481331688 ], [ -56.268402086637508, -34.853406850478237 ], [ -56.26810640386168, -34.853343047003868 ], [ -56.267387775499614, -34.853202978481349 ], [ -56.267281351839038, -34.853200418440814 ], [ -56.266929534455194, -34.853267343636688 ], [ -56.266862243326486, -34.853294772920925 ], [ -56.266374298606749, -34.855772751502144 ], [ -56.267445851729136, -34.855933219051032 ] ] ], [ [ [ -56.268404865302969, -34.854471362446304 ], [ -56.268192174123172, -34.855048953890936 ], [ -56.270395690016954, -34.855340686954257 ], [ -56.270530257999347, -34.854708090273917 ], [ -56.268404865302969, -34.854471362446304 ] ] ] ] } },
{ "type": "Feature", "properties": { "codigo_ai": 1011001, "nombre_ai": "Marconi - Placido Ellauri", "nombre_dep": "Montevideo", "nombre_loc": "Montevideo", "fecha_desde": 1984, "footprints_all": 18, "footprints_min6": 18, "footprints_min10": 18, "oai_viviendas": 20.0, "oai_personas": 74.0, "est_dwellings": 16.0, "est_population": 54.0, "meets_definition": true }, "geometry": { "type": "Polygon", "coordinates": [ [ [ -56.157822166130941, -34.837353599796735 ], [ -56.157751327505146, -34.837399397139905 ], [ -56.157244872503568, -34.837784474502001 ], [ -56.157477226987758, -34.837946347517089 ], [ -56.157697521065025, -34.83810995988339 ], [ -56.158373019693371, -34.837849859407022 ], [ -56.15853277126012, -34.837714286077798 ], [ -56.158782889749169, -34.837557047546447 ], [ -56.159057874281636, -34.837400540378603 ], [ -56.158683916267002, -34.836842367102868 ], [ -56.158569072099489, -34.836888665811578 ], [ -56.158469860665427, -34.836937970736329 ], [ -56.157822166130941, -34.837353599796735 ] ] ] } },
{ "type": "Feature", "properties": { "codigo_ai": 1012008, "nombre_ai": "Margen So Arroyo Pantanoso - 16 De Setiembre", "nombre_dep": "Montevideo", "nombre_loc": "Montevideo", "fecha_desde": 1989, "footprints_all": 22, "footprints_min6": 22, "footprints_min10": 22, "oai_viviendas": 23.0, "oai_personas": 104.0, "est_dwellings": 20.0, "est_population": 68.0, "meets_definition": true }, "geometry": { "type": "Polygon", "coordinates": [ [ [ -56.238635215080386, -34.802259648123133 ], [ -56.239120952173238, -34.802545929773231 ], [ -56.239358342579543, -34.802068075572691 ], [ -56.239370269933687, -34.802011620588566 ], [ -56.239365537202744, -34.801451128098428 ], [ -56.238542195376979, -34.801563192641787 ], [ -56.238622131553655, -34.80190999196234 ], [ -56.238635215080386, -34.802259648123133 ] ] ] } },
{ "type": "Feature", "properties": { "codigo_ai": 1010011, "nombre_ai": "Matilde Pacheco", "nombre_dep": "Montevideo", "nombre_loc": "Montevideo", "fecha_desde": 1960, "footprints_all": 92, "footprints_min6": 92, "footprints_min10": 90, "oai_viviendas": 90.0, "oai_personas": 384.0, "est_dwellings": 83.0, "est_population": 282.0, "meets_definition": true }, "geometry": { "type": "Polygon", "coordinates": [ [ [ -56.149601941474224, -34.824762751324656 ], [ -56.149656762322337, -34.824351853892082 ], [ -56.149660545724153, -34.824006525571178 ], [ -56.149768128128834, -34.823293807166593 ], [ -56.149680405818145, -34.823257938025698 ], [ -56.148650766434216, -34.823186335303447 ], [ -56.148583539810282, -34.823858876927332 ], [ -56.148518479047063, -34.823862942894813 ], [ -56.148467650206584, -34.824027629065903 ], [ -56.148312691330013, -34.82420322047291 ], [ -56.14828519326862, -34.824330251101529 ], [ -56.148202123257427, -34.824355990267129 ], [ -56.148159920991361, -34.824664063904955 ], [ -56.149601941474224, -34.824762751324656 ] ] ] } },
{ "type": "Feature", "properties": { "codigo_ai": 1006011, "nombre_ai": "Mauricia Batalla", "nombre_dep": "Montevideo", "nombre_loc": "Montevideo", "fecha_desde": 2002, "footprints_all": 33, "footprints_min6": 33, "footprints_min10": 32, "oai_viviendas": 44.0, "oai_personas": 170.0, "est_dwellings": 30.0, "est_population": 102.0, "meets_definition": true }, "geometry": { "type": "Polygon", "coordinates": [ [ [ -56.1471957192365, -34.864504585178381 ], [ -56.147726932611228, -34.863583784382534 ], [ -56.147338231549085, -34.863333803328295 ], [ -56.146916068439751, -34.863798479271217 ], [ -56.14682979977858, -34.863888292229987 ], [ -56.146708868432484, -34.864286164081044 ], [ -56.1471957192365, -34.864504585178381 ] ] ] } },
{ "type": "Feature", "properties": { "codigo_ai": 1013007, "nombre_ai": "Mauá", "nombre_dep": "Montevideo", "nombre_loc": "Montevideo", "fecha_desde": 1950, "footprints_all": 42, "footprints_min6": 42, "footprints_min10": 42, "oai_viviendas": 78.0, "oai_personas": 318.0, "est_dwellings": 38.0, "est_population": 129.0, "meets_definition": true }, "geometry": { "type": "Polygon", "coordinates": [ [ [ -56.202327150668324, -34.854302813473517 ], [ -56.202026452028555, -34.85402971335153 ], [ -56.201927250963621, -34.854116383738678 ], [ -56.201866711246652, -34.854154240755491 ], [ -56.201747448904655, -34.854022682940169 ], [ -56.201551124917124, -34.853889373793535 ], [ -56.201293744791258, -34.85400033118286 ], [ -56.200897580631356, -34.853530243016735 ], [ -56.201367944680158, -34.853270684312683 ], [ -56.201248096707566, -34.853145152061863 ], [ -56.200362806342703, -34.853704569084215 ], [ -56.200348426133182, -34.853782340266413 ], [ -56.200380330774422, -34.853912103239786 ], [ -56.200456132405478, -34.854083585932145 ], [ -56.200576316575464, -34.854259300010867 ], [ -56.200731281069807, -34.854407830711978 ], [ -56.200813321725349, -34.854477806182345 ], [ -56.201020834699229, -34.85458290349051 ], [ -56.201067531479445, -34.854588981376772 ], [ -56.201416508483007, -34.854703712623888 ], [ -56.201667483528176, -34.854774623595304 ], [ -56.201906068207094, -34.854879415691336 ], [ -56.201981942982414, -34.854796002637357 ], [ -56.201856322439681, -34.854678421587288 ], [ -56.202327150668324, -34.854302813473517 ] ] ] } },
{ "type": "Feature", "properties": { "codigo_ai": 1018009, "nombre_ai": "Montecarlo", "nombre_dep": "Montevideo", "nombre_loc": "Rural", "fecha_desde": 1980, "footprints_all": 61, "footprints_min6": 61, "footprints_min10": 59, "oai_viviendas": 63.0, "oai_personas": 224.0, "est_dwellings": 55.0, "est_population": 187.0, "meets_definition": true }, "geometry": { "type": "Polygon", "coordinates": [ [ [ -56.297665447122185, -34.822193275617792 ], [ -56.298191881988913, -34.822933757446293 ], [ -56.298732928771024, -34.822629758481682 ], [ -56.29842211244619, -34.822181008522051 ], [ -56.298714596483116, -34.822025206469547 ], [ -56.298233231565654, -34.821313923830907 ], [ -56.298018339564095, -34.821425669446519 ], [ -56.297723260954896, -34.821023567467805 ], [ -56.297332198403076, -34.821703907662076 ], [ -56.297665447122185, -34.822193275617792 ] ] ] } },
{ "type": "Feature", "properties": { "codigo_ai": 1006010, "nombre_ai": "Montecaseros", "nombre_dep": "Montevideo", "nombre_loc": "Montevideo", "fecha_desde": 1980, "footprints_all": 3, "footprints_min6": 3, "footprints_min10": 3, "oai_viviendas": 10.0, "oai_personas": 32.0, "est_dwellings": 3.0, "est_population": 10.0, "meets_definition": false }, "geometry": { "type": "Polygon", "coordinates": [ [ [ -56.150355289373117, -34.875926696594767 ], [ -56.15022259390151, -34.876095528500947 ], [ -56.150649459133476, -34.876340099594529 ], [ -56.150715970228021, -34.876277763380038 ], [ -56.150355289373117, -34.875926696594767 ] ] ] } },
{ "type": "Feature", "properties": { "codigo_ai": 1009014, "nombre_ai": "Monterroso Y De Las Carreras", "nombre_dep": "Montevideo", "nombre_loc": "Montevideo", "fecha_desde": 1994, "footprints_all": 18, "footprints_min6": 18, "footprints_min10": 17, "oai_viviendas": 14.0, "oai_personas": 50.0, "est_dwellings": 16.0, "est_population": 54.0, "meets_definition": true }, "geometry": { "type": "Polygon", "coordinates": [ [ [ -56.083129484711321, -34.802078911595217 ], [ -56.083827619424362, -34.801848184209355 ], [ -56.083840831938097, -34.801829889226312 ], [ -56.083821520458031, -34.801789403907328 ], [ -56.083031795825633, -34.801369846196472 ], [ -56.082869347733286, -34.801587725133764 ], [ -56.083129484711321, -34.802078911595217 ] ] ] } },
{ "type": "Feature", "properties": { "codigo_ai": 1011077, "nombre_ai": "Montes Pareja Y Claveaux", "nombre_dep": "Montevideo", "nombre_loc": "Montevideo", "fecha_desde": 2013, "footprints_all": 35, "footprints_min6": 35, "footprints_min10": 33, "oai_viviendas": 25.0, "oai_personas": 95.0, "est_dwellings": 32.0, "est_population": 109.0, "meets_definition": true }, "geometry": { "type": "Polygon", "coordinates": [ [ [ -56.176582660434711, -34.829647218716808 ], [ -56.177173286476815, -34.82955848491342 ], [ -56.17757055596681, -34.829594977430503 ], [ -56.177650387533802, -34.828858884554585 ], [ -56.177241798942163, -34.828890215662099 ], [ -56.176144206613344, -34.829335656001781 ], [ -56.176344163755793, -34.829661071672888 ], [ -56.176313461628546, -34.830065431614756 ], [ -56.176546155867491, -34.830083215661347 ], [ -56.176582660434711, -34.829647218716808 ] ] ] } },
{ "type": "Feature", "properties": { "codigo_ai": 1008009, "nombre_ai": "Movidi", "nombre_dep": "Montevideo", "nombre_loc": "Montevideo", "fecha_desde": 1993, "footprints_all": 20, "footprints_min6": 20, "footprints_min10": 20, "oai_viviendas": 21.0, "oai_personas": 91.0, "est_dwellings": 18.0, "est_population": 61.0, "meets_definition": true }, "geometry": { "type": "Polygon", "coordinates": [ [ [ -56.097387937840089, -34.867305963646437 ], [ -56.09745815157298, -34.867497177999702 ], [ -56.097565163813506, -34.867629074046818 ], [ -56.098375180926304, -34.867449525377673 ], [ -56.098784811593511, -34.8673606114994 ], [ -56.09859371907185, -34.866946528700169 ], [ -56.097387937840089, -34.867305963646437 ] ] ] } },
{ "type": "Feature", "properties": { "codigo_ai": 1011051, "nombre_ai": "Niagara", "nombre_dep": "Montevideo", "nombre_loc": "Montevideo", "fecha_desde": 1950, "footprints_all": 11, "footprints_min6": 11, "footprints_min10": 11, "oai_viviendas": 29.0, "oai_personas": 105.0, "est_dwellings": 10.0, "est_population": 34.0, "meets_definition": true }, "geometry": { "type": "Polygon", "coordinates": [ [ [ -56.150438273670353, -34.837029903008656 ], [ -56.150240913606659, -34.836778268093276 ], [ -56.15006121835831, -34.836884477645654 ], [ -56.150007557993725, -34.836857647628293 ], [ -56.149978939943445, -34.83688447801601 ], [ -56.149921701422279, -34.836850492948734 ], [ -56.149857309369118, -34.836884478332671 ], [ -56.149660036003652, -34.836772983320373 ], [ -56.149283500006227, -34.837299472440719 ], [ -56.149662127057567, -34.837464606860706 ], [ -56.150438273670353, -34.837029903008656 ] ] ] } },
{ "type": "Feature", "properties": { "codigo_ai": 1013004, "nombre_ai": "Nuestra Esperanza - 40 Semanas", "nombre_dep": "Montevideo", "nombre_loc": "Montevideo", "fecha_desde": 1985, "footprints_all": 66, "footprints_min6": 66, "footprints_min10": 66, "oai_viviendas": 83.0, "oai_personas": 236.0, "est_dwellings": 59.0, "est_population": 201.0, "meets_definition": true }, "geometry": { "type": "Polygon", "coordinates": [ [ [ -56.185863490074283, -34.841987241209132 ], [ -56.186289282768911, -34.841718744632573 ], [ -56.186017911803404, -34.841402591885021 ], [ -56.185218383316226, -34.84048204895668 ], [ -56.185698617425558, -34.840180667493627 ], [ -56.185708830832837, -34.840162197076936 ], [ -56.185703397314619, -34.840142204381806 ], [ -56.185483254698369, -34.839925351672015 ], [ -56.184986588932119, -34.84021169216085 ], [ -56.184277656765673, -34.840605727199616 ], [ -56.184606995623774, -34.840869626371578 ], [ -56.184684206697519, -34.840923750335605 ], [ -56.184834580568435, -34.841041611444524 ], [ -56.184965885032113, -34.841161660248652 ], [ -56.185664921002434, -34.84185694479001 ], [ -56.185863490074283, -34.841987241209132 ] ] ] } },
{ "type": "Feature", "properties": { "codigo_ai": 1009057, "nombre_ai": "Nuestro Amanecer", "nombre_dep": "Montevideo", "nombre_loc": "Montevideo", "fecha_desde": 1995, "footprints_all": 30, "footprints_min6": 30, "footprints_min10": 30, "oai_viviendas": 35.0, "oai_personas": 137.0, "est_dwellings": 27.0, "est_population": 92.0, "meets_definition": true }, "geometry": { "type": "Polygon", "coordinates": [ [ [ -56.11467086992721, -34.857000602395836 ], [ -56.114588092374241, -34.8569239561239 ], [ -56.114510424489524, -34.856954614735848 ], [ -56.114422537046373, -34.856989871629864 ], [ -56.114192599651297, -34.857049144727917 ], [ -56.114112888396015, -34.857059874443891 ], [ -56.113898790689348, -34.857060896241322 ], [ -56.113793531053233, -34.857056297773241 ], [ -56.113607536820801, -34.857034837289909 ], [ -56.113495634524057, -34.857001624314798 ], [ -56.113397016148376, -34.856956658483405 ], [ -56.113321392474973, -34.85689942991992 ], [ -56.11322788523993, -34.85681052035293 ], [ -56.113176732357147, -34.856746100319597 ], [ -56.112977808868109, -34.856393854892588 ], [ -56.112723020677514, -34.855883521824907 ], [ -56.112430008433613, -34.855991547695773 ], [ -56.112635121432504, -34.856207892004889 ], [ -56.113065854512392, -34.856928336099905 ], [ -56.113098875945425, -34.856983043088043 ], [ -56.113204456280904, -34.857100651709786 ], [ -56.113284644503523, -34.857165471007391 ], [ -56.113459054337852, -34.857232294607464 ], [ -56.114347470568305, -34.857372623261405 ], [ -56.114354341325928, -34.857345495227278 ], [ -56.114373129819143, -34.857298828784423 ], [ -56.114403433197623, -34.857253979315793 ], [ -56.11467086992721, -34.857000602395836 ] ] ] } },
{ "type": "Feature", "properties": { "codigo_ai": 1009023, "nombre_ai": "Nueva España", "nombre_dep": "Montevideo", "nombre_loc": "Montevideo", "fecha_desde": 1986, "footprints_all": 730, "footprints_min6": 730, "footprints_min10": 708, "oai_viviendas": 604.0, "oai_personas": 2381.0, "est_dwellings": 657.0, "est_population": 2234.0, "meets_definition": true }, "geometry": { "type": "Polygon", "coordinates": [ [ [ -56.095510907227897, -34.821362029464403 ], [ -56.092908658723672, -34.819886006149368 ], [ -56.090270686156742, -34.818411084279759 ], [ -56.090235269313375, -34.818422633037301 ], [ -56.090210903006344, -34.818413448852972 ], [ -56.086661801186892, -34.816396634689617 ], [ -56.086544001104222, -34.816556003313885 ], [ -56.086404519225638, -34.816787618928217 ], [ -56.086813444544006, -34.81706885482069 ], [ -56.08631243493317, -34.817648972453931 ], [ -56.085991846947771, -34.817475085945169 ], [ -56.084996585541923, -34.817013615210449 ], [ -56.084839360331742, -34.817229614615734 ], [ -56.088476962533818, -34.819242478235253 ], [ -56.088528868936912, -34.819327102308137 ], [ -56.09192167696267, -34.821200744567442 ], [ -56.094423475008945, -34.822596650115308 ], [ -56.094439161912369, -34.822599046455089 ], [ -56.0944718424727, -34.822597739627128 ], [ -56.094489707904415, -34.822590114105488 ], [ -56.094885833431576, -34.822100501092351 ], [ -56.095317757083485, -34.821577598592114 ], [ -56.095510907227897, -34.821362029464403 ] ] ] } },
{ "type": "Feature", "properties": { "codigo_ai": 1009091, "nombre_ai": "Nueva España 2", "nombre_dep": "Montevideo", "nombre_loc": "Montevideo", "fecha_desde": 2024, "footprints_all": 26, "footprints_min6": 26, "footprints_min10": 25, "oai_viviendas": 126.0, "oai_personas": 378.0, "est_dwellings": 23.0, "est_population": 78.0, "meets_definition": true }, "geometry": { "type": "Polygon", "coordinates": [ [ [ -56.094991143718552, -34.824743696162855 ], [ -56.095932990656884, -34.823525105902171 ], [ -56.090110866842451, -34.82027995958321 ], [ -56.088756543561317, -34.819529677336938 ], [ -56.088417811924565, -34.819296544701174 ], [ -56.08456948714737, -34.817199777726913 ], [ -56.083589429717698, -34.818548278318893 ], [ -56.090096960717823, -34.822127851059484 ], [ -56.090862490002209, -34.822512722953853 ], [ -56.09008462096994, -34.823356747275476 ], [ -56.092354162177017, -34.824573701050454 ], [ -56.092412962262443, -34.824605230491457 ], [ -56.093109801697899, -34.823664018303354 ], [ -56.094991143718552, -34.824743696162855 ] ] ] } },
{ "type": "Feature", "properties": { "codigo_ai": 1014045, "nombre_ai": "Nueva Esperanza", "nombre_dep": "Montevideo", "nombre_loc": "Montevideo", "fecha_desde": 2019, "footprints_all": 43, "footprints_min6": 43, "footprints_min10": 36, "oai_viviendas": 45.0, "oai_personas": 166.0, "est_dwellings": 39.0, "est_population": 133.0, "meets_definition": true }, "geometry": { "type": "Polygon", "coordinates": [ [ [ -56.24662758775446, -34.85031108921325 ], [ -56.247517077834459, -34.851357279462817 ], [ -56.247836429585917, -34.851108165688188 ], [ -56.248147382007986, -34.850854347055368 ], [ -56.248430402586131, -34.850399581853381 ], [ -56.248837551000513, -34.850659942327368 ], [ -56.248986342278059, -34.850254156053573 ], [ -56.248665371361668, -34.849931868599263 ], [ -56.248748600660278, -34.849777609089735 ], [ -56.248454419151265, -34.849295600031766 ], [ -56.24662758775446, -34.85031108921325 ] ] ] } },
{ "type": "Feature", "properties": { "codigo_ai": 1009056, "nombre_ai": "Nueva Estrella - Nuestro Sueño", "nombre_dep": "Montevideo", "nombre_loc": "Montevideo", "fecha_desde": 1987, "footprints_all": 77, "footprints_min6": 77, "footprints_min10": 75, "oai_viviendas": null, "oai_personas": null, "est_dwellings": 69.0, "est_population": 235.0, "meets_definition": true }, "geometry": { "type": "Polygon", "coordinates": [ [ [ -56.113358153777597, -34.85689453646286 ], [ -56.113469677565618, -34.856935786608247 ], [ -56.113730152743642, -34.857024127538743 ], [ -56.114179003222127, -34.857028024611743 ], [ -56.114463512839983, -34.856955922398406 ], [ -56.114540485569378, -34.856886419535755 ], [ -56.114268643348183, -34.856555465229668 ], [ -56.11415490261065, -34.856325512217509 ], [ -56.114122423708814, -34.856242197634657 ], [ -56.11406300797087, -34.856016788205167 ], [ -56.11402131953195, -34.85576626221733 ], [ -56.114004745478667, -34.85551632315596 ], [ -56.113938449261695, -34.855483175038728 ], [ -56.112839245641702, -34.855821952163723 ], [ -56.112786208185696, -34.855899519602389 ], [ -56.113033496188137, -34.856368239008702 ], [ -56.113244405227952, -34.856788032699917 ], [ -56.113358153777597, -34.85689453646286 ] ] ] } },
{ "type": "Feature", "properties": { "codigo_ai": 1011025, "nombre_ai": "Nuevo Amanecer", "nombre_dep": "Montevideo", "nombre_loc": "Montevideo", "fecha_desde": 1983, "footprints_all": 392, "footprints_min6": 392, "footprints_min10": 368, "oai_viviendas": 350.0, "oai_personas": 1311.0, "est_dwellings": 353.0, "est_population": 1200.0, "meets_definition": true }, "geometry": { "type": "MultiPolygon", "coordinates": [ [ [ [ -56.160018662625447, -34.825636808936125 ], [ -56.162949122442249, -34.823952025286225 ], [ -56.163193191247423, -34.822831757201101 ], [ -56.160620758831257, -34.822459991241459 ], [ -56.160515056589396, -34.822984668657227 ], [ -56.160390923204581, -34.823988089455 ], [ -56.160357208582859, -34.824131071446345 ], [ -56.160093349219792, -34.825046186944455 ], [ -56.16001218804125, -34.825515208401541 ], [ -56.160018662625447, -34.825636808936125 ] ], [ [ -56.16248902673604, -34.823452425808092 ], [ -56.162461961665905, -34.823592003253019 ], [ -56.162387186005958, -34.823619945461708 ], [ -56.162299801425178, -34.823513742332715 ], [ -56.16248902673604, -34.823452425808092 ] ] ], [ [ [ -56.163376534806133, -34.824365097577008 ], [ -56.163368844052762, -34.824279042466493 ], [ -56.163284994721394, -34.824119020760335 ], [ -56.163214086102315, -34.824029704798683 ], [ -56.16002958691557, -34.825800071542112 ], [ -56.162425367346096, -34.826112998205602 ], [ -56.162758071990005, -34.824723502459221 ], [ -56.16285617774907, -34.824408388552932 ], [ -56.162861921579569, -34.82438994067445 ], [ -56.163007731492002, -34.824415277264272 ], [ -56.163138854280362, -34.824438061732224 ], [ -56.16314310890882, -34.824421431416212 ], [ -56.163165113059193, -34.824335411928693 ], [ -56.163376534806133, -34.824365097577008 ] ] ] ] } },
{ "type": "Feature", "properties": { "codigo_ai": 1010005, "nombre_ai": "Nuevo Capra", "nombre_dep": "Montevideo", "nombre_loc": "Rural", "fecha_desde": 1995, "footprints_all": 945, "footprints_min6": 945, "footprints_min10": 900, "oai_viviendas": 578.0, "oai_personas": 1977.0, "est_dwellings": 850.0, "est_population": 2890.0, "meets_definition": true }, "geometry": { "type": "Polygon", "coordinates": [ [ [ -56.113842779452817, -34.800226175264314 ], [ -56.113525658711104, -34.80069861518178 ], [ -56.112282061876073, -34.802506299289512 ], [ -56.112270769438837, -34.802543787721966 ], [ -56.112274834402129, -34.802559144173017 ], [ -56.112300580228627, -34.802589858432398 ], [ -56.113995684091812, -34.803483926065297 ], [ -56.114594750958261, -34.803790591282755 ], [ -56.115367935760887, -34.804179431277909 ], [ -56.116370930955028, -34.804614745284852 ], [ -56.116492550277592, -34.804530182589893 ], [ -56.117080048572468, -34.804762054588835 ], [ -56.11717796531385, -34.804823251605974 ], [ -56.117238483757156, -34.804938167768817 ], [ -56.117598876776, -34.805181072501505 ], [ -56.118322917821878, -34.805492925119168 ], [ -56.118481654267505, -34.805576234053859 ], [ -56.119114442041599, -34.804692718549823 ], [ -56.11915196666591, -34.804534947459594 ], [ -56.120222888618052, -34.803082390910951 ], [ -56.118839934328321, -34.802454755272393 ], [ -56.117693027488912, -34.801942024089719 ], [ -56.117391780182068, -34.801933241601304 ], [ -56.116835174755593, -34.801704661256458 ], [ -56.116284109952709, -34.801429017338819 ], [ -56.113842779452817, -34.800226175264314 ] ] ] } },
{ "type": "Feature", "properties": { "codigo_ai": 1017043, "nombre_ai": "Nuevo Casabo", "nombre_dep": "Montevideo", "nombre_loc": "Montevideo", "fecha_desde": 1990, "footprints_all": 195, "footprints_min6": 195, "footprints_min10": 186, "oai_viviendas": 171.0, "oai_personas": 657.0, "est_dwellings": 176.0, "est_population": 598.0, "meets_definition": true }, "geometry": { "type": "Polygon", "coordinates": [ [ [ -56.267558849266827, -34.887823854040832 ], [ -56.267698501209622, -34.88740978899353 ], [ -56.267576874139472, -34.887392238886122 ], [ -56.267521843346451, -34.887656702754484 ], [ -56.266828015577062, -34.887561288866735 ], [ -56.266872378816892, -34.887292499388231 ], [ -56.266492670083117, -34.88723805157872 ], [ -56.266352985808787, -34.887869086006667 ], [ -56.266687937401862, -34.88790025019842 ], [ -56.266628893958206, -34.888316295419841 ], [ -56.266632808901264, -34.888766154045364 ], [ -56.266447447910089, -34.888781223585646 ], [ -56.266469668264584, -34.888889282717862 ], [ -56.266777481849239, -34.888940381694063 ], [ -56.266939467615266, -34.889466570531781 ], [ -56.267110396380914, -34.8898575753608 ], [ -56.267188003769149, -34.889833934452518 ], [ -56.267402671560923, -34.889091657765015 ], [ -56.267750359706831, -34.889140289380478 ], [ -56.267777151365557, -34.88901540086021 ], [ -56.26856841692792, -34.88910504569693 ], [ -56.268657153505927, -34.888799876074522 ], [ -56.268747319618967, -34.888296843614938 ], [ -56.2687583750835, -34.888208246105037 ], [ -56.269182606929455, -34.888237000799052 ], [ -56.26958293377168, -34.888291751685493 ], [ -56.269727527734595, -34.887708677375862 ], [ -56.268455960800857, -34.887505413130341 ], [ -56.268277859391141, -34.888116223566442 ], [ -56.268280142454742, -34.888163967052755 ], [ -56.268212654224278, -34.888154161114912 ], [ -56.267494442759364, -34.887973768978121 ], [ -56.267558849266827, -34.887823854040832 ] ] ] } },
{ "type": "Feature", "properties": { "codigo_ai": 1017013, "nombre_ai": "Nuevo Cauceglia", "nombre_dep": "Montevideo", "nombre_loc": "Montevideo", "fecha_desde": 1994, "footprints_all": 15, "footprints_min6": 15, "footprints_min10": 14, "oai_viviendas": 16.0, "oai_personas": 61.0, "est_dwellings": 14.0, "est_population": 48.0, "meets_definition": true }, "geometry": { "type": "Polygon", "coordinates": [ [ [ -56.246745532549738, -34.863865492628335 ], [ -56.246975654325261, -34.863686485706381 ], [ -56.246956444135407, -34.863511999618524 ], [ -56.246902690795906, -34.863421944769719 ], [ -56.246318734222889, -34.862850903221045 ], [ -56.246314225739113, -34.862807378175582 ], [ -56.246173307230222, -34.862546918855735 ], [ -56.245627129224481, -34.862755097389268 ], [ -56.245295125832456, -34.863029190715231 ], [ -56.245564678758917, -34.863325313027325 ], [ -56.245642007265822, -34.863480608412011 ], [ -56.245847789354897, -34.863746464424032 ], [ -56.24594750728707, -34.863829932629741 ], [ -56.24599988945841, -34.863903038452442 ], [ -56.246317191818079, -34.864178480755825 ], [ -56.246413691796995, -34.86423727604425 ], [ -56.246465157834372, -34.864190923776825 ], [ -56.246745532549738, -34.863865492628335 ] ] ] } },
{ "type": "Feature", "properties": { "codigo_ai": 1009090, "nombre_ai": "Nuevo El Viñedo", "nombre_dep": "Montevideo", "nombre_loc": "Montevideo", "fecha_desde": 2022, "footprints_all": 47, "footprints_min6": 47, "footprints_min10": 39, "oai_viviendas": 37.0, "oai_personas": 130.0, "est_dwellings": 42.0, "est_population": 143.0, "meets_definition": true }, "geometry": { "type": "Polygon", "coordinates": [ [ [ -56.091876473094004, -34.825221570676028 ], [ -56.092354162177017, -34.824573701050454 ], [ -56.09008462096994, -34.823356747275476 ], [ -56.089544170861643, -34.823082900763445 ], [ -56.089413908406662, -34.822975323277198 ], [ -56.089138341718353, -34.823269281423627 ], [ -56.088962141994557, -34.823173281298018 ], [ -56.088760166402849, -34.823405978705821 ], [ -56.086323402699932, -34.822264822184216 ], [ -56.085685757177011, -34.823097208968044 ], [ -56.091428808189526, -34.825449116252813 ], [ -56.091469711991088, -34.825392945455739 ], [ -56.091641819492438, -34.825128460027436 ], [ -56.091876473094004, -34.825221570676028 ] ] ] } },
{ "type": "Feature", "properties": { "codigo_ai": 1009025, "nombre_ai": "Nuevo Jerusalen", "nombre_dep": "Montevideo", "nombre_loc": "Montevideo", "fecha_desde": 1994, "footprints_all": 19, "footprints_min6": 19, "footprints_min10": 17, "oai_viviendas": 27.0, "oai_personas": 113.0, "est_dwellings": 17.0, "est_population": 58.0, "meets_definition": true }, "geometry": { "type": "Polygon", "coordinates": [ [ [ -56.09631560182013, -34.823333074532378 ], [ -56.096227299192762, -34.823418853120891 ], [ -56.096164656008199, -34.823475902858824 ], [ -56.096095300699659, -34.823512258463374 ], [ -56.096061182749388, -34.823539105593561 ], [ -56.095997229621908, -34.823615746436602 ], [ -56.096783334800868, -34.824063436060882 ], [ -56.097049535650015, -34.823742823218815 ], [ -56.09631560182013, -34.823333074532378 ] ] ] } },
{ "type": "Feature", "properties": { "codigo_ai": 1010050, "nombre_ai": "Nuevo La Calera", "nombre_dep": "Montevideo", "nombre_loc": "Rural", "fecha_desde": 2001, "footprints_all": 10, "footprints_min6": 10, "footprints_min10": 9, "oai_viviendas": 12.0, "oai_personas": 29.0, "est_dwellings": 9.0, "est_population": 31.0, "meets_definition": true }, "geometry": { "type": "Polygon", "coordinates": [ [ [ -56.127376784285488, -34.772411264436194 ], [ -56.126728345326939, -34.771767326289343 ], [ -56.126585781579266, -34.771778040632618 ], [ -56.126441906871214, -34.772238965798216 ], [ -56.127147263019857, -34.772382184459019 ], [ -56.127376784285488, -34.772411264436194 ] ] ] } },
{ "type": "Feature", "properties": { "codigo_ai": 1018008, "nombre_ai": "Nuevo Las Flores", "nombre_dep": "Montevideo", "nombre_loc": "Montevideo", "fecha_desde": 1990, "footprints_all": 138, "footprints_min6": 138, "footprints_min10": 132, "oai_viviendas": 120.0, "oai_personas": 444.0, "est_dwellings": 124.0, "est_population": 422.0, "meets_definition": true }, "geometry": { "type": "Polygon", "coordinates": [ [ [ -56.283848665069094, -34.85079278036973 ], [ -56.282626572449182, -34.850653375518107 ], [ -56.282542221259185, -34.850744175681058 ], [ -56.282541052335532, -34.850795793492992 ], [ -56.282579779491762, -34.851060789508452 ], [ -56.282635910121918, -34.851066943147508 ], [ -56.282611274126616, -34.851283076938969 ], [ -56.282598013913002, -34.851347013353354 ], [ -56.282524517232737, -34.851583383427958 ], [ -56.282517027484872, -34.851617912011932 ], [ -56.282517501807433, -34.85179764360943 ], [ -56.282522955948089, -34.851938507060851 ], [ -56.282481016286127, -34.851997158680625 ], [ -56.282424462272921, -34.852007696408137 ], [ -56.282365801802037, -34.852070221500341 ], [ -56.282353331669881, -34.852107630602504 ], [ -56.282283430197623, -34.85241832429476 ], [ -56.282277107134895, -34.852474175105307 ], [ -56.282274648728951, -34.852616436443874 ], [ -56.282290455460078, -34.852756240115617 ], [ -56.282321366864458, -34.8528781287513 ], [ -56.28233295774276, -34.852898150881252 ], [ -56.282353682817991, -34.852918523582865 ], [ -56.282419720609496, -34.852938194276867 ], [ -56.282571664848696, -34.852940455937265 ], [ -56.28367548932669, -34.852837030267771 ], [ -56.284228092931926, -34.852800796579942 ], [ -56.284078617214369, -34.851973500443577 ], [ -56.283981279405893, -34.851155118120246 ], [ -56.283848665069094, -34.85079278036973 ] ] ] } },
{ "type": "Feature", "properties": { "codigo_ai": 1018006, "nombre_ai": "Nuevo Las Torres", "nombre_dep": "Montevideo", "nombre_loc": "Montevideo", "fecha_desde": 1990, "footprints_all": 347, "footprints_min6": 347, "footprints_min10": 333, "oai_viviendas": 310.0, "oai_personas": 1088.0, "est_dwellings": 312.0, "est_population": 1061.0, "meets_definition": true }, "geometry": { "type": "Polygon", "coordinates": [ [ [ -56.282435186039358, -34.850591989404784 ], [ -56.279535633346484, -34.849998206311916 ], [ -56.279362684009882, -34.849986534807911 ], [ -56.279357378333309, -34.850671965749335 ], [ -56.279355017297341, -34.851433404703535 ], [ -56.279331734316401, -34.851472171466689 ], [ -56.279299018770047, -34.851786926070311 ], [ -56.279299377682307, -34.851939449611102 ], [ -56.279292996810206, -34.851939359497536 ], [ -56.279378159973476, -34.852115414218474 ], [ -56.279410795185406, -34.852115981809007 ], [ -56.279438037773069, -34.853023507615383 ], [ -56.280572303222584, -34.853024642694905 ], [ -56.280773506182996, -34.853025171771208 ], [ -56.281891672858691, -34.85299321815085 ], [ -56.282340503622017, -34.852961107193849 ], [ -56.282287373027813, -34.852885335047802 ], [ -56.282264994560201, -34.852821696949121 ], [ -56.282243935581178, -34.852702360662015 ], [ -56.28223106559134, -34.852542075030009 ], [ -56.282246853229239, -34.852345247732075 ], [ -56.282249774503605, -34.852332958908057 ], [ -56.282282571137749, -34.8522018372717 ], [ -56.282328200775304, -34.852059153476681 ], [ -56.282344497992284, -34.852029095412497 ], [ -56.282432135660954, -34.851938922579755 ], [ -56.282470523333814, -34.851859251167085 ], [ -56.282472605202017, -34.851812353957413 ], [ -56.282474596923116, -34.851804567447971 ], [ -56.282486943967498, -34.851750454647487 ], [ -56.282500727135563, -34.85158370837808 ], [ -56.282510432120581, -34.851539838197326 ], [ -56.282522467805421, -34.851502179434455 ], [ -56.282565949722503, -34.851388815609042 ], [ -56.282593542881727, -34.851273211897386 ], [ -56.282603997098256, -34.851078616416324 ], [ -56.282555846527295, -34.851071667611002 ], [ -56.282522341444789, -34.850871071416599 ], [ -56.282514509226772, -34.850785785381021 ], [ -56.282542792424849, -34.850677873086951 ], [ -56.282435186039358, -34.850591989404784 ] ] ] } },
{ "type": "Feature", "properties": { "codigo_ai": 1018015, "nombre_ai": "Nuevo Las Torres 2", "nombre_dep": "Montevideo", "nombre_loc": "Montevideo", "fecha_desde": 1990, "footprints_all": 132, "footprints_min6": 132, "footprints_min10": 124, "oai_viviendas": 85.0, "oai_personas": 270.0, "est_dwellings": 119.0, "est_population": 405.0, "meets_definition": true }, "geometry": { "type": "Polygon", "coordinates": [ [ [ -56.271396916605013, -34.850898748154741 ], [ -56.271362061255516, -34.85109908108312 ], [ -56.279378851556721, -34.852203329065432 ], [ -56.279378159973476, -34.852115414218474 ], [ -56.279292996810206, -34.851939359497536 ], [ -56.279291198982108, -34.85178764440743 ], [ -56.279318791545784, -34.851471183111883 ], [ -56.271396916605013, -34.850898748154741 ] ] ] } },
{ "type": "Feature", "properties": { "codigo_ai": 1012002, "nombre_ai": "Nuevo Lecocq", "nombre_dep": "Montevideo", "nombre_loc": "Montevideo", "fecha_desde": 1990, "footprints_all": 538, "footprints_min6": 538, "footprints_min10": 525, "oai_viviendas": 517.0, "oai_personas": 1980.0, "est_dwellings": 484.0, "est_population": 1646.0, "meets_definition": true }, "geometry": { "type": "Polygon", "coordinates": [ [ [ -56.237459323814221, -34.808642891359533 ], [ -56.237650586426923, -34.808265003538416 ], [ -56.236765190641052, -34.808053289358348 ], [ -56.236600151223243, -34.808214731333663 ], [ -56.236287297585612, -34.808498381386912 ], [ -56.236212441428556, -34.808590022052037 ], [ -56.23591271454714, -34.808956457888527 ], [ -56.235469423252454, -34.809472489450044 ], [ -56.235416581404792, -34.809531918736901 ], [ -56.235236515392884, -34.809766728568654 ], [ -56.235101699883266, -34.809952520608114 ], [ -56.234247400007625, -34.811011494948801 ], [ -56.233526939705833, -34.81173533980995 ], [ -56.233469547128479, -34.811790473394836 ], [ -56.23301801513982, -34.81218298052751 ], [ -56.232881295763036, -34.812303311219964 ], [ -56.232756972972012, -34.812445749517792 ], [ -56.232417294479376, -34.812771687695452 ], [ -56.23152874658691, -34.813641190622796 ], [ -56.231191054536723, -34.813980690995109 ], [ -56.23209591260774, -34.814948594788348 ], [ -56.232181182084318, -34.814942698060896 ], [ -56.232623781820934, -34.814478970617628 ], [ -56.232978304469626, -34.814095963152845 ], [ -56.23389997711714, -34.813158581959861 ], [ -56.234612990820608, -34.812396005272433 ], [ -56.235293165238375, -34.811629373713572 ], [ -56.23539005159121, -34.811542108511503 ], [ -56.235688791305407, -34.811139295245908 ], [ -56.235641341943648, -34.811108859105971 ], [ -56.235643302018019, -34.811082248326628 ], [ -56.236084916540761, -34.81046773712913 ], [ -56.236420988206952, -34.8099719628391 ], [ -56.23679004131516, -34.809415431088325 ], [ -56.237039664933228, -34.809067555184072 ], [ -56.237072215382483, -34.809064639234109 ], [ -56.237142442359506, -34.809077596630914 ], [ -56.237459323814221, -34.808642891359533 ] ] ] } },
{ "type": "Feature", "properties": { "codigo_ai": 1009033, "nombre_ai": "Nuevo Punta De Rieles", "nombre_dep": "Montevideo", "nombre_loc": "Montevideo", "fecha_desde": 1989, "footprints_all": 141, "footprints_min6": 141, "footprints_min10": 137, "oai_viviendas": 115.0, "oai_personas": 419.0, "est_dwellings": 127.0, "est_population": 432.0, "meets_definition": true }, "geometry": { "type": "Polygon", "coordinates": [ [ [ -56.102373606913169, -34.829055725117129 ], [ -56.103227025593959, -34.829540958246184 ], [ -56.103837030100287, -34.828833201531701 ], [ -56.103878511414926, -34.828770954929247 ], [ -56.104025669828061, -34.828567284604951 ], [ -56.104641683503694, -34.827793241957195 ], [ -56.105483875781829, -34.826742353247667 ], [ -56.105130903376526, -34.826539006706909 ], [ -56.104512189166968, -34.827300169926019 ], [ -56.104430309797969, -34.82730149599071 ], [ -56.104209729678217, -34.82758339878427 ], [ -56.103825095452251, -34.827381504275628 ], [ -56.103804240286713, -34.827372155689318 ], [ -56.103780508729308, -34.827370717536326 ], [ -56.103742393663801, -34.827399483300766 ], [ -56.103701402687634, -34.827456296049121 ], [ -56.103572435168189, -34.827721541322404 ], [ -56.103521831307901, -34.827806039353753 ], [ -56.103356531317829, -34.827802485637456 ], [ -56.102373606913169, -34.829055725117129 ] ] ] } },
{ "type": "Feature", "properties": { "codigo_ai": 1010057, "nombre_ai": "Nuevo Pólux", "nombre_dep": "Montevideo", "nombre_loc": "Montevideo", "fecha_desde": 2019, "footprints_all": 48, "footprints_min6": 48, "footprints_min10": 47, "oai_viviendas": 24.0, "oai_personas": 60.0, "est_dwellings": 43.0, "est_population": 146.0, "meets_definition": true }, "geometry": { "type": "Polygon", "coordinates": [ [ [ -56.118480082314782, -34.763740848682978 ], [ -56.117301610605708, -34.762594274828679 ], [ -56.114155758664772, -34.76188067728021 ], [ -56.113948505608064, -34.76272442919376 ], [ -56.118480082314782, -34.763740848682978 ] ] ] } },
{ "type": "Feature", "properties": { "codigo_ai": 1010028, "nombre_ai": "Nuevo Siglo", "nombre_dep": "Montevideo", "nombre_loc": "Rural", "fecha_desde": 2001, "footprints_all": 269, "footprints_min6": 269, "footprints_min10": 265, "oai_viviendas": 213.0, "oai_personas": 767.0, "est_dwellings": 242.0, "est_population": 823.0, "meets_definition": true }, "geometry": { "type": "Polygon", "coordinates": [ [ [ -56.12927328855011, -34.790073053354426 ], [ -56.128979481632896, -34.790018324742718 ], [ -56.12871880040516, -34.78997703852243 ], [ -56.128162150961991, -34.789700994304916 ], [ -56.127700557786241, -34.789484719782415 ], [ -56.12591270352906, -34.788544717654844 ], [ -56.125587020191709, -34.789529606232151 ], [ -56.126009007385399, -34.791205553957361 ], [ -56.127162341678492, -34.791313007257223 ], [ -56.129275033381376, -34.791511134241276 ], [ -56.1293200516103, -34.791112494700698 ], [ -56.129448871502355, -34.790376234909793 ], [ -56.129442275324315, -34.790167148465912 ], [ -56.129384854179939, -34.790113202416414 ], [ -56.12927328855011, -34.790073053354426 ] ] ] } },
{ "type": "Feature", "properties": { "codigo_ai": 1010035, "nombre_ai": "Nuevos Rumbos", "nombre_dep": "Montevideo", "nombre_loc": "Rural", "fecha_desde": 1999, "footprints_all": 888, "footprints_min6": 888, "footprints_min10": 855, "oai_viviendas": 507.0, "oai_personas": 1688.0, "est_dwellings": 799.0, "est_population": 2717.0, "meets_definition": true }, "geometry": { "type": "Polygon", "coordinates": [ [ [ -56.11929898909343, -34.79855709559201 ], [ -56.116841093623229, -34.797354102494651 ], [ -56.116771391301519, -34.797449381825565 ], [ -56.116209171179705, -34.797195731156478 ], [ -56.114776527529791, -34.796504645785582 ], [ -56.11486618970185, -34.796373250328294 ], [ -56.114622265502724, -34.796252313351495 ], [ -56.11232524739502, -34.799452560822218 ], [ -56.113815056328406, -34.800187789380722 ], [ -56.115558959150917, -34.801011699259746 ], [ -56.116762272117597, -34.80161936807685 ], [ -56.117029532312948, -34.801740161734244 ], [ -56.11929898909343, -34.79855709559201 ] ] ] } },
{ "type": "Feature", "properties": { "codigo_ai": 1010033, "nombre_ai": "Obreros De Mausa", "nombre_dep": "Montevideo", "nombre_loc": "Montevideo", "fecha_desde": 1980, "footprints_all": 27, "footprints_min6": 27, "footprints_min10": 25, "oai_viviendas": 30.0, "oai_personas": 103.0, "est_dwellings": 24.0, "est_population": 82.0, "meets_definition": true }, "geometry": { "type": "Polygon", "coordinates": [ [ [ -56.152684734312885, -34.822660229678441 ], [ -56.151891334312268, -34.822567213234485 ], [ -56.151760150835607, -34.823288580958611 ], [ -56.151745149498922, -34.823312882746187 ], [ -56.151711847896841, -34.8233359838678 ], [ -56.151692106978082, -34.823415033949829 ], [ -56.1518455703917, -34.823436849245226 ], [ -56.151901966629687, -34.823432605671712 ], [ -56.152063767937015, -34.82338848708649 ], [ -56.152540196192447, -34.823433489441733 ], [ -56.152684734312885, -34.822660229678441 ] ] ] } },
{ "type": "Feature", "properties": { "codigo_ai": 1017040, "nombre_ai": "Ocupacion Parque Vaz Ferreira", "nombre_dep": "Montevideo", "nombre_loc": "Montevideo", "fecha_desde": 1900, "footprints_all": 286, "footprints_min6": 286, "footprints_min10": 266, "oai_viviendas": 172.0, "oai_personas": 640.0, "est_dwellings": 257.0, "est_population": 874.0, "meets_definition": true }, "geometry": { "type": "Polygon", "coordinates": [ [ [ -56.262254444228411, -34.891203812713357 ], [ -56.262687191759277, -34.89096045783176 ], [ -56.26227845066677, -34.890519585326707 ], [ -56.262792408381515, -34.889832611391263 ], [ -56.263143089789047, -34.890036680167718 ], [ -56.263442013210373, -34.890286357867723 ], [ -56.263495691641538, -34.890156594377167 ], [ -56.263958546171125, -34.887776682832943 ], [ -56.263207962768199, -34.887664429947677 ], [ -56.263141251606271, -34.887613666406175 ], [ -56.263283212745222, -34.886754632377475 ], [ -56.262214807125609, -34.886613873668097 ], [ -56.261156611135171, -34.886474806092089 ], [ -56.260995439814891, -34.887348310823953 ], [ -56.260595915477928, -34.887237769707959 ], [ -56.260435362133286, -34.887230874959634 ], [ -56.260169414551896, -34.887261409860486 ], [ -56.259769263365655, -34.887265842411907 ], [ -56.259339909207633, -34.887175937489758 ], [ -56.259313387884745, -34.887522515412762 ], [ -56.259425539434027, -34.88754922907615 ], [ -56.259626456803694, -34.887729757438457 ], [ -56.26016693277122, -34.88766525647501 ], [ -56.260931309521389, -34.887557754623224 ], [ -56.261952578240596, -34.88758741076996 ], [ -56.262035984398203, -34.887514383357789 ], [ -56.262325128236071, -34.887578698855435 ], [ -56.262296955594984, -34.887717895517568 ], [ -56.262534200662806, -34.887771832202702 ], [ -56.262483415429287, -34.888377920891557 ], [ -56.262708057433848, -34.888414249254424 ], [ -56.262557554882051, -34.889156013124612 ], [ -56.262435966283299, -34.889118201535304 ], [ -56.26126604804881, -34.890807837 ], [ -56.260950966283147, -34.891372074698324 ], [ -56.261429272970837, -34.891524262982685 ], [ -56.261709390177948, -34.891299190196435 ], [ -56.261952615580981, -34.891225064003216 ], [ -56.262061488259107, -34.891234330235278 ], [ -56.262254444228411, -34.891203812713357 ] ] ] } },
{ "type": "Feature", "properties": { "codigo_ai": 1014026, "nombre_ai": "Ombues Nuevo", "nombre_dep": "Montevideo", "nombre_loc": "Montevideo", "fecha_desde": 1989, "footprints_all": 369, "footprints_min6": 369, "footprints_min10": 360, "oai_viviendas": 233.0, "oai_personas": 900.0, "est_dwellings": 332.0, "est_population": 1129.0, "meets_definition": true }, "geometry": { "type": "Polygon", "coordinates": [ [ [ -56.24942019463964, -34.852556387391601 ], [ -56.249308086053354, -34.852415147695211 ], [ -56.248933130093441, -34.852337512220572 ], [ -56.248343597663464, -34.8526950760129 ], [ -56.248150017288879, -34.852392138649058 ], [ -56.248420969626906, -34.852091166347009 ], [ -56.248108008471085, -34.851727783335932 ], [ -56.247467456428154, -34.851469301165736 ], [ -56.247409310560862, -34.85155727842713 ], [ -56.247394141996786, -34.851675592812576 ], [ -56.247401220496997, -34.85201637672327 ], [ -56.247421951610399, -34.852069466843872 ], [ -56.247561500380627, -34.852219633920889 ], [ -56.247496908537528, -34.852332765915016 ], [ -56.24701581539388, -34.852538424444397 ], [ -56.246988259794044, -34.852561682811469 ], [ -56.246985226412413, -34.852616794538918 ], [ -56.247025781548125, -34.852667510548855 ], [ -56.245323880769789, -34.853504633769596 ], [ -56.245787092077116, -34.854066571698347 ], [ -56.246901578602632, -34.85540083374238 ], [ -56.246983584166252, -34.855503341683246 ], [ -56.246924426332555, -34.855550499687077 ], [ -56.246718567919388, -34.855770156964894 ], [ -56.247339734887206, -34.856027886504904 ], [ -56.247680384184335, -34.856083159011135 ], [ -56.247692528596666, -34.85602912622884 ], [ -56.247893595954707, -34.855542397744365 ], [ -56.248841531671424, -34.854700637549634 ], [ -56.248992804889241, -34.854424863369331 ], [ -56.249314406763453, -34.854229819020297 ], [ -56.249302988869701, -34.853458604043013 ], [ -56.249059260581333, -34.853176729784394 ], [ -56.249411516131723, -34.852951285589043 ], [ -56.249412957082519, -34.852885730845493 ], [ -56.24941471164847, -34.852805879161714 ], [ -56.24942019463964, -34.852556387391601 ] ] ] } },
{ "type": "Feature", "properties": { "codigo_ai": 1010049, "nombre_ai": "Osvaldo Rodriguez - Barrio Casa Rosada - La Casona", "nombre_dep": "Montevideo", "nombre_loc": "Rural", "fecha_desde": 2007, "footprints_all": 118, "footprints_min6": 118, "footprints_min10": 110, "oai_viviendas": 70.0, "oai_personas": 240.0, "est_dwellings": 106.0, "est_population": 360.0, "meets_definition": true }, "geometry": { "type": "Polygon", "coordinates": [ [ [ -56.174256845544896, -34.791130159143499 ], [ -56.174091413432826, -34.791843684492484 ], [ -56.174117133173077, -34.792229487232106 ], [ -56.173811016039792, -34.793306985965863 ], [ -56.174225940384162, -34.793369060750045 ], [ -56.174232778162676, -34.793191282730085 ], [ -56.17430831573008, -34.79310819110853 ], [ -56.17663075573968, -34.79308468996603 ], [ -56.176585729177489, -34.791354860777972 ], [ -56.176000297093381, -34.791286670343204 ], [ -56.175183255597503, -34.791198223644486 ], [ -56.174256845544896, -34.791130159143499 ] ] ] } },
{ "type": "Feature", "properties": { "codigo_ai": 1009080, "nombre_ai": "Pantaleon Perez", "nombre_dep": "Montevideo", "nombre_loc": "Montevideo", "fecha_desde": 1985, "footprints_all": 7, "footprints_min6": 7, "footprints_min10": 7, "oai_viviendas": 10.0, "oai_personas": 36.0, "est_dwellings": 6.0, "est_population": 20.0, "meets_definition": false }, "geometry": { "type": "Polygon", "coordinates": [ [ [ -56.113668260404722, -34.860004283433696 ], [ -56.11365052474752, -34.860012061408163 ], [ -56.113635589825989, -34.860024818392837 ], [ -56.113623455648344, -34.860042553487013 ], [ -56.113615348915829, -34.860079916076749 ], [ -56.1136091436112, -34.860113494450474 ], [ -56.113610076919223, -34.860136830740743 ], [ -56.113617855324847, -34.86015332141799 ], [ -56.114448297563399, -34.860672620548385 ], [ -56.114460121484164, -34.860658307873685 ], [ -56.114464477243878, -34.860635282428049 ], [ -56.114463233069984, -34.860605101574173 ], [ -56.114456698548651, -34.860574298776811 ], [ -56.114444563728632, -34.860545051252693 ], [ -56.114404472640764, -34.860495886571343 ], [ -56.113745735073621, -34.860046598975764 ], [ -56.113668260404722, -34.860004283433696 ] ] ] } },
{ "type": "Feature", "properties": { "codigo_ai": 1011008, "nombre_ai": "Pasaje Aserradero", "nombre_dep": "Montevideo", "nombre_loc": "Montevideo", "fecha_desde": 1977, "footprints_all": 117, "footprints_min6": 117, "footprints_min10": 113, "oai_viviendas": 53.0, "oai_personas": 200.0, "est_dwellings": 105.0, "est_population": 357.0, "meets_definition": true }, "geometry": { "type": "MultiPolygon", "coordinates": [ [ [ [ -56.162710285737433, -34.834903468576613 ], [ -56.162851665064238, -34.83412609731171 ], [ -56.163546326912659, -34.834195655699332 ], [ -56.163671517527952, -34.83342861049578 ], [ -56.162690770862227, -34.833335270144644 ], [ -56.162604387706907, -34.833894481719994 ], [ -56.16163496457547, -34.83378452687802 ], [ -56.161476796654767, -34.834777872716209 ], [ -56.161751001531798, -34.834806917428693 ], [ -56.161874211571309, -34.834022086533459 ], [ -56.162574817809237, -34.834085911293485 ], [ -56.162453297568952, -34.834879905379971 ], [ -56.162710285737433, -34.834903468576613 ] ] ], [ [ [ -56.162690770862227, -34.833335270144644 ], [ -56.162728032119858, -34.833126070657904 ], [ -56.162498490551421, -34.833095690016307 ], [ -56.162604149383633, -34.832322615817631 ], [ -56.161884692043792, -34.832248240086599 ], [ -56.161722520522069, -34.833247592459934 ], [ -56.162690770862227, -34.833335270144644 ] ] ], [ [ [ -56.163829511047268, -34.832448539130269 ], [ -56.163294292192816, -34.832391873020853 ], [ -56.16319007076352, -34.833204553842457 ], [ -56.163699789002671, -34.833258563554658 ], [ -56.163829511047268, -34.832448539130269 ] ] ] ] } },
{ "type": "Feature", "properties": { "codigo_ai": 1011074, "nombre_ai": "Pasaje Bazan", "nombre_dep": "Montevideo", "nombre_loc": "Montevideo", "fecha_desde": 1900, "footprints_all": 96, "footprints_min6": 96, "footprints_min10": 92, "oai_viviendas": 86.0, "oai_personas": 276.0, "est_dwellings": 86.0, "est_population": 292.0, "meets_definition": true }, "geometry": { "type": "MultiPolygon", "coordinates": [ [ [ [ -56.15432452893392, -34.832999182018689 ], [ -56.154296985955213, -34.833195361271436 ], [ -56.154259604023451, -34.833449351738103 ], [ -56.154468265420874, -34.833473605344238 ], [ -56.154377732908713, -34.834035404051797 ], [ -56.155356434847363, -34.834136347447192 ], [ -56.155440398979223, -34.833610760213922 ], [ -56.156482829851917, -34.833714852089791 ], [ -56.156508025703751, -34.833557344070165 ], [ -56.156575516462659, -34.833505632256767 ], [ -56.15666710380404, -34.832895702656927 ], [ -56.155527503652557, -34.832771812115048 ], [ -56.155534621976422, -34.832726289662105 ], [ -56.154610853266632, -34.832629386108728 ], [ -56.154539021887267, -34.833084263768711 ], [ -56.15432452893392, -34.832999182018689 ] ] ], [ [ [ -56.153654408053526, -34.833228687548825 ], [ -56.153702531680111, -34.832917666057646 ], [ -56.152848864121871, -34.832808847870702 ], [ -56.152566341802277, -34.833088851494495 ], [ -56.153068628272649, -34.833446916977948 ], [ -56.153244426817558, -34.833383618110773 ], [ -56.153405073024345, -34.833396708568863 ], [ -56.153434779208219, -34.833203517613661 ], [ -56.153654408053526, -34.833228687548825 ] ] ] ] } },
{ "type": "Feature", "properties": { "codigo_ai": 1003003, "nombre_ai": "Pasaje Bolivar", "nombre_dep": "Montevideo", "nombre_loc": "Montevideo", "fecha_desde": 1980, "footprints_all": 4, "footprints_min6": 4, "footprints_min10": 4, "oai_viviendas": 11.0, "oai_personas": 29.0, "est_dwellings": 4.0, "est_population": 14.0, "meets_definition": false }, "geometry": { "type": "Polygon", "coordinates": [ [ [ -56.174245817240113, -34.873329069725976 ], [ -56.17407212269007, -34.873324450727544 ], [ -56.174064197858783, -34.873464361663729 ], [ -56.173827695089429, -34.873682570511356 ], [ -56.174065151101111, -34.873915706665997 ], [ -56.174291284290931, -34.873741085113984 ], [ -56.174236226144842, -34.873686741726701 ], [ -56.174245817240113, -34.873329069725976 ] ] ] } },
{ "type": "Feature", "properties": { "codigo_ai": 1014018, "nombre_ai": "Pasaje Del Norte", "nombre_dep": "Montevideo", "nombre_loc": "Montevideo", "fecha_desde": 1980, "footprints_all": 15, "footprints_min6": 15, "footprints_min10": 15, "oai_viviendas": 20.0, "oai_personas": 74.0, "est_dwellings": 14.0, "est_population": 48.0, "meets_definition": true }, "geometry": { "type": "Polygon", "coordinates": [ [ [ -56.221741258027741, -34.859282850251908 ], [ -56.22171197918906, -34.859274365995979 ], [ -56.221671886597179, -34.859274698227793 ], [ -56.221648097867885, -34.859279855389779 ], [ -56.221409329576446, -34.859425365768139 ], [ -56.221606958811307, -34.85963430704534 ], [ -56.221565839977096, -34.859745520041429 ], [ -56.221632322759987, -34.859836220186565 ], [ -56.22151386013784, -34.860015557471989 ], [ -56.221590660822365, -34.860071490534168 ], [ -56.221271630873062, -34.860537184646972 ], [ -56.221326864464963, -34.860596317986023 ], [ -56.22168389500294, -34.86004303156853 ], [ -56.221779859753013, -34.859831287833757 ], [ -56.221931658210629, -34.859491741137596 ], [ -56.221741258027741, -34.859282850251908 ] ] ] } },
{ "type": "Feature", "properties": { "codigo_ai": 1011036, "nombre_ai": "Pasaje Diagonal", "nombre_dep": "Montevideo", "nombre_loc": "Montevideo", "fecha_desde": 1979, "footprints_all": 221, "footprints_min6": 221, "footprints_min10": 214, "oai_viviendas": 237.0, "oai_personas": 898.0, "est_dwellings": 199.0, "est_population": 677.0, "meets_definition": true }, "geometry": { "type": "Polygon", "coordinates": [ [ [ -56.158910934656646, -34.830668440334222 ], [ -56.158410869210947, -34.830607750505443 ], [ -56.158351003550202, -34.831001713834404 ], [ -56.158794695364222, -34.831046968658953 ], [ -56.158757941820596, -34.831179248836605 ], [ -56.158686588927857, -34.831436050187101 ], [ -56.158292400187221, -34.831395051017182 ], [ -56.158228479482403, -34.83181500483299 ], [ -56.160651526966298, -34.832055843202859 ], [ -56.160681307328367, -34.83187388193069 ], [ -56.160731851858586, -34.83169028207292 ], [ -56.160877952854051, -34.831157036123152 ], [ -56.161100485898665, -34.830573724269492 ], [ -56.161366869333634, -34.83059503484354 ], [ -56.161378242777737, -34.830526740057572 ], [ -56.161426139601751, -34.830499427534235 ], [ -56.161674782580661, -34.830519900966145 ], [ -56.161713715183112, -34.830256180764486 ], [ -56.161660711871768, -34.830250989420904 ], [ -56.161694043658947, -34.830035013585544 ], [ -56.162193935023687, -34.830082139234598 ], [ -56.162270667262455, -34.829688084369138 ], [ -56.161944307639686, -34.829628881085007 ], [ -56.161762756742831, -34.829614537043362 ], [ -56.161380985327824, -34.829586755542586 ], [ -56.161291401175454, -34.829865461375192 ], [ -56.161264857935464, -34.82985716635951 ], [ -56.161168638449105, -34.83005790105554 ], [ -56.161110574303891, -34.830220479443845 ], [ -56.160890642581158, -34.8301679334037 ], [ -56.161080046926607, -34.829547154885127 ], [ -56.160569268898307, -34.829489983580046 ], [ -56.160447500272639, -34.830075886359118 ], [ -56.159054968359854, -34.829996906557234 ], [ -56.158910934656646, -34.830668440334222 ] ] ] } },
{ "type": "Feature", "properties": { "codigo_ai": 1009061, "nombre_ai": "Pasaje La Via", "nombre_dep": "Montevideo", "nombre_loc": "Montevideo", "fecha_desde": 1986, "footprints_all": 7, "footprints_min6": 7, "footprints_min10": 7, "oai_viviendas": 25.0, "oai_personas": 90.0, "est_dwellings": 6.0, "est_population": 20.0, "meets_definition": false }, "geometry": { "type": "MultiPolygon", "coordinates": [ [ [ [ -56.136759719600349, -34.859041851798658 ], [ -56.136773040278065, -34.859604691268714 ], [ -56.137082150472636, -34.859457074547059 ], [ -56.1369067252962, -34.859181647964547 ], [ -56.137020538849953, -34.85912818061734 ], [ -56.136838146495307, -34.858841300313465 ], [ -56.136881451733025, -34.858678975382787 ], [ -56.136833430734661, -34.858675090738359 ], [ -56.136836409695604, -34.858597692101512 ], [ -56.136747389394941, -34.85863404823602 ], [ -56.136694073823627, -34.858977439643098 ], [ -56.136759719600349, -34.859041851798658 ] ] ], [ [ [ -56.136912649088409, -34.858304883509419 ], [ -56.137134550519875, -34.858180937486367 ], [ -56.137023724683445, -34.85803802947715 ], [ -56.136914003731555, -34.858249345687049 ], [ -56.136912649088409, -34.858304883509419 ] ] ] ] } },
{ "type": "Feature", "properties": { "codigo_ai": 1003002, "nombre_ai": "Paullier Y Machado", "nombre_dep": "Montevideo", "nombre_loc": "Montevideo", "fecha_desde": 1980, "footprints_all": 4, "footprints_min6": 4, "footprints_min10": 4, "oai_viviendas": 17.0, "oai_personas": 58.0, "est_dwellings": 4.0, "est_population": 14.0, "meets_definition": false }, "geometry": { "type": "Polygon", "coordinates": [ [ [ -56.172108421066888, -34.871774286318576 ], [ -56.172419207019367, -34.871630778048925 ], [ -56.172487758557487, -34.871455715587658 ], [ -56.172514253623667, -34.871455517182412 ], [ -56.172536401187912, -34.871216552438582 ], [ -56.172383089040572, -34.871204958723254 ], [ -56.171980634879858, -34.871642557933015 ], [ -56.172108421066888, -34.871774286318576 ] ] ] } },
{ "type": "Feature", "properties": { "codigo_ai": 1018003, "nombre_ai": "Pauru", "nombre_dep": "Montevideo", "nombre_loc": "Rural", "fecha_desde": 1997, "footprints_all": 87, "footprints_min6": 87, "footprints_min10": 85, "oai_viviendas": 82.0, "oai_personas": 294.0, "est_dwellings": 78.0, "est_population": 265.0, "meets_definition": true }, "geometry": { "type": "Polygon", "coordinates": [ [ [ -56.32644017988185, -34.804542860401398 ], [ -56.328381889550471, -34.803537832983622 ], [ -56.327326427100417, -34.802204502432026 ], [ -56.327073325173934, -34.802615142361176 ], [ -56.325642238379672, -34.803346469354949 ], [ -56.32644017988185, -34.804542860401398 ] ] ] } },
{ "type": "Feature", "properties": { "codigo_ai": 1011065, "nombre_ai": "Pedro Bazan", "nombre_dep": "Montevideo", "nombre_loc": "Montevideo", "fecha_desde": 1900, "footprints_all": 114, "footprints_min6": 114, "footprints_min10": 108, "oai_viviendas": 76.0, "oai_personas": 323.0, "est_dwellings": 103.0, "est_population": 350.0, "meets_definition": true }, "geometry": { "type": "Polygon", "coordinates": [ [ [ -56.156575516462659, -34.833505632256767 ], [ -56.158418027967208, -34.833681500924349 ], [ -56.158553947271479, -34.83366540471016 ], [ -56.158586853556436, -34.833643228724576 ], [ -56.158613321711051, -34.833602453201649 ], [ -56.158715618713778, -34.832955051397114 ], [ -56.158768738794492, -34.832732588326571 ], [ -56.159385258510014, -34.83277873041586 ], [ -56.159511121436694, -34.831994710955868 ], [ -56.157851684884108, -34.831848662906197 ], [ -56.157662889430114, -34.833015446042083 ], [ -56.15666710380404, -34.832895702656927 ], [ -56.156575516462659, -34.833505632256767 ] ] ] } },
{ "type": "Feature", "properties": { "codigo_ai": 1013050, "nombre_ai": "Pena Y Faramiñán - Barrio Favela", "nombre_dep": "Montevideo", "nombre_loc": "Montevideo", "fecha_desde": 2012, "footprints_all": 28, "footprints_min6": 28, "footprints_min10": 26, "oai_viviendas": 39.0, "oai_personas": 100.0, "est_dwellings": 25.0, "est_population": 85.0, "meets_definition": true }, "geometry": { "type": "Polygon", "coordinates": [ [ [ -56.232674310167958, -34.839840705011689 ], [ -56.232000752927902, -34.839067742701651 ], [ -56.232723301949981, -34.838560215380113 ], [ -56.232605341762351, -34.838436828318997 ], [ -56.231661160504714, -34.839045258463884 ], [ -56.231596955956434, -34.839072451537142 ], [ -56.231439962179238, -34.83909149634065 ], [ -56.231788230639417, -34.839490021755438 ], [ -56.231881607816895, -34.839446111502092 ], [ -56.232088638465356, -34.83967538658726 ], [ -56.231971141552535, -34.840248452312203 ], [ -56.232394750008552, -34.83999307818921 ], [ -56.232405553154685, -34.84000432793475 ], [ -56.232674310167958, -34.839840705011689 ] ] ] } },
{ "type": "Feature", "properties": { "codigo_ai": 1017001, "nombre_ai": "Pescadores De Pajas Blancas", "nombre_dep": "Montevideo", "nombre_loc": "Montevideo", "fecha_desde": 1987, "footprints_all": 82, "footprints_min6": 82, "footprints_min10": 75, "oai_viviendas": 65.0, "oai_personas": 244.0, "est_dwellings": 74.0, "est_population": 252.0, "meets_definition": true }, "geometry": { "type": "Polygon", "coordinates": [ [ [ -56.339148299879398, -34.870869544891448 ], [ -56.339084862892619, -34.870976797798313 ], [ -56.338945325035922, -34.870986245167238 ], [ -56.338645176349793, -34.870796625828348 ], [ -56.338754801822333, -34.870679048710329 ], [ -56.338623062051248, -34.870584411217962 ], [ -56.338345375313153, -34.870808795948115 ], [ -56.338216824313257, -34.870710854254035 ], [ -56.337803503889234, -34.870970377963019 ], [ -56.338131581597032, -34.871211961906511 ], [ -56.33688659970371, -34.872207039313885 ], [ -56.337277230230491, -34.872669602201022 ], [ -56.337365610456025, -34.87272496120778 ], [ -56.337456904864354, -34.872793917166973 ], [ -56.337619581809648, -34.872684751296482 ], [ -56.337686475607811, -34.872671310028899 ], [ -56.337895892941596, -34.872558883388265 ], [ -56.338060028652592, -34.872525862555442 ], [ -56.33817074726457, -34.872471474332222 ], [ -56.338361590241, -34.872225756652597 ], [ -56.338457740950048, -34.872082017312593 ], [ -56.338496588802251, -34.871982953166025 ], [ -56.338545392757744, -34.871759088838324 ], [ -56.338597890520525, -34.871636564336988 ], [ -56.338675029215487, -34.871496001021768 ], [ -56.338764023562369, -34.871385109033255 ], [ -56.338858216848905, -34.871282162543203 ], [ -56.338881139824423, -34.871241734027507 ], [ -56.338904729959573, -34.871202018805761 ], [ -56.338949861102002, -34.871102325876628 ], [ -56.339016854108046, -34.871120595978432 ], [ -56.33918868187375, -34.871257646149274 ], [ -56.33933997299777, -34.871382557955066 ], [ -56.339630392470994, -34.871122602361446 ], [ -56.33930648275269, -34.870755854377542 ], [ -56.339148299879398, -34.870869544891448 ] ] ] } },
{ "type": "Feature", "properties": { "codigo_ai": 1010053, "nombre_ai": "Petirossi Y Mendoza", "nombre_dep": "Montevideo", "nombre_loc": "Montevideo", "fecha_desde": 2004, "footprints_all": 12, "footprints_min6": 12, "footprints_min10": 12, "oai_viviendas": 21.0, "oai_personas": 76.0, "est_dwellings": 11.0, "est_population": 37.0, "meets_definition": true }, "geometry": { "type": "Polygon", "coordinates": [ [ [ -56.160177672291702, -34.805922800368528 ], [ -56.159921456489094, -34.805888291506967 ], [ -56.159643827797744, -34.806694349742926 ], [ -56.159883769043176, -34.806721033371382 ], [ -56.160177672291702, -34.805922800368528 ] ] ] } },
{ "type": "Feature", "properties": { "codigo_ai": 1017034, "nombre_ai": "Playa Del Cerro", "nombre_dep": "Montevideo", "nombre_loc": "Montevideo", "fecha_desde": 1960, "footprints_all": 22, "footprints_min6": 22, "footprints_min10": 21, "oai_viviendas": 24.0, "oai_personas": 61.0, "est_dwellings": 20.0, "est_population": 68.0, "meets_definition": true }, "geometry": { "type": "Polygon", "coordinates": [ [ [ -56.252492197917277, -34.89533505290246 ], [ -56.251946654971995, -34.895255112544433 ], [ -56.251926607902796, -34.895371619308797 ], [ -56.251125474789816, -34.89526192013539 ], [ -56.251027647363912, -34.895668422720135 ], [ -56.251742185704089, -34.895808903089055 ], [ -56.252143076364248, -34.895835910955391 ], [ -56.252200982974053, -34.895556445069154 ], [ -56.252444380371848, -34.895583794930147 ], [ -56.252492197917277, -34.89533505290246 ] ] ] } },
{ "type": "Feature", "properties": { "codigo_ai": 1010048, "nombre_ai": "Polux - Amanecer", "nombre_dep": "Montevideo", "nombre_loc": "Rural", "fecha_desde": 1900, "footprints_all": 70, "footprints_min6": 70, "footprints_min10": 68, "oai_viviendas": 98.0, "oai_personas": 336.0, "est_dwellings": 63.0, "est_population": 214.0, "meets_definition": true }, "geometry": { "type": "Polygon", "coordinates": [ [ [ -56.14505729024539, -34.802422106284446 ], [ -56.144318981015303, -34.80233845870471 ], [ -56.144049904073242, -34.803726904048105 ], [ -56.144768223965578, -34.803826297869755 ], [ -56.14505729024539, -34.802422106284446 ] ] ] } },
{ "type": "Feature", "properties": { "codigo_ai": 1013044, "nombre_ai": "Pompeyo", "nombre_dep": "Montevideo", "nombre_loc": "Montevideo", "fecha_desde": 1990, "footprints_all": 16, "footprints_min6": 16, "footprints_min10": 15, "oai_viviendas": 20.0, "oai_personas": 69.0, "est_dwellings": 14.0, "est_population": 48.0, "meets_definition": true }, "geometry": { "type": "Polygon", "coordinates": [ [ [ -56.201951647523991, -34.833397002644261 ], [ -56.202167329844599, -34.833260456866313 ], [ -56.201674940963379, -34.832687158333734 ], [ -56.201449389324274, -34.832823381473894 ], [ -56.201951647523991, -34.833397002644261 ] ] ] } },
{ "type": "Feature", "properties": { "codigo_ai": 1011021, "nombre_ai": "Popayan", "nombre_dep": "Montevideo", "nombre_loc": "Montevideo", "fecha_desde": 1992, "footprints_all": 16, "footprints_min6": 16, "footprints_min10": 16, "oai_viviendas": 12.0, "oai_personas": 63.0, "est_dwellings": 14.0, "est_population": 48.0, "meets_definition": true }, "geometry": { "type": "Polygon", "coordinates": [ [ [ -56.179626993284465, -34.825160949981495 ], [ -56.179613701288332, -34.82513077387005 ], [ -56.179507224765324, -34.825067854848157 ], [ -56.179010449359069, -34.82475058873321 ], [ -56.178772610100062, -34.824940261002681 ], [ -56.178773096016457, -34.825235335395085 ], [ -56.179544368252067, -34.825247885699291 ], [ -56.179569155575827, -34.825241419677965 ], [ -56.179597176053726, -34.825227050081466 ], [ -56.179611186745007, -34.825212320895112 ], [ -56.179626633365075, -34.82517927086527 ], [ -56.179626993284465, -34.825160949981495 ] ] ] } },
{ "type": "Feature", "properties": { "codigo_ai": 1012016, "nombre_ai": "Pororo", "nombre_dep": "Montevideo", "nombre_loc": "Montevideo", "fecha_desde": 1992, "footprints_all": 12, "footprints_min6": 12, "footprints_min10": 10, "oai_viviendas": 11.0, "oai_personas": 48.0, "est_dwellings": 11.0, "est_population": 37.0, "meets_definition": true }, "geometry": { "type": "Polygon", "coordinates": [ [ [ -56.235576821211318, -34.791540098852103 ], [ -56.235368829209925, -34.791581210539171 ], [ -56.235935786642834, -34.792549517510892 ], [ -56.236471851888169, -34.792327994042303 ], [ -56.235954053682988, -34.791477126018442 ], [ -56.235771231391197, -34.791518795869514 ], [ -56.235576821211318, -34.791540098852103 ] ] ] } },
{ "type": "Feature", "properties": { "codigo_ai": 1009084, "nombre_ai": "Potencia", "nombre_dep": "Montevideo", "nombre_loc": "Montevideo", "fecha_desde": 1980, "footprints_all": 18, "footprints_min6": 18, "footprints_min10": 18, "oai_viviendas": 11.0, "oai_personas": 39.0, "est_dwellings": 16.0, "est_population": 54.0, "meets_definition": true }, "geometry": { "type": "Polygon", "coordinates": [ [ [ -56.140735338074244, -34.829330151799688 ], [ -56.139551074683681, -34.829153302116644 ], [ -56.139540945518569, -34.829781157358411 ], [ -56.139691563130917, -34.829796768482581 ], [ -56.13975153778803, -34.829405813959227 ], [ -56.139758470623043, -34.82936126412735 ], [ -56.140729178779793, -34.829458403397389 ], [ -56.140735338074244, -34.829330151799688 ] ] ] } },
{ "type": "Feature", "properties": { "codigo_ai": 1011059, "nombre_ai": "Proa - Nuevo Ellauri", "nombre_dep": "Montevideo", "nombre_loc": "Montevideo", "fecha_desde": 1995, "footprints_all": 17, "footprints_min6": 17, "footprints_min10": 17, "oai_viviendas": 24.0, "oai_personas": 99.0, "est_dwellings": 15.0, "est_population": 51.0, "meets_definition": true }, "geometry": { "type": "MultiPolygon", "coordinates": [ [ [ [ -56.158070539253018, -34.835139402469672 ], [ -56.158928877225861, -34.834660028495485 ], [ -56.158944608991014, -34.834648322739561 ], [ -56.15894927359485, -34.834633350125571 ], [ -56.158949744431204, -34.834618991452295 ], [ -56.158941731803637, -34.834602712041352 ], [ -56.158926444409282, -34.834588790863904 ], [ -56.158906980023417, -34.834580071766254 ], [ -56.158124287997595, -34.834495936859817 ], [ -56.158073398959665, -34.834807374732833 ], [ -56.158032797298432, -34.834826537813676 ], [ -56.157832602991917, -34.834819436786006 ], [ -56.157864417800397, -34.8349008582436 ], [ -56.158070539253018, -34.835139402469672 ] ] ], [ [ [ -56.157852649384211, -34.835260823145447 ], [ -56.157681198881981, -34.83507499057513 ], [ -56.157641080420433, -34.835051525564985 ], [ -56.157609667102619, -34.835039035420998 ], [ -56.157569926433183, -34.835031844803531 ], [ -56.157518075316418, -34.835040171207424 ], [ -56.157442380583177, -34.835064393232351 ], [ -56.157260468110074, -34.835165363622103 ], [ -56.1574672745284, -34.835454431468072 ], [ -56.157852649384211, -34.835260823145447 ] ] ] ] } },
{ "type": "Feature", "properties": { "codigo_ai": 1014046, "nombre_ai": "Puesta Al Sol", "nombre_dep": "Montevideo", "nombre_loc": "Montevideo", "fecha_desde": 2022, "footprints_all": 32, "footprints_min6": 32, "footprints_min10": 30, "oai_viviendas": 20.0, "oai_personas": 70.0, "est_dwellings": 29.0, "est_population": 99.0, "meets_definition": true }, "geometry": { "type": "Polygon", "coordinates": [ [ [ -56.252434360730696, -34.84778518679569 ], [ -56.2520588887323, -34.847944744298069 ], [ -56.252125106612382, -34.848050976980176 ], [ -56.252169796929394, -34.848093883331202 ], [ -56.252079699057205, -34.848172569703586 ], [ -56.25194397847666, -34.848329730661391 ], [ -56.25223967178453, -34.848411705539391 ], [ -56.252148182992883, -34.848604198297551 ], [ -56.25267390117628, -34.84872823223246 ], [ -56.252607824483675, -34.848326803557654 ], [ -56.252568300507875, -34.848178956675483 ], [ -56.252518530991779, -34.84785691452106 ], [ -56.252459977474281, -34.847833493551519 ], [ -56.252434360730696, -34.84778518679569 ] ] ] } },
{ "type": "Feature", "properties": { "codigo_ai": 1009089, "nombre_ai": "Punta De Rieles Y Delfín", "nombre_dep": "Montevideo", "nombre_loc": "Montevideo", "fecha_desde": 2022, "footprints_all": 37, "footprints_min6": 37, "footprints_min10": 32, "oai_viviendas": 26.0, "oai_personas": 75.0, "est_dwellings": 33.0, "est_population": 112.0, "meets_definition": true }, "geometry": { "type": "Polygon", "coordinates": [ [ [ -56.099192649960131, -34.832383038225657 ], [ -56.098883248407475, -34.831732005094992 ], [ -56.098328903752133, -34.83113254006534 ], [ -56.098393362775745, -34.830977839088234 ], [ -56.098483604434328, -34.830674883615188 ], [ -56.098374024499421, -34.830481507900728 ], [ -56.096917259351216, -34.831506400283537 ], [ -56.097400698611899, -34.831964057107164 ], [ -56.098083961063139, -34.831628871515996 ], [ -56.098909031546285, -34.832660209736318 ], [ -56.099153974628578, -34.832582860137435 ], [ -56.099192649960131, -34.832383038225657 ] ] ] } },
{ "type": "Feature", "properties": { "codigo_ai": 1008007, "nombre_ai": "Punta Del Indio", "nombre_dep": "Montevideo", "nombre_loc": "Montevideo", "fecha_desde": 1985, "footprints_all": 18, "footprints_min6": 18, "footprints_min10": 17, "oai_viviendas": 10.0, "oai_personas": 34.0, "est_dwellings": 16.0, "est_population": 54.0, "meets_definition": true }, "geometry": { "type": "Polygon", "coordinates": [ [ [ -56.092250533862284, -34.864456457735557 ], [ -56.092145218129275, -34.863961987967066 ], [ -56.09206070741692, -34.863659712873798 ], [ -56.092330464197239, -34.863584145992739 ], [ -56.092121490880473, -34.863022896974115 ], [ -56.091865608536551, -34.86305977662802 ], [ -56.091604262191389, -34.862347320248482 ], [ -56.091859749211878, -34.862295356819878 ], [ -56.091787797874048, -34.861881630978168 ], [ -56.091751179607925, -34.861543327776857 ], [ -56.091108109636757, -34.861625818895824 ], [ -56.091402697551494, -34.862719400767389 ], [ -56.092052473701742, -34.864428651333746 ], [ -56.092250533862284, -34.864456457735557 ] ] ] } },
{ "type": "Feature", "properties": { "codigo_ai": 1009016, "nombre_ai": "Quevedo", "nombre_dep": "Montevideo", "nombre_loc": "Montevideo", "fecha_desde": 1978, "footprints_all": 74, "footprints_min6": 74, "footprints_min10": 73, "oai_viviendas": 112.0, "oai_personas": 381.0, "est_dwellings": 67.0, "est_population": 228.0, "meets_definition": true }, "geometry": { "type": "Polygon", "coordinates": [ [ [ -56.127160908063381, -34.843664822378159 ], [ -56.126729461737021, -34.8448368427917 ], [ -56.127564243324443, -34.845091569669833 ], [ -56.127923778167428, -34.844328369556443 ], [ -56.128426961027962, -34.844480536507071 ], [ -56.12856498820927, -34.84417485589556 ], [ -56.128214922775669, -34.844074027038111 ], [ -56.128313160823602, -34.843807728634097 ], [ -56.128079872481358, -34.843741134564198 ], [ -56.128059077655656, -34.8437929224811 ], [ -56.127160908063381, -34.843664822378159 ] ] ] } },
{ "type": "Feature", "properties": { "codigo_ai": 1009094, "nombre_ai": "Rafael Y Petirossi", "nombre_dep": "Montevideo", "nombre_loc": "Montevideo", "fecha_desde": 2019, "footprints_all": 17, "footprints_min6": 17, "footprints_min10": 16, "oai_viviendas": 12.0, "oai_personas": 43.0, "est_dwellings": 15.0, "est_population": 51.0, "meets_definition": true }, "geometry": { "type": "Polygon", "coordinates": [ [ [ -56.129761278800686, -34.817067733543006 ], [ -56.129854933158057, -34.81682759145869 ], [ -56.128897689922297, -34.816369811282122 ], [ -56.128753531307126, -34.816569802847432 ], [ -56.129761278800686, -34.817067733543006 ] ] ] } },
{ "type": "Feature", "properties": { "codigo_ai": 1013010, "nombre_ai": "Ramal La Tablada", "nombre_dep": "Montevideo", "nombre_loc": "Montevideo", "fecha_desde": 1990, "footprints_all": 28, "footprints_min6": 28, "footprints_min10": 26, "oai_viviendas": 38.0, "oai_personas": 116.0, "est_dwellings": 25.0, "est_population": 85.0, "meets_definition": true }, "geometry": { "type": "Polygon", "coordinates": [ [ [ -56.222256955892554, -34.827458396752817 ], [ -56.222356531023067, -34.827455114328465 ], [ -56.222567019157722, -34.827430045830766 ], [ -56.222665299530682, -34.827543248056415 ], [ -56.223179285476597, -34.827247609496496 ], [ -56.223060213755723, -34.827115258989508 ], [ -56.222860269998534, -34.827244326740264 ], [ -56.222490672176093, -34.827353848668793 ], [ -56.222255514394519, -34.827381304037999 ], [ -56.222072328237694, -34.827385618082893 ], [ -56.221849694106893, -34.827386736254809 ], [ -56.221668604541875, -34.827377420667588 ], [ -56.221459197742099, -34.82735543719479 ], [ -56.22136526676384, -34.827340217025629 ], [ -56.221230973849352, -34.827312958980144 ], [ -56.221073603012464, -34.82727953481136 ], [ -56.220898046031955, -34.827218315948159 ], [ -56.220786262075364, -34.827186271745731 ], [ -56.220708572698932, -34.827136341598468 ], [ -56.220617460210519, -34.827190989538998 ], [ -56.220573049323093, -34.827220353344558 ], [ -56.221701092040014, -34.827835306062269 ], [ -56.222256955892554, -34.827458396752817 ] ] ] } },
{ "type": "Feature", "properties": { "codigo_ai": 1017033, "nombre_ai": "Rambla Egipto", "nombre_dep": "Montevideo", "nombre_loc": "Montevideo", "fecha_desde": 1995, "footprints_all": 22, "footprints_min6": 22, "footprints_min10": 21, "oai_viviendas": 20.0, "oai_personas": 73.0, "est_dwellings": 20.0, "est_population": 68.0, "meets_definition": true }, "geometry": { "type": "Polygon", "coordinates": [ [ [ -56.248406116900043, -34.877379168068337 ], [ -56.247860577114828, -34.877298513823796 ], [ -56.24777040052264, -34.877338840596344 ], [ -56.247792804609695, -34.878711651005275 ], [ -56.248119904077875, -34.878757018967264 ], [ -56.248406116900043, -34.877379168068337 ] ] ] } },
{ "type": "Feature", "properties": { "codigo_ai": 1015004, "nombre_ai": "Ramon Marquez", "nombre_dep": "Montevideo", "nombre_loc": "Montevideo", "fecha_desde": 1970, "footprints_all": 14, "footprints_min6": 14, "footprints_min10": 14, "oai_viviendas": 15.0, "oai_personas": 50.0, "est_dwellings": 13.0, "est_population": 44.0, "meets_definition": true }, "geometry": { "type": "Polygon", "coordinates": [ [ [ -56.182328004881121, -34.855307613924239 ], [ -56.182435983666622, -34.85560237806375 ], [ -56.182858515393953, -34.855475265480841 ], [ -56.182818531334398, -34.855397439606293 ], [ -56.183241737969666, -34.855171884341487 ], [ -56.183176945941092, -34.855086546441754 ], [ -56.182770677254375, -34.855304953649409 ], [ -56.182715622344176, -34.855197288190581 ], [ -56.182328004881121, -34.855307613924239 ] ] ] } },
{ "type": "Feature", "properties": { "codigo_ai": 1017067, "nombre_ai": "Rampla", "nombre_dep": "Montevideo", "nombre_loc": "Montevideo", "fecha_desde": 1900, "footprints_all": 31, "footprints_min6": 31, "footprints_min10": 29, "oai_viviendas": 30.0, "oai_personas": 108.0, "est_dwellings": 28.0, "est_population": 95.0, "meets_definition": true }, "geometry": { "type": "Polygon", "coordinates": [ [ [ -56.245549908804421, -34.891599390661959 ], [ -56.245500783644509, -34.891784678640001 ], [ -56.245392333262409, -34.892021278440382 ], [ -56.245273919054704, -34.892268379166282 ], [ -56.24525757020411, -34.892453802890152 ], [ -56.245390511919105, -34.892433852333049 ], [ -56.245697022075525, -34.892407562067618 ], [ -56.245960569836342, -34.892449562382794 ], [ -56.246122161432631, -34.892500220399413 ], [ -56.246223476741449, -34.892554084316913 ], [ -56.246445665025512, -34.89259384058446 ], [ -56.246619485985299, -34.891730087514951 ], [ -56.246227396716826, -34.89167274125257 ], [ -56.24620072376613, -34.891706082447975 ], [ -56.245549908804421, -34.891599390661959 ] ] ] } },
{ "type": "Feature", "properties": { "codigo_ai": 1012033, "nombre_ai": "Recicladores", "nombre_dep": "Montevideo", "nombre_loc": "Rural", "fecha_desde": 1992, "footprints_all": 23, "footprints_min6": 23, "footprints_min10": 20, "oai_viviendas": 26.0, "oai_personas": 89.0, "est_dwellings": 21.0, "est_population": 71.0, "meets_definition": true }, "geometry": { "type": "Polygon", "coordinates": [ [ [ -56.240370587009586, -34.812005292523295 ], [ -56.240208763515945, -34.811774834248197 ], [ -56.240034128281962, -34.811981858138928 ], [ -56.24010956925266, -34.812131989077329 ], [ -56.239923503673616, -34.812228229762617 ], [ -56.2400101200571, -34.812362967454412 ], [ -56.239890564013663, -34.812425793635576 ], [ -56.24030145287454, -34.813078793161651 ], [ -56.240212282178085, -34.813121058417607 ], [ -56.240329961271165, -34.813302480148685 ], [ -56.240253142425374, -34.813640808309877 ], [ -56.240436199333686, -34.813980770660358 ], [ -56.240504028095685, -34.814001201052953 ], [ -56.240749193492391, -34.812812967227167 ], [ -56.241341745851699, -34.812487682528662 ], [ -56.241474501458335, -34.812409164789614 ], [ -56.241668971124632, -34.812249338905772 ], [ -56.241886410705064, -34.811996217062067 ], [ -56.241698254354482, -34.81191648015399 ], [ -56.241370699100692, -34.811945841666613 ], [ -56.2411462470982, -34.811951562264071 ], [ -56.240638401815232, -34.812281821216637 ], [ -56.240639427214283, -34.811911445167802 ], [ -56.240370587009586, -34.812005292523295 ] ] ] } },
{ "type": "Feature", "properties": { "codigo_ai": 1010001, "nombre_ai": "Recicladores Galeano", "nombre_dep": "Montevideo", "nombre_loc": "Rural", "fecha_desde": 1990, "footprints_all": 66, "footprints_min6": 66, "footprints_min10": 63, "oai_viviendas": 34.0, "oai_personas": 117.0, "est_dwellings": 59.0, "est_population": 201.0, "meets_definition": true }, "geometry": { "type": "Polygon", "coordinates": [ [ [ -56.115971236992628, -34.819325051538407 ], [ -56.117605420475542, -34.820130853872229 ], [ -56.118053608221068, -34.819521417188 ], [ -56.117595934201425, -34.819285428908159 ], [ -56.117460063174867, -34.819206766280807 ], [ -56.117766272910643, -34.818753236498061 ], [ -56.117865895271592, -34.818634377239619 ], [ -56.1176871107225, -34.818575598943916 ], [ -56.117810111866675, -34.818364688061799 ], [ -56.117629306801199, -34.818269965455848 ], [ -56.117340877110763, -34.818658510648184 ], [ -56.117165622481401, -34.818589172648515 ], [ -56.116706001938326, -34.819189058545291 ], [ -56.116469618951328, -34.819085201938876 ], [ -56.116590874324679, -34.818908617670161 ], [ -56.11636642531181, -34.818785050859752 ], [ -56.115971236992628, -34.819325051538407 ] ] ] } },
{ "type": "Feature", "properties": { "codigo_ai": 1010014, "nombre_ai": "Regulo", "nombre_dep": "Montevideo", "nombre_loc": "Rural", "fecha_desde": 1993, "footprints_all": 144, "footprints_min6": 144, "footprints_min10": 135, "oai_viviendas": 110.0, "oai_personas": 375.0, "est_dwellings": 130.0, "est_population": 442.0, "meets_definition": true }, "geometry": { "type": "Polygon", "coordinates": [ [ [ -56.157480689347246, -34.780432692245284 ], [ -56.156187287070935, -34.780299940331474 ], [ -56.154545693914429, -34.780192736129379 ], [ -56.154455250028242, -34.780830343021194 ], [ -56.159542890616763, -34.781514113339057 ], [ -56.159665530619968, -34.78081833958916 ], [ -56.159660439499845, -34.780783880419875 ], [ -56.15964918471429, -34.780746578788595 ], [ -56.15963535812309, -34.780725998449121 ], [ -56.159611562053541, -34.780707990484885 ], [ -56.159577475398351, -34.780696413934969 ], [ -56.158626338698383, -34.78059192324352 ], [ -56.157654972008203, -34.780443816651442 ], [ -56.157480689347246, -34.780432692245284 ] ] ] } },
{ "type": "Feature", "properties": { "codigo_ai": 1011038, "nombre_ai": "Rio Guayas 1", "nombre_dep": "Montevideo", "nombre_loc": "Montevideo", "fecha_desde": 1993, "footprints_all": 40, "footprints_min6": 40, "footprints_min10": 40, "oai_viviendas": 50.0, "oai_personas": 189.0, "est_dwellings": 36.0, "est_population": 122.0, "meets_definition": true }, "geometry": { "type": "Polygon", "coordinates": [ [ [ -56.160004591637495, -34.84316168103112 ], [ -56.159878176649066, -34.843056718116216 ], [ -56.160116092605364, -34.842889287966855 ], [ -56.160079697564598, -34.842801512579115 ], [ -56.160113415800339, -34.84277046968694 ], [ -56.160100035619109, -34.842744244151163 ], [ -56.160124120427938, -34.842699285908132 ], [ -56.160059630680514, -34.842637553353647 ], [ -56.159048766191113, -34.843669779338697 ], [ -56.158540041719426, -34.844190436704096 ], [ -56.158532381662084, -34.844197896049387 ], [ -56.158804272756299, -34.844374518265695 ], [ -56.158987851947323, -34.84427496768852 ], [ -56.159283292842495, -34.844176487659624 ], [ -56.159318325176301, -34.844083743962059 ], [ -56.159418780752254, -34.843912021423442 ], [ -56.159780889442793, -34.843350162718536 ], [ -56.159808524369751, -34.843312253573245 ], [ -56.159849182751188, -34.843267111402668 ], [ -56.159883762740989, -34.843235569560264 ], [ -56.159923841106071, -34.84320692057242 ], [ -56.160004591637495, -34.84316168103112 ] ] ] } },
{ "type": "Feature", "properties": { "codigo_ai": 1014017, "nombre_ai": "Rodolfo Rincon", "nombre_dep": "Montevideo", "nombre_loc": "Montevideo", "fecha_desde": 1950, "footprints_all": 80, "footprints_min6": 80, "footprints_min10": 76, "oai_viviendas": 165.0, "oai_personas": 499.0, "est_dwellings": 72.0, "est_population": 245.0, "meets_definition": true }, "geometry": { "type": "MultiPolygon", "coordinates": [ [ [ [ -56.23617732684955, -34.853705076083031 ], [ -56.236344726941084, -34.853614576604791 ], [ -56.236510375729523, -34.853536113116654 ], [ -56.236557311530255, -34.853476408828094 ], [ -56.23653197438572, -34.8534132282076 ], [ -56.236311017874577, -34.853270663910479 ], [ -56.236228069480639, -34.853242257661819 ], [ -56.236065719391924, -34.853211463477706 ], [ -56.235908966097348, -34.853221804554906 ], [ -56.234675161963906, -34.853395275995481 ], [ -56.234648458939823, -34.853423871583963 ], [ -56.234650163844108, -34.853471405699494 ], [ -56.234684278595026, -34.853519878687656 ], [ -56.235186080268534, -34.853461470197288 ], [ -56.23525314764094, -34.853541983405044 ], [ -56.235347138242751, -34.853494197069764 ], [ -56.235364444221474, -34.853515054867302 ], [ -56.235454015382217, -34.853464788836824 ], [ -56.235914269109543, -34.853374090911451 ], [ -56.23617732684955, -34.853705076083031 ] ] ], [ [ [ -56.236761102239178, -34.85339147639457 ], [ -56.236796339162744, -34.853378740457167 ], [ -56.236855338255531, -34.853346616565268 ], [ -56.23623118230681, -34.852444995623294 ], [ -56.235987179512776, -34.852555570696374 ], [ -56.23634038995889, -34.852944868263499 ], [ -56.236680441129302, -34.85339359962078 ], [ -56.236705912879202, -34.853396146391646 ], [ -56.236733507777728, -34.853396571166691 ], [ -56.236761102239178, -34.85339147639457 ] ] ], [ [ [ -56.235886969693127, -34.85252477347877 ], [ -56.236014244562504, -34.85245897701251 ], [ -56.236184611576711, -34.852381440808678 ], [ -56.235796434583762, -34.85182353338709 ], [ -56.235453690418503, -34.852000340874014 ], [ -56.235694036923078, -34.852289050636109 ], [ -56.235886969693127, -34.85252477347877 ] ] ], [ [ [ -56.235396407575408, -34.852008512999689 ], [ -56.234985870201008, -34.852226198833783 ], [ -56.235427040150242, -34.852776745613824 ], [ -56.235837452488397, -34.852552409020042 ], [ -56.235396407575408, -34.852008512999689 ] ] ] ] } },
{ "type": "Feature", "properties": { "codigo_ai": 1014021, "nombre_ai": "Ruben Sassano", "nombre_dep": "Montevideo", "nombre_loc": "Montevideo", "fecha_desde": 1991, "footprints_all": 7, "footprints_min6": 7, "footprints_min10": 7, "oai_viviendas": 15.0, "oai_personas": 63.0, "est_dwellings": 6.0, "est_population": 20.0, "meets_definition": false }, "geometry": { "type": "Polygon", "coordinates": [ [ [ -56.226639301780118, -34.869281291536026 ], [ -56.226822207123533, -34.869115273985607 ], [ -56.225936953287565, -34.868397738077107 ], [ -56.225478009314379, -34.868776785050883 ], [ -56.226082856426238, -34.868999536101747 ], [ -56.226639301780118, -34.869281291536026 ] ] ] } },
{ "type": "Feature", "properties": { "codigo_ai": 1010052, "nombre_ai": "Ruta 102 - Cooperativa Los Chanchos", "nombre_dep": "Montevideo", "nombre_loc": "Rural", "fecha_desde": 2000, "footprints_all": 65, "footprints_min6": 65, "footprints_min10": 59, "oai_viviendas": 39.0, "oai_personas": 140.0, "est_dwellings": 58.0, "est_population": 197.0, "meets_definition": true }, "geometry": { "type": "Polygon", "coordinates": [ [ [ -56.182978972409416, -34.794399089019549 ], [ -56.17949409153357, -34.794051586823016 ], [ -56.179503980293504, -34.795796565980233 ], [ -56.182217396375798, -34.796118294782652 ], [ -56.182321901365725, -34.795405721556861 ], [ -56.182806826430728, -34.795414405251542 ], [ -56.182978972409416, -34.794399089019549 ] ] ] } },
{ "type": "Feature", "properties": { "codigo_ai": 1012039, "nombre_ai": "S/N", "nombre_dep": "Montevideo", "nombre_loc": "Rural", "fecha_desde": 1995, "footprints_all": 67, "footprints_min6": 67, "footprints_min10": 65, "oai_viviendas": 49.0, "oai_personas": 178.0, "est_dwellings": 60.0, "est_population": 204.0, "meets_definition": true }, "geometry": { "type": "Polygon", "coordinates": [ [ [ -56.239407014386501, -34.807110629242572 ], [ -56.238401172647677, -34.807556322479009 ], [ -56.238350770372769, -34.807641376097585 ], [ -56.238405608229918, -34.807710203227643 ], [ -56.23849872352271, -34.807791713951808 ], [ -56.238672229796222, -34.807936198666852 ], [ -56.238748025731653, -34.808003559774129 ], [ -56.238773467186803, -34.808039517293722 ], [ -56.238963709814264, -34.808222495366287 ], [ -56.239055397605206, -34.808291008006499 ], [ -56.239127461708392, -34.808362884924236 ], [ -56.239223449527074, -34.808428682119491 ], [ -56.239341401373061, -34.808465851783758 ], [ -56.23942471498755, -34.808533186422139 ], [ -56.239472636264423, -34.808627682188863 ], [ -56.239546427524907, -34.808704061243937 ], [ -56.23961006030774, -34.808798496434015 ], [ -56.239650514780394, -34.808902029645971 ], [ -56.239667714099319, -34.808987071543775 ], [ -56.239670923756854, -34.809048045931128 ], [ -56.239655679540029, -34.809149133642954 ], [ -56.239636896583583, -34.809196266794004 ], [ -56.239641518709846, -34.809257605293375 ], [ -56.239656618309169, -34.809307602191289 ], [ -56.239648708276185, -34.809415912710172 ], [ -56.239637625969991, -34.809515952441124 ], [ -56.239629968230112, -34.809574058098576 ], [ -56.239646854761368, -34.809635317228533 ], [ -56.239684561679361, -34.809736404851748 ], [ -56.239717642015513, -34.809815564688954 ], [ -56.239786419106395, -34.809855916424844 ], [ -56.239942057439876, -34.809849759476371 ], [ -56.240005256681414, -34.809932850501973 ], [ -56.240075395964055, -34.810013132617897 ], [ -56.240601071788298, -34.809797090251088 ], [ -56.240793232950118, -34.810114478863397 ], [ -56.241232717566803, -34.809885877516578 ], [ -56.241124859795939, -34.809715832920439 ], [ -56.239852228694581, -34.807808219149699 ], [ -56.239445299015017, -34.807186287768864 ], [ -56.239407014386501, -34.807110629242572 ] ] ] } },
{ "type": "Feature", "properties": { "codigo_ai": 1012042, "nombre_ai": "S/N - Pororo 2", "nombre_dep": "Montevideo", "nombre_loc": "Montevideo", "fecha_desde": 2017, "footprints_all": 33, "footprints_min6": 33, "footprints_min10": 27, "oai_viviendas": 30.0, "oai_personas": 90.0, "est_dwellings": 30.0, "est_population": 102.0, "meets_definition": true }, "geometry": { "type": "Polygon", "coordinates": [ [ [ -56.234957684569331, -34.789848984219297 ], [ -56.23533663722003, -34.790448723400431 ], [ -56.235847723461205, -34.790231511946438 ], [ -56.235493157282058, -34.789464882432902 ], [ -56.23538135680176, -34.789270031272011 ], [ -56.235343025438972, -34.78894740771144 ], [ -56.235445242974642, -34.787746355136207 ], [ -56.235239211180023, -34.787179369360842 ], [ -56.233250629447063, -34.787783409668926 ], [ -56.233674599794107, -34.788596441168387 ], [ -56.234494397738011, -34.790034358829352 ], [ -56.234957684569331, -34.789848984219297 ] ] ] } },
{ "type": "Feature", "properties": { "codigo_ai": 1012028, "nombre_ai": "San Bartolo", "nombre_dep": "Montevideo", "nombre_loc": "Montevideo", "fecha_desde": 1982, "footprints_all": 34, "footprints_min6": 34, "footprints_min10": 34, "oai_viviendas": 35.0, "oai_personas": 124.0, "est_dwellings": 31.0, "est_population": 105.0, "meets_definition": true }, "geometry": { "type": "Polygon", "coordinates": [ [ [ -56.218279306664449, -34.760386317406464 ], [ -56.218611330027528, -34.761090529595236 ], [ -56.21872777472997, -34.76134590308385 ], [ -56.218741868915522, -34.761367379422879 ], [ -56.219341765079925, -34.762032617498413 ], [ -56.219734318332691, -34.761783168541285 ], [ -56.21923162951655, -34.761185296963319 ], [ -56.219671039710654, -34.760932766139703 ], [ -56.219457803515333, -34.760745417911586 ], [ -56.219305412370964, -34.760529364476675 ], [ -56.218978594001229, -34.760345032973049 ], [ -56.218588373009858, -34.760210389553542 ], [ -56.218496052454633, -34.760266141101916 ], [ -56.218279306664449, -34.760386317406464 ] ] ] } },
{ "type": "Feature", "properties": { "codigo_ai": 1017004, "nombre_ai": "San Martín", "nombre_dep": "Montevideo", "nombre_loc": "Montevideo", "fecha_desde": 1997, "footprints_all": 751, "footprints_min6": 751, "footprints_min10": 721, "oai_viviendas": 561.0, "oai_personas": 1841.0, "est_dwellings": 676.0, "est_population": 2298.0, "meets_definition": true }, "geometry": { "type": "Polygon", "coordinates": [ [ [ -56.289484147103217, -34.894896365685518 ], [ -56.289543158052162, -34.894857001780231 ], [ -56.289687165148074, -34.894731864612233 ], [ -56.289764530595427, -34.89462550879874 ], [ -56.289798426239166, -34.894381900052885 ], [ -56.289868096027554, -34.894250133373838 ], [ -56.290266424945095, -34.894148658304651 ], [ -56.290455744239551, -34.894115337998137 ], [ -56.290631433654909, -34.894130483704529 ], [ -56.290787433415638, -34.894248618752762 ], [ -56.291013101715073, -34.894581821794176 ], [ -56.291135781268594, -34.894696927886478 ], [ -56.291132752629601, -34.894815063760376 ], [ -56.291105490735909, -34.895027859586882 ], [ -56.291083749040105, -34.895119259864195 ], [ -56.291370696600971, -34.895103705402391 ], [ -56.291413397202142, -34.895104252807393 ], [ -56.291519601350373, -34.895087281718389 ], [ -56.291642775266183, -34.895041703574329 ], [ -56.291701620399344, -34.894994647647174 ], [ -56.291735499973129, -34.894923506941531 ], [ -56.291758942297179, -34.894815583122927 ], [ -56.291855749747867, -34.894062309488262 ], [ -56.291893272200156, -34.893675760906135 ], [ -56.291893144827718, -34.893621860699177 ], [ -56.291817763187545, -34.893199459587692 ], [ -56.29179152026996, -34.893197777348597 ], [ -56.291848791259667, -34.892877423004265 ], [ -56.291897683110861, -34.892525165071547 ], [ -56.291950613476615, -34.89237245959027 ], [ -56.292393456919591, -34.890329106712144 ], [ -56.291954265843707, -34.890215167764893 ], [ -56.291929150075966, -34.890326235336254 ], [ -56.289163241833968, -34.889708539921251 ], [ -56.288909191016863, -34.890804985614331 ], [ -56.288847851165229, -34.890797034155518 ], [ -56.288389697205133, -34.892960581643322 ], [ -56.288285013557932, -34.894034267887378 ], [ -56.288305560964503, -34.894043468672223 ], [ -56.288317880062017, -34.894055123594597 ], [ -56.288322488250337, -34.894216718161793 ], [ -56.288309709699547, -34.894670991855847 ], [ -56.288296942360482, -34.89513587179308 ], [ -56.288317755845718, -34.89593347046732 ], [ -56.288390709840805, -34.895901910332768 ], [ -56.288457757653447, -34.895869385890798 ], [ -56.288532727841087, -34.895867871574509 ], [ -56.288589524351615, -34.895883774271368 ], [ -56.288664116575525, -34.895896269728929 ], [ -56.288776951353725, -34.895887939703051 ], [ -56.288988610531341, -34.89576753207065 ], [ -56.28900396755909, -34.895711053328583 ], [ -56.289007881181711, -34.895642609248391 ], [ -56.289024901849395, -34.895596152202785 ], [ -56.289036578988963, -34.895584036253808 ], [ -56.289044649255956, -34.895537318551931 ], [ -56.288972708114947, -34.895425241247011 ], [ -56.288901523141163, -34.895328310265491 ], [ -56.28892272773215, -34.89515867899037 ], [ -56.289004513374671, -34.895075378959646 ], [ -56.289484147103217, -34.894896365685518 ] ] ] } },
{ "type": "Feature", "properties": { "codigo_ai": 1011012, "nombre_ai": "San Martín", "nombre_dep": "Montevideo", "nombre_loc": "Montevideo", "fecha_desde": 1980, "footprints_all": 107, "footprints_min6": 107, "footprints_min10": 102, "oai_viviendas": 97.0, "oai_personas": 426.0, "est_dwellings": 96.0, "est_population": 326.0, "meets_definition": true }, "geometry": { "type": "Polygon", "coordinates": [ [ [ -56.170909960190912, -34.833163946934206 ], [ -56.16820323083104, -34.832880601108435 ], [ -56.168148033112935, -34.832892223060277 ], [ -56.16812061837669, -34.832921696379657 ], [ -56.168218942521385, -34.83386252461321 ], [ -56.168872503148954, -34.833883870452581 ], [ -56.169610187794554, -34.833935077249357 ], [ -56.169692373099032, -34.833455740816937 ], [ -56.170805441107142, -34.833599717959267 ], [ -56.170909960190912, -34.833163946934206 ] ] ] } },
{ "type": "Feature", "properties": { "codigo_ai": 1017071, "nombre_ai": "San Miguel", "nombre_dep": "Montevideo", "nombre_loc": "Rural", "fecha_desde": 2020, "footprints_all": 410, "footprints_min6": 410, "footprints_min10": 370, "oai_viviendas": 400.0, "oai_personas": 1400.0, "est_dwellings": 369.0, "est_population": 1255.0, "meets_definition": true }, "geometry": { "type": "Polygon", "coordinates": [ [ [ -56.298344782123557, -34.883322759055893 ], [ -56.296832132427099, -34.883562298316484 ], [ -56.296773562053254, -34.883831599861026 ], [ -56.295224690147649, -34.883673446970157 ], [ -56.295128422541431, -34.883529045450445 ], [ -56.294616576835942, -34.883507516187827 ], [ -56.293479592873759, -34.883366289757362 ], [ -56.293694374620259, -34.883850276697345 ], [ -56.293723816336232, -34.883936267911736 ], [ -56.293665214657281, -34.884370813793225 ], [ -56.293554542982605, -34.884741922796373 ], [ -56.293329602642196, -34.885926176350921 ], [ -56.294719282583024, -34.886098701925768 ], [ -56.295521055151461, -34.886197117123082 ], [ -56.296939265389206, -34.886369458070995 ], [ -56.2975876430989, -34.886448714947349 ], [ -56.297810759174681, -34.886450218533632 ], [ -56.29789100244723, -34.886432304601044 ], [ -56.298279094703751, -34.884542796413911 ], [ -56.298088735733756, -34.8845417542788 ], [ -56.298094723451094, -34.884496234863427 ], [ -56.298235095167399, -34.883861297561545 ], [ -56.298344782123557, -34.883322759055893 ] ] ] } },
{ "type": "Feature", "properties": { "codigo_ai": 1011067, "nombre_ai": "San Petersburgo", "nombre_dep": "Montevideo", "nombre_loc": "Montevideo", "fecha_desde": 1900, "footprints_all": 5, "footprints_min6": 5, "footprints_min10": 5, "oai_viviendas": 12.0, "oai_personas": 41.0, "est_dwellings": 4.0, "est_population": 14.0, "meets_definition": false }, "geometry": { "type": "Polygon", "coordinates": [ [ [ -56.15762427832977, -34.850830802144074 ], [ -56.157479661941487, -34.850399210606803 ], [ -56.157606013587561, -34.850319922747872 ], [ -56.157641388579826, -34.850314217236175 ], [ -56.157609782516801, -34.850267486066862 ], [ -56.157614023312306, -34.850227027658981 ], [ -56.157425210792987, -34.850195205995682 ], [ -56.157344878269676, -34.850197017376047 ], [ -56.157264545192596, -34.850212721689125 ], [ -56.157185420912207, -34.850241714137269 ], [ -56.157060844705306, -34.850308305750666 ], [ -56.15710040663911, -34.850417932118098 ], [ -56.157144197834455, -34.85045115244715 ], [ -56.157491197986296, -34.850861876468365 ], [ -56.15762427832977, -34.850830802144074 ] ] ] } },
{ "type": "Feature", "properties": { "codigo_ai": 1010016, "nombre_ai": "San Vicente", "nombre_dep": "Montevideo", "nombre_loc": "Montevideo", "fecha_desde": 1989, "footprints_all": 231, "footprints_min6": 231, "footprints_min10": 220, "oai_viviendas": 227.0, "oai_personas": 756.0, "est_dwellings": 208.0, "est_population": 707.0, "meets_definition": true }, "geometry": { "type": "Polygon", "coordinates": [ [ [ -56.134932363907694, -34.785780655588482 ], [ -56.13521270178363, -34.784670254962307 ], [ -56.135059619579458, -34.784647704954708 ], [ -56.135352214697996, -34.783553000883614 ], [ -56.134902515749943, -34.783502846634363 ], [ -56.134887592956176, -34.783592516020576 ], [ -56.1340752253125, -34.783483141407999 ], [ -56.133808799970865, -34.784504882990817 ], [ -56.132377191119851, -34.784303773331118 ], [ -56.132119414647327, -34.785242683736804 ], [ -56.132862918266035, -34.785438317455956 ], [ -56.133808417221168, -34.785621020466287 ], [ -56.13458481041576, -34.785734970929077 ], [ -56.134932363907694, -34.785780655588482 ] ] ] } },
{ "type": "Feature", "properties": { "codigo_ai": 1017003, "nombre_ai": "Santa Catalina", "nombre_dep": "Montevideo", "nombre_loc": "Montevideo", "fecha_desde": 1979, "footprints_all": 1474, "footprints_min6": 1474, "footprints_min10": 1406, "oai_viviendas": 1192.0, "oai_personas": 3656.0, "est_dwellings": 1327.0, "est_population": 4512.0, "meets_definition": true }, "geometry": { "type": "Polygon", "coordinates": [ [ [ -56.291212063872365, -34.895267472603187 ], [ -56.291201722088289, -34.895497612793655 ], [ -56.291480470774353, -34.895632522580215 ], [ -56.292014848980372, -34.895762462706713 ], [ -56.292596329777133, -34.895791699165926 ], [ -56.293233035154394, -34.895483091325055 ], [ -56.293080355267513, -34.895229709320454 ], [ -56.292979652094736, -34.89500231450252 ], [ -56.293145325198644, -34.894839888912536 ], [ -56.293574126731777, -34.894833392328529 ], [ -56.29389572877961, -34.894605997293667 ], [ -56.294022420144117, -34.894407839075654 ], [ -56.294352142048545, -34.894232420037383 ], [ -56.294443100047353, -34.894005026125711 ], [ -56.294594154868186, -34.893694793941215 ], [ -56.294970980189781, -34.893504757052092 ], [ -56.295164266457867, -34.893428417935297 ], [ -56.295288115010337, -34.893355732875037 ], [ -56.295313030562248, -34.89326411032561 ], [ -56.295271882115244, -34.893241725127034 ], [ -56.295257792637564, -34.893228256264223 ], [ -56.295245070145093, -34.893214781799259 ], [ -56.295229197278161, -34.893187798190873 ], [ -56.295218795600263, -34.893160794903686 ], [ -56.295218357468471, -34.893142769360324 ], [ -56.295224756390226, -34.893124719434994 ], [ -56.295246421679067, -34.893084080255711 ], [ -56.295266852802257, -34.893047755939044 ], [ -56.295271822499281, -34.893038920683615 ], [ -56.295285402114899, -34.893020843853265 ], [ -56.295300348686204, -34.893002763223464 ], [ -56.295318006396506, -34.892980165280356 ], [ -56.295328119122971, -34.892953087954623 ], [ -56.295338230748307, -34.892926010621494 ], [ -56.295347756125338, -34.892916961910203 ], [ -56.295357280398207, -34.892907914093477 ], [ -56.295382190469255, -34.892898810283924 ], [ -56.295389274460696, -34.892880758007848 ], [ -56.295387444332079, -34.892858230141293 ], [ -56.29538993816157, -34.89281315327144 ], [ -56.29541494845153, -34.89275898125306 ], [ -56.29542611051982, -34.892736406959443 ], [ -56.295437956611394, -34.892713830317241 ], [ -56.295448385731746, -34.892682245230191 ], [ -56.29544181737144, -34.892668748743745 ], [ -56.295422964753818, -34.892659803354654 ], [ -56.295393489603356, -34.89264638960325 ], [ -56.295377738480859, -34.892641940207959 ], [ -56.295366041557116, -34.892628461780625 ], [ -56.295350559118454, -34.892610490599012 ], [ -56.295339863799178, -34.892592502079616 ], [ -56.295327458957033, -34.892574519880235 ], [ -56.295309536279142, -34.892547544235342 ], [ -56.295299523910387, -34.892529553359395 ], [ -56.295301749088715, -34.89249799827229 ], [ -56.295302758836421, -34.892493174426029 ], [ -56.295315032327522, -34.892432849980459 ], [ -56.296468839800248, -34.892394064192757 ], [ -56.296815111679187, -34.892549699368182 ], [ -56.297215082964328, -34.890159821404794 ], [ -56.297519629444487, -34.888296402744231 ], [ -56.297703168756783, -34.888311020852271 ], [ -56.297740526725441, -34.887869224939323 ], [ -56.29759596858063, -34.887830242663497 ], [ -56.29784427618069, -34.886493080542699 ], [ -56.297719541792056, -34.886516120800238 ], [ -56.297587599983494, -34.886516665121285 ], [ -56.297543926030421, -34.886508203345208 ], [ -56.293326546033981, -34.885992151318355 ], [ -56.292558227932162, -34.889872351487483 ], [ -56.292441656234466, -34.890354707133859 ], [ -56.291902540216896, -34.892851665126166 ], [ -56.29186591025065, -34.893132481395561 ], [ -56.2918685527656, -34.893165190132258 ], [ -56.291937888922916, -34.893674080274202 ], [ -56.291938223340061, -34.893697987243065 ], [ -56.291901385702921, -34.894135354450626 ], [ -56.291905331183436, -34.8941824110779 ], [ -56.291803682006517, -34.894945654074895 ], [ -56.291776845198108, -34.894997289809766 ], [ -56.291667840345006, -34.895057758063423 ], [ -56.291556280349809, -34.895102610395426 ], [ -56.291451718761465, -34.895121770586428 ], [ -56.291372886453686, -34.895126150648721 ], [ -56.291103239561849, -34.895144029695039 ], [ -56.291212063872365, -34.895267472603187 ] ], [ [ -56.294521335606049, -34.890918885436498 ], [ -56.294515908306103, -34.891190316313597 ], [ -56.294475988429895, -34.891256200847785 ], [ -56.294522379554799, -34.891677171641817 ], [ -56.294521038090288, -34.891705560438872 ], [ -56.294515880713341, -34.89186360129694 ], [ -56.294521342201762, -34.891886084427234 ], [ -56.294443624810647, -34.891868859254252 ], [ -56.294415078377561, -34.89180383526444 ], [ -56.294277409929869, -34.891337001552564 ], [ -56.294226836824151, -34.89124907988564 ], [ -56.294111053452461, -34.891015016536656 ], [ -56.294024939466169, -34.890926815352024 ], [ -56.294056821176383, -34.890761913286596 ], [ -56.294521335606049, -34.890918885436498 ] ], [ [ -56.293449691434176, -34.892446782696204 ], [ -56.292656007618334, -34.892279168942657 ], [ -56.292826866925637, -34.891597546883091 ], [ -56.29353567939539, -34.891749022052124 ], [ -56.293468524645164, -34.892001234246543 ], [ -56.293630290170348, -34.892037760500727 ], [ -56.293509412124912, -34.892460361888681 ], [ -56.293449691434176, -34.892446782696204 ] ] ] } },
{ "type": "Feature", "properties": { "codigo_ai": 1011004, "nombre_ai": "Santa Maria", "nombre_dep": "Montevideo", "nombre_loc": "Montevideo", "fecha_desde": 1960, "footprints_all": 88, "footprints_min6": 88, "footprints_min10": 87, "oai_viviendas": 73.0, "oai_personas": 292.0, "est_dwellings": 79.0, "est_population": 269.0, "meets_definition": true }, "geometry": { "type": "Polygon", "coordinates": [ [ [ -56.154746853402933, -34.834718489487038 ], [ -56.15332261866898, -34.835520852391546 ], [ -56.153949311176575, -34.836300859249803 ], [ -56.155408652087182, -34.835516676528712 ], [ -56.154746853402933, -34.834718489487038 ] ] ] } },
{ "type": "Feature", "properties": { "codigo_ai": 1009041, "nombre_ai": "Santa Teresa", "nombre_dep": "Montevideo", "nombre_loc": "Montevideo", "fecha_desde": 1969, "footprints_all": 162, "footprints_min6": 162, "footprints_min10": 154, "oai_viviendas": 130.0, "oai_personas": 475.0, "est_dwellings": 146.0, "est_population": 496.0, "meets_definition": true }, "geometry": { "type": "Polygon", "coordinates": [ [ [ -56.110006964600714, -34.829227778909527 ], [ -56.110096465235358, -34.829192550160094 ], [ -56.11016755423249, -34.829155025220643 ], [ -56.110467160193743, -34.829025678086623 ], [ -56.110619768965122, -34.828962725868443 ], [ -56.110876882516834, -34.828893398295556 ], [ -56.111141636294533, -34.828866404585391 ], [ -56.111422547057778, -34.8288740294661 ], [ -56.111695513931643, -34.828920690265598 ], [ -56.111966732494324, -34.829003514262816 ], [ -56.112280273070439, -34.829145356443078 ], [ -56.112490218611249, -34.828552262075185 ], [ -56.112452084191261, -34.828493678788519 ], [ -56.111800887974859, -34.82815053139354 ], [ -56.111380897361961, -34.827993370944952 ], [ -56.111199787204121, -34.827938829479628 ], [ -56.111096533275109, -34.827919261328489 ], [ -56.110760959724438, -34.827892615407102 ], [ -56.110689764057689, -34.827873463391711 ], [ -56.110547374810359, -34.827809346281171 ], [ -56.110497413273336, -34.827875545009825 ], [ -56.110173280298099, -34.828037002982299 ], [ -56.108919452747621, -34.828585416467426 ], [ -56.109149002670378, -34.82886465690946 ], [ -56.109416489579615, -34.829244753769999 ], [ -56.109550574905384, -34.829494248864755 ], [ -56.110152343925172, -34.829306082021127 ], [ -56.110006964600714, -34.829227778909527 ] ] ] } },
{ "type": "Feature", "properties": { "codigo_ai": 1018018, "nombre_ai": "Santiago Vazquez", "nombre_dep": "Montevideo", "nombre_loc": "Montevideo", "fecha_desde": 1900, "footprints_all": 23, "footprints_min6": 23, "footprints_min10": 22, "oai_viviendas": 14.0, "oai_personas": 48.0, "est_dwellings": 21.0, "est_population": 71.0, "meets_definition": true }, "geometry": { "type": "Polygon", "coordinates": [ [ [ -56.35404288099253, -34.786869307311683 ], [ -56.353602486136317, -34.786666148427258 ], [ -56.353074215593516, -34.787433681969297 ], [ -56.353572759952222, -34.78765017744589 ], [ -56.35380077170317, -34.787305551360049 ], [ -56.353769718420899, -34.787281925523565 ], [ -56.35404288099253, -34.786869307311683 ] ] ] } },
{ "type": "Feature", "properties": { "codigo_ai": 1009048, "nombre_ai": "Santo Domingo De Guzman", "nombre_dep": "Montevideo", "nombre_loc": "Rural", "fecha_desde": 1991, "footprints_all": 473, "footprints_min6": 473, "footprints_min10": 452, "oai_viviendas": 423.0, "oai_personas": 1552.0, "est_dwellings": 426.0, "est_population": 1448.0, "meets_definition": true }, "geometry": { "type": "Polygon", "coordinates": [ [ [ -56.117665824812036, -34.821170026500774 ], [ -56.117335089677482, -34.820990447720945 ], [ -56.116906167220165, -34.821465880432932 ], [ -56.117205896589361, -34.821597657251608 ], [ -56.116460004528996, -34.822905983802571 ], [ -56.118010723582778, -34.823631805007714 ], [ -56.118421235674077, -34.823852060143238 ], [ -56.118685055670184, -34.82396919410413 ], [ -56.119855856692368, -34.824502789594646 ], [ -56.119919789894006, -34.824415538738826 ], [ -56.119897808770737, -34.824401530910229 ], [ -56.120141936497753, -34.824027303829553 ], [ -56.120166699617485, -34.823994507442542 ], [ -56.12098754141342, -34.822780769268967 ], [ -56.121419341931031, -34.822111338585053 ], [ -56.118181307481954, -34.820473673391426 ], [ -56.117665824812036, -34.821170026500774 ] ] ] } },
{ "type": "Feature", "properties": { "codigo_ai": 1009012, "nombre_ai": "Santos Dumont", "nombre_dep": "Montevideo", "nombre_loc": "Montevideo", "fecha_desde": 1994, "footprints_all": 9, "footprints_min6": 9, "footprints_min10": 9, "oai_viviendas": 11.0, "oai_personas": 40.0, "est_dwellings": 8.0, "est_population": 27.0, "meets_definition": false }, "geometry": { "type": "Polygon", "coordinates": [ [ [ -56.088030374480269, -34.802556377890497 ], [ -56.088362070403946, -34.802134722959622 ], [ -56.087943527110497, -34.801880344026493 ], [ -56.087819717196481, -34.801818650027926 ], [ -56.087138132337962, -34.801445532708549 ], [ -56.08712714657841, -34.801575257533884 ], [ -56.087634214518303, -34.802090776793271 ], [ -56.088030374480269, -34.802556377890497 ] ] ] } },
{ "type": "Feature", "properties": { "codigo_ai": 1011058, "nombre_ai": "Santuario", "nombre_dep": "Montevideo", "nombre_loc": "Montevideo", "fecha_desde": 1900, "footprints_all": 13, "footprints_min6": 13, "footprints_min10": 13, "oai_viviendas": 13.0, "oai_personas": 46.0, "est_dwellings": 12.0, "est_population": 41.0, "meets_definition": true }, "geometry": { "type": "Polygon", "coordinates": [ [ [ -56.169329199387505, -34.856378670924229 ], [ -56.169402760602473, -34.856597268165388 ], [ -56.169429573462239, -34.856617327279928 ], [ -56.169455158593934, -34.856626538279073 ], [ -56.169481562415598, -34.856626128871135 ], [ -56.170316664307954, -34.856445803647752 ], [ -56.170351255198298, -34.856420423224122 ], [ -56.170357600536363, -34.856382557680774 ], [ -56.170287445994774, -34.856162942734549 ], [ -56.169329199387505, -34.856378670924229 ] ] ] } },
{ "type": "Feature", "properties": { "codigo_ai": 1014006, "nombre_ai": "Seprovide", "nombre_dep": "Montevideo", "nombre_loc": "Montevideo", "fecha_desde": 1985, "footprints_all": 69, "footprints_min6": 69, "footprints_min10": 65, "oai_viviendas": 70.0, "oai_personas": 268.0, "est_dwellings": 62.0, "est_population": 211.0, "meets_definition": true }, "geometry": { "type": "MultiPolygon", "coordinates": [ [ [ [ -56.242545944549178, -34.836976506478493 ], [ -56.241999971832207, -34.837325439060777 ], [ -56.242709980630622, -34.837990472113255 ], [ -56.243312717062089, -34.837618811262125 ], [ -56.242998600048203, -34.837155133095891 ], [ -56.24277486716629, -34.837075692176974 ], [ -56.242620848445263, -34.836980037894691 ], [ -56.242578696085978, -34.836933832640966 ], [ -56.242545944549178, -34.836976506478493 ] ] ], [ [ [ -56.241962063950872, -34.837348578657604 ], [ -56.241512220864308, -34.837625143676824 ], [ -56.242147217167421, -34.838338426937192 ], [ -56.242661139798706, -34.838020098612063 ], [ -56.241962063950872, -34.837348578657604 ] ] ] ] } },
{ "type": "Feature", "properties": { "codigo_ai": 1008012, "nombre_ai": "Servando Gomez - Santa Maria Eugenia - Bañados De Carrasco", "nombre_dep": "Montevideo", "nombre_loc": "Rural", "fecha_desde": 1970, "footprints_all": 338, "footprints_min6": 338, "footprints_min10": 313, "oai_viviendas": 137.0, "oai_personas": 476.0, "est_dwellings": 304.0, "est_population": 1034.0, "meets_definition": true }, "geometry": { "type": "Polygon", "coordinates": [ [ [ -56.06091345441812, -34.848663356824154 ], [ -56.061147160748469, -34.850276020185191 ], [ -56.062216061372943, -34.85014021580556 ], [ -56.062133152351173, -34.849654778875362 ], [ -56.062914332785496, -34.849538823358465 ], [ -56.065222505867204, -34.84936455862897 ], [ -56.065373833059098, -34.84825392220597 ], [ -56.065538866155151, -34.847610629337339 ], [ -56.0656264342485, -34.846421716825432 ], [ -56.06534316471285, -34.845489593906294 ], [ -56.064733198985266, -34.845073224127091 ], [ -56.059243790570378, -34.846390639058924 ], [ -56.059278590157341, -34.846952505804708 ], [ -56.060526189527067, -34.846774611377441 ], [ -56.060696112544029, -34.847884958342675 ], [ -56.060746493924967, -34.847935885483572 ], [ -56.060795100991115, -34.848279180315252 ], [ -56.059004886518267, -34.848469705436514 ], [ -56.059049304978494, -34.84885229626542 ], [ -56.06091345441812, -34.848663356824154 ] ] ] } },
{ "type": "Feature", "properties": { "codigo_ai": 1009077, "nombre_ai": "Siete Cerros", "nombre_dep": "Montevideo", "nombre_loc": "Rural", "fecha_desde": 2005, "footprints_all": 51, "footprints_min6": 51, "footprints_min10": 48, "oai_viviendas": 43.0, "oai_personas": 148.0, "est_dwellings": 46.0, "est_population": 156.0, "meets_definition": true }, "geometry": { "type": "Polygon", "coordinates": [ [ [ -56.083532486063476, -34.808198218204204 ], [ -56.082953127360206, -34.807865825725408 ], [ -56.080557061495526, -34.81104691195798 ], [ -56.080990648579565, -34.811354759046175 ], [ -56.083532486063476, -34.808198218204204 ] ] ] } },
{ "type": "Feature", "properties": { "codigo_ai": 1011010, "nombre_ai": "Simon Del Pino", "nombre_dep": "Montevideo", "nombre_loc": "Montevideo", "fecha_desde": 1980, "footprints_all": 208, "footprints_min6": 208, "footprints_min10": 195, "oai_viviendas": 221.0, "oai_personas": 894.0, "est_dwellings": 187.0, "est_population": 636.0, "meets_definition": true }, "geometry": { "type": "Polygon", "coordinates": [ [ [ -56.16828934629028, -34.835489589770063 ], [ -56.1681242599877, -34.833781508171938 ], [ -56.168025684313569, -34.832869060268898 ], [ -56.165906376074368, -34.832660705666505 ], [ -56.165513862587943, -34.835199704424788 ], [ -56.16828934629028, -34.835489589770063 ] ] ] } },
{ "type": "Feature", "properties": { "codigo_ai": 1015011, "nombre_ai": "Solis", "nombre_dep": "Montevideo", "nombre_loc": "Montevideo", "fecha_desde": 1960, "footprints_all": 14, "footprints_min6": 14, "footprints_min10": 14, "oai_viviendas": 16.0, "oai_personas": 49.0, "est_dwellings": 13.0, "est_population": 44.0, "meets_definition": true }, "geometry": { "type": "Polygon", "coordinates": [ [ [ -56.199792307831828, -34.85380092905595 ], [ -56.199331082775196, -34.853900071685679 ], [ -56.19953170043788, -34.854729674736326 ], [ -56.199786334484976, -34.85467289372103 ], [ -56.199677464622873, -34.854340731072675 ], [ -56.199968558290934, -34.854273418367832 ], [ -56.199792307831828, -34.85380092905595 ] ] ] } },
{ "type": "Feature", "properties": { "codigo_ai": 1011042, "nombre_ai": "Sudamerica", "nombre_dep": "Montevideo", "nombre_loc": "Montevideo", "fecha_desde": 1990, "footprints_all": 45, "footprints_min6": 45, "footprints_min10": 42, "oai_viviendas": 42.0, "oai_personas": 167.0, "est_dwellings": 40.0, "est_population": 136.0, "meets_definition": true }, "geometry": { "type": "Polygon", "coordinates": [ [ [ -56.160701367564315, -34.862742947104294 ], [ -56.163411773512337, -34.861209955413095 ], [ -56.163252735477492, -34.861024693394647 ], [ -56.163183969033931, -34.861064847692134 ], [ -56.161952209020825, -34.861758633144802 ], [ -56.160908042903152, -34.862264050283635 ], [ -56.160350864972045, -34.862505236970613 ], [ -56.160701367564315, -34.862742947104294 ] ] ] } },
{ "type": "Feature", "properties": { "codigo_ai": 1009053, "nombre_ai": "Suitex", "nombre_dep": "Montevideo", "nombre_loc": "Montevideo", "fecha_desde": 1994, "footprints_all": 56, "footprints_min6": 56, "footprints_min10": 55, "oai_viviendas": 61.0, "oai_personas": 235.0, "est_dwellings": 50.0, "est_population": 170.0, "meets_definition": true }, "geometry": { "type": "Polygon", "coordinates": [ [ [ -56.124876391202747, -34.856308617184432 ], [ -56.124723001132594, -34.85627009061561 ], [ -56.124578685580282, -34.856396018833301 ], [ -56.124530742366474, -34.856477695840653 ], [ -56.124533891526738, -34.856612046328465 ], [ -56.124472861669567, -34.856603477871687 ], [ -56.124179627685429, -34.856494570129428 ], [ -56.124100444524267, -34.856596306354966 ], [ -56.124404955982669, -34.85671522983268 ], [ -56.126163895466441, -34.857621498479176 ], [ -56.126578978871073, -34.856979154670782 ], [ -56.126120837250681, -34.856755518670724 ], [ -56.126024496480667, -34.856879635506552 ], [ -56.124876391202747, -34.856308617184432 ] ] ] } },
{ "type": "Feature", "properties": { "codigo_ai": 1009030, "nombre_ai": "Sunca - Schettino", "nombre_dep": "Montevideo", "nombre_loc": "Montevideo", "fecha_desde": 1993, "footprints_all": 124, "footprints_min6": 124, "footprints_min10": 117, "oai_viviendas": 79.0, "oai_personas": 233.0, "est_dwellings": 112.0, "est_population": 381.0, "meets_definition": true }, "geometry": { "type": "Polygon", "coordinates": [ [ [ -56.104724957819656, -34.836195985375902 ], [ -56.10294771516805, -34.836722065773031 ], [ -56.103775156275937, -34.838393888836983 ], [ -56.103779259330551, -34.83842853826922 ], [ -56.103738240388992, -34.838442916190054 ], [ -56.103707792818987, -34.838461945566074 ], [ -56.103686982382051, -34.838495737827962 ], [ -56.103676500614526, -34.838525799095258 ], [ -56.10367354073486, -34.838577390478221 ], [ -56.103685381223784, -34.83862982673422 ], [ -56.103703142138293, -34.838677189299759 ], [ -56.103887413730718, -34.838627997846551 ], [ -56.10389802743164, -34.838604729359837 ], [ -56.105584097813029, -34.838103945772403 ], [ -56.104724957819656, -34.836195985375902 ] ] ] } },
{ "type": "Feature", "properties": { "codigo_ai": 1013047, "nombre_ai": "Suppici Sedes - 31 De Agosto", "nombre_dep": "Montevideo", "nombre_loc": "Montevideo", "fecha_desde": 2016, "footprints_all": 44, "footprints_min6": 44, "footprints_min10": 41, "oai_viviendas": 70.0, "oai_personas": 210.0, "est_dwellings": 40.0, "est_population": 136.0, "meets_definition": true }, "geometry": { "type": "Polygon", "coordinates": [ [ [ -56.229236761306737, -34.825086953910194 ], [ -56.228729377521908, -34.824511959381098 ], [ -56.228595825697255, -34.824569746595252 ], [ -56.227812369426445, -34.825021511234901 ], [ -56.227787920480303, -34.825055739453845 ], [ -56.22778384577871, -34.825082361853568 ], [ -56.227788463515729, -34.825110613867473 ], [ -56.227800959531407, -34.825136693093832 ], [ -56.228019371598144, -34.825385122993637 ], [ -56.228136726857223, -34.825403052093513 ], [ -56.228916380729409, -34.82493403804196 ], [ -56.228952646508723, -34.824981849184454 ], [ -56.228202059942106, -34.825419487819786 ], [ -56.228151260635258, -34.825496366329446 ], [ -56.228152619012889, -34.82554064594185 ], [ -56.228818719761279, -34.82629286188039 ], [ -56.228874952756136, -34.826308889687695 ], [ -56.229116171556846, -34.826166512207713 ], [ -56.228546009545248, -34.825489980750987 ], [ -56.229236761306737, -34.825086953910194 ] ] ] } },
{ "type": "Feature", "properties": { "codigo_ai": 1011079, "nombre_ai": "Teniente Galeano Y Hector Castro", "nombre_dep": "Montevideo", "nombre_loc": "Montevideo", "fecha_desde": 2016, "footprints_all": 28, "footprints_min6": 28, "footprints_min10": 25, "oai_viviendas": 19.0, "oai_personas": 68.0, "est_dwellings": 25.0, "est_population": 85.0, "meets_definition": true }, "geometry": { "type": "Polygon", "coordinates": [ [ [ -56.159899965448368, -34.828631915696661 ], [ -56.159776992574265, -34.829312250111272 ], [ -56.160511148954129, -34.829416842217078 ], [ -56.160595771396849, -34.828713460063319 ], [ -56.159899965448368, -34.828631915696661 ] ] ] } },
{ "type": "Feature", "properties": { "codigo_ai": 1011049, "nombre_ai": "Tercer Milenio", "nombre_dep": "Montevideo", "nombre_loc": "Rural", "fecha_desde": 1999, "footprints_all": 130, "footprints_min6": 130, "footprints_min10": 123, "oai_viviendas": 115.0, "oai_personas": 403.0, "est_dwellings": 117.0, "est_population": 398.0, "meets_definition": true }, "geometry": { "type": "Polygon", "coordinates": [ [ [ -56.174730277952122, -34.818681564110506 ], [ -56.175255601733163, -34.81920166174401 ], [ -56.175844937452752, -34.819723417102011 ], [ -56.175908893039015, -34.81974368855235 ], [ -56.176928803555064, -34.819710887129936 ], [ -56.176963360644962, -34.819651076852182 ], [ -56.176891587926484, -34.818990501693413 ], [ -56.176768330769278, -34.818990106017758 ], [ -56.176740345230101, -34.818603607404889 ], [ -56.176643517734909, -34.817738800842129 ], [ -56.174754546664261, -34.818560505335924 ], [ -56.174722568827299, -34.818603332913014 ], [ -56.174712290190641, -34.818638023400652 ], [ -56.174730277952122, -34.818681564110506 ] ] ] } },
{ "type": "Feature", "properties": { "codigo_ai": 1012030, "nombre_ai": "Torre 8", "nombre_dep": "Montevideo", "nombre_loc": "Montevideo", "fecha_desde": 2001, "footprints_all": 296, "footprints_min6": 296, "footprints_min10": 277, "oai_viviendas": 188.0, "oai_personas": 776.0, "est_dwellings": 266.0, "est_population": 904.0, "meets_definition": true }, "geometry": { "type": "Polygon", "coordinates": [ [ [ -56.238209636295728, -34.813179295926503 ], [ -56.238766827291379, -34.812826142386498 ], [ -56.238722895925335, -34.812749994796768 ], [ -56.238847998099075, -34.812643729583698 ], [ -56.239248595067458, -34.812381912872972 ], [ -56.239076244744453, -34.812202394465125 ], [ -56.238909212403229, -34.81210666848456 ], [ -56.238861249931354, -34.81200652465845 ], [ -56.238845935338098, -34.811955298163156 ], [ -56.238951347330428, -34.811849502096443 ], [ -56.239318894017892, -34.811645501110753 ], [ -56.239074704362743, -34.811016522621337 ], [ -56.240070270804708, -34.81044122997065 ], [ -56.239767122938098, -34.810027846023644 ], [ -56.238785434292552, -34.810766547005798 ], [ -56.238154494513779, -34.81130967398181 ], [ -56.237962491197848, -34.811510244176759 ], [ -56.237957790484984, -34.811569197824269 ], [ -56.237074456016828, -34.812276503922959 ], [ -56.23694634391196, -34.812396573970275 ], [ -56.236811030421158, -34.812603701763948 ], [ -56.236714430698804, -34.812711364624406 ], [ -56.236681666359125, -34.812660729965074 ], [ -56.236437867030354, -34.812515632769973 ], [ -56.236397423597765, -34.81250881067028 ], [ -56.236362825911755, -34.812516607344911 ], [ -56.234656287510582, -34.813927894677533 ], [ -56.234923009961349, -34.814090648709254 ], [ -56.235552538066592, -34.813577363442775 ], [ -56.235748762591427, -34.813697441386971 ], [ -56.236147071118694, -34.813375280476706 ], [ -56.236583453132049, -34.813788232308966 ], [ -56.236273007294223, -34.814098678820891 ], [ -56.236548308681947, -34.814322726881471 ], [ -56.236560023669831, -34.814423768622746 ], [ -56.236631114439689, -34.814731305246312 ], [ -56.236822760642781, -34.814979229000457 ], [ -56.237032410096184, -34.814842220827622 ], [ -56.238667555274311, -34.813966139922655 ], [ -56.238208938788006, -34.813264344048349 ], [ -56.238174015705795, -34.813234185698391 ], [ -56.237908590865445, -34.813136357108249 ], [ -56.237745992720875, -34.813012964757085 ], [ -56.237678112871706, -34.812934972394174 ], [ -56.238129133721202, -34.812627898464086 ], [ -56.238175341473735, -34.812687583851229 ], [ -56.238177785225005, -34.813035379266104 ], [ -56.238209636295728, -34.813179295926503 ] ] ] } },
{ "type": "Feature", "properties": { "codigo_ai": 1013019, "nombre_ai": "Trebol Y Arregui", "nombre_dep": "Montevideo", "nombre_loc": "Montevideo", "fecha_desde": 1990, "footprints_all": 24, "footprints_min6": 24, "footprints_min10": 24, "oai_viviendas": 28.0, "oai_personas": 94.0, "est_dwellings": 22.0, "est_population": 75.0, "meets_definition": true }, "geometry": { "type": "Polygon", "coordinates": [ [ [ -56.249560674625243, -34.821779576541282 ], [ -56.24952070456311, -34.821765151883355 ], [ -56.249382601174347, -34.82196452305503 ], [ -56.248898095634438, -34.822766279371528 ], [ -56.248810686702569, -34.82288323776892 ], [ -56.248753876078482, -34.822940159410898 ], [ -56.248822162124036, -34.823099987615187 ], [ -56.248987762863976, -34.823063188142605 ], [ -56.249774017770363, -34.822972472295909 ], [ -56.249980586732974, -34.822929005910915 ], [ -56.249560674625243, -34.821779576541282 ] ] ] } },
{ "type": "Feature", "properties": { "codigo_ai": 1014027, "nombre_ai": "Tres Ombues", "nombre_dep": "Montevideo", "nombre_loc": "Montevideo", "fecha_desde": 1975, "footprints_all": 77, "footprints_min6": 77, "footprints_min10": 75, "oai_viviendas": 61.0, "oai_personas": 180.0, "est_dwellings": 69.0, "est_population": 235.0, "meets_definition": true }, "geometry": { "type": "Polygon", "coordinates": [ [ [ -56.245195803209938, -34.85341916206773 ], [ -56.24470159340661, -34.853693740866134 ], [ -56.245313669070782, -34.854406046513702 ], [ -56.246519043519875, -34.855889016236297 ], [ -56.246875019776269, -34.855541587539768 ], [ -56.246888824228733, -34.855485380204115 ], [ -56.246882250577684, -34.855442322064327 ], [ -56.246448561319426, -34.854915967202388 ], [ -56.245195803209938, -34.85341916206773 ] ] ] } },
{ "type": "Feature", "properties": { "codigo_ai": 1008011, "nombre_ai": "Usina 5 - Felipe Cardoso", "nombre_dep": "Montevideo", "nombre_loc": "Montevideo", "fecha_desde": 1990, "footprints_all": 88, "footprints_min6": 88, "footprints_min10": 86, "oai_viviendas": 75.0, "oai_personas": 217.0, "est_dwellings": 79.0, "est_population": 269.0, "meets_definition": true }, "geometry": { "type": "Polygon", "coordinates": [ [ [ -56.10611900812345, -34.858927810051249 ], [ -56.105274815637067, -34.858905408482698 ], [ -56.104407450597414, -34.858215389440041 ], [ -56.103837172228019, -34.858028773349943 ], [ -56.103874247359926, -34.858113656484612 ], [ -56.105835119996328, -34.862586743281057 ], [ -56.106148993057779, -34.862629254377012 ], [ -56.106988002278328, -34.862388820190496 ], [ -56.106752859902713, -34.861732872580795 ], [ -56.107720990396267, -34.861595508482296 ], [ -56.107931790749035, -34.861025676061537 ], [ -56.107907003545776, -34.860572989749464 ], [ -56.107511881067595, -34.860183263197875 ], [ -56.106833149031722, -34.860151510264842 ], [ -56.107875238137765, -34.859426104718509 ], [ -56.107889843613862, -34.859272503506979 ], [ -56.107695176689774, -34.858948656477523 ], [ -56.107556693672272, -34.858749123260232 ], [ -56.107394204633842, -34.858788573298028 ], [ -56.107200047284962, -34.858871504533589 ], [ -56.107144434760556, -34.858889066737788 ], [ -56.107098578108634, -34.85888516370651 ], [ -56.107027355381568, -34.858906628428471 ], [ -56.10696686317371, -34.858952485172018 ], [ -56.106937593705581, -34.858985657558527 ], [ -56.106876126402504, -34.859009073032709 ], [ -56.106800024595842, -34.858995413791206 ], [ -56.106736606491175, -34.859023708536974 ], [ -56.106528498731713, -34.859076716106749 ], [ -56.10611900812345, -34.858927810051249 ] ] ] } },
{ "type": "Feature", "properties": { "codigo_ai": 1010051, "nombre_ai": "Valentin Martinez", "nombre_dep": "Montevideo", "nombre_loc": "Rural", "fecha_desde": 2011, "footprints_all": 26, "footprints_min6": 26, "footprints_min10": 23, "oai_viviendas": 24.0, "oai_personas": 91.0, "est_dwellings": 23.0, "est_population": 78.0, "meets_definition": true }, "geometry": { "type": "Polygon", "coordinates": [ [ [ -56.178871364962788, -34.806062378761965 ], [ -56.179448382148891, -34.805674657700045 ], [ -56.181743980988742, -34.805889064563125 ], [ -56.18189173245397, -34.806087635679901 ], [ -56.182167320014649, -34.805970984075238 ], [ -56.181942334204287, -34.805610531199896 ], [ -56.179547958860233, -34.805304325975264 ], [ -56.17813998932408, -34.805168841993073 ], [ -56.178070491711203, -34.80547992575103 ], [ -56.178715611765838, -34.805548829782147 ], [ -56.178656254776747, -34.806032594367871 ], [ -56.178871364962788, -34.806062378761965 ] ] ] } },
{ "type": "Feature", "properties": { "codigo_ai": 1010040, "nombre_ai": "Valle Eden", "nombre_dep": "Montevideo", "nombre_loc": "Montevideo", "fecha_desde": 2002, "footprints_all": 304, "footprints_min6": 304, "footprints_min10": 293, "oai_viviendas": 276.0, "oai_personas": 979.0, "est_dwellings": 274.0, "est_population": 932.0, "meets_definition": true }, "geometry": { "type": "Polygon", "coordinates": [ [ [ -56.132540361280398, -34.790292785287484 ], [ -56.133038584622035, -34.790069573058759 ], [ -56.135947773260362, -34.790385639632603 ], [ -56.135911942197438, -34.789401058352503 ], [ -56.130459183548773, -34.788248855210007 ], [ -56.130466723995774, -34.788300532740024 ], [ -56.130492895681193, -34.788339124775057 ], [ -56.130666781053336, -34.788517002206582 ], [ -56.131734003110772, -34.789477120708774 ], [ -56.131744485099176, -34.789491427630502 ], [ -56.131701907013316, -34.789529179077505 ], [ -56.131805250923129, -34.789617860185196 ], [ -56.131915904136633, -34.789708841372622 ], [ -56.132066953870506, -34.78984115679097 ], [ -56.132254302531472, -34.790012112438113 ], [ -56.132540361280398, -34.790292785287484 ] ] ] } },
{ "type": "Feature", "properties": { "codigo_ai": 1013023, "nombre_ai": "Verdisol", "nombre_dep": "Montevideo", "nombre_loc": "Montevideo", "fecha_desde": 1989, "footprints_all": 492, "footprints_min6": 492, "footprints_min10": 455, "oai_viviendas": 517.0, "oai_personas": 1767.0, "est_dwellings": 443.0, "est_population": 1506.0, "meets_definition": true }, "geometry": { "type": "Polygon", "coordinates": [ [ [ -56.249024674125089, -34.82212488329516 ], [ -56.25056032426243, -34.820431961354586 ], [ -56.251705732989613, -34.819178690735924 ], [ -56.250196481983551, -34.81828567377228 ], [ -56.249796761374121, -34.818167980447733 ], [ -56.249538469865932, -34.818076780381162 ], [ -56.249475801879179, -34.818217783691189 ], [ -56.248267143396291, -34.81737531526192 ], [ -56.247444238734296, -34.817300460351625 ], [ -56.24690120469316, -34.817566408054056 ], [ -56.245245496353306, -34.818944690586285 ], [ -56.2454798427163, -34.819187353289209 ], [ -56.246084959757582, -34.81959275269066 ], [ -56.249024674125089, -34.82212488329516 ] ] ] } },
{ "type": "Feature", "properties": { "codigo_ai": 1014030, "nombre_ai": "Victoria Nuevo - Las Monjas", "nombre_dep": "Montevideo", "nombre_loc": "Rural", "fecha_desde": 1990, "footprints_all": 178, "footprints_min6": 178, "footprints_min10": 171, "oai_viviendas": 116.0, "oai_personas": 400.0, "est_dwellings": 160.0, "est_population": 544.0, "meets_definition": true }, "geometry": { "type": "MultiPolygon", "coordinates": [ [ [ [ -56.241897753171436, -34.860330165364537 ], [ -56.243224417888776, -34.861447948017705 ], [ -56.243680507385783, -34.860703400377851 ], [ -56.243913422003438, -34.86013275765962 ], [ -56.244052212636397, -34.860254747310698 ], [ -56.244258249375875, -34.860429751283334 ], [ -56.244426503930725, -34.860321730769279 ], [ -56.244487523372939, -34.861034106470683 ], [ -56.245036620109857, -34.861028989880666 ], [ -56.24500617699789, -34.860707500987161 ], [ -56.245078363475663, -34.860317091004369 ], [ -56.245481143804504, -34.860434802193495 ], [ -56.245679517446689, -34.860245533590806 ], [ -56.245494008364211, -34.860192531015002 ], [ -56.245341890612373, -34.860137060827846 ], [ -56.244942745202515, -34.859633268437157 ], [ -56.244766506671795, -34.859536399579461 ], [ -56.244718778877512, -34.859513065563803 ], [ -56.244399888023494, -34.859461449309045 ], [ -56.244336957588295, -34.859462863553993 ], [ -56.244160896154966, -34.859494681901353 ], [ -56.244084177760087, -34.859499631694256 ], [ -56.243884781980491, -34.85948336912049 ], [ -56.243838822810439, -34.859472055099332 ], [ -56.243762811824965, -34.859423620811697 ], [ -56.243419879598868, -34.859110385547702 ], [ -56.243394273824912, -34.859084626808631 ], [ -56.24311314682906, -34.858630209599518 ], [ -56.242960512412004, -34.858224346818879 ], [ -56.242905145399867, -34.858177049552452 ], [ -56.241847169380733, -34.859091135108756 ], [ -56.240364466270307, -34.860355500521145 ], [ -56.241063699562943, -34.860913855928771 ], [ -56.241170215915247, -34.86093576017317 ], [ -56.241244469171455, -34.860888130251084 ], [ -56.241497283309897, -34.860696526462611 ], [ -56.241897753171436, -34.860330165364537 ] ] ], [ [ [ -56.242504934591551, -34.8573886540808 ], [ -56.242566008316956, -34.857518734142225 ], [ -56.242584251141331, -34.857628984215175 ], [ -56.24260804585677, -34.857741614281473 ], [ -56.242587318653023, -34.857847730636927 ], [ -56.24243255758244, -34.858107266048698 ], [ -56.242677052463634, -34.858302782436553 ], [ -56.242929211399954, -34.85806683299046 ], [ -56.243085580388382, -34.857894078464014 ], [ -56.243275032864481, -34.85769636840665 ], [ -56.243444865967888, -34.857443183710167 ], [ -56.242923134272409, -34.857263678614217 ], [ -56.242857704513028, -34.857265953936484 ], [ -56.242782940872182, -34.857274238899372 ], [ -56.242735697677901, -34.857065372757688 ], [ -56.242718753758034, -34.857048651824861 ], [ -56.242700695174115, -34.857048874816982 ], [ -56.242653877417773, -34.85707005454158 ], [ -56.242404995185133, -34.857287127966771 ], [ -56.242504934591551, -34.8573886540808 ] ] ] ] } },
{ "type": "Feature", "properties": { "codigo_ai": 1009049, "nombre_ai": "Villa Alegría", "nombre_dep": "Montevideo", "nombre_loc": "Montevideo", "fecha_desde": 1973, "footprints_all": 41, "footprints_min6": 41, "footprints_min10": 40, "oai_viviendas": 54.0, "oai_personas": 208.0, "est_dwellings": 37.0, "est_population": 126.0, "meets_definition": true }, "geometry": { "type": "Polygon", "coordinates": [ [ [ -56.124209674590347, -34.865935576381176 ], [ -56.123746182597195, -34.866899659677024 ], [ -56.123825585816078, -34.866930926660331 ], [ -56.124133303090915, -34.866286029032153 ], [ -56.125531499551187, -34.866763102531962 ], [ -56.125703254610357, -34.866440060260224 ], [ -56.124209674590347, -34.865935576381176 ] ] ] } },
{ "type": "Feature", "properties": { "codigo_ai": 1010039, "nombre_ai": "Villa Camila", "nombre_dep": "Montevideo", "nombre_loc": "Rural", "fecha_desde": 2003, "footprints_all": 371, "footprints_min6": 371, "footprints_min10": 352, "oai_viviendas": 280.0, "oai_personas": 943.0, "est_dwellings": 334.0, "est_population": 1136.0, "meets_definition": true }, "geometry": { "type": "Polygon", "coordinates": [ [ [ -56.141540600478436, -34.777957656074776 ], [ -56.141858060374624, -34.776106020845049 ], [ -56.137478275552056, -34.77553149073141 ], [ -56.137590402937306, -34.776078598896085 ], [ -56.13760200243928, -34.776250013747365 ], [ -56.137590242259165, -34.776406284280228 ], [ -56.137530955799512, -34.776703359559505 ], [ -56.137347678960623, -34.777439047767146 ], [ -56.138230314010578, -34.777555183717048 ], [ -56.138389282929502, -34.77761709537014 ], [ -56.141540600478436, -34.777957656074776 ] ] ] } },
{ "type": "Feature", "properties": { "codigo_ai": 1017046, "nombre_ai": "Villa Esperanza", "nombre_dep": "Montevideo", "nombre_loc": "Montevideo", "fecha_desde": 1960, "footprints_all": 1309, "footprints_min6": 1309, "footprints_min10": 1255, "oai_viviendas": 1065.0, "oai_personas": 3573.0, "est_dwellings": 1178.0, "est_population": 4005.0, "meets_definition": true }, "geometry": { "type": "Polygon", "coordinates": [ [ [ -56.264900249321677, -34.883480678075117 ], [ -56.264589823733118, -34.885080763428164 ], [ -56.265559757532856, -34.88520981677874 ], [ -56.265793116062511, -34.884231885733001 ], [ -56.267163475029044, -34.884418301127027 ], [ -56.267065242193929, -34.884872648951912 ], [ -56.266897225140724, -34.885473223281416 ], [ -56.26683058567378, -34.885974039302774 ], [ -56.267588321807345, -34.886084255114319 ], [ -56.268921030234033, -34.886268212059001 ], [ -56.269727675966905, -34.88638491353263 ], [ -56.269860872886987, -34.885736827391902 ], [ -56.270505377356152, -34.88582671862234 ], [ -56.270390426640219, -34.886472585820016 ], [ -56.271807508507507, -34.886667376687789 ], [ -56.272292324201729, -34.886725972844324 ], [ -56.272454085698101, -34.886722455837095 ], [ -56.272685832203834, -34.885332288439756 ], [ -56.272792568025494, -34.884826033258975 ], [ -56.272770408586965, -34.884761283203453 ], [ -56.272602561612878, -34.884770084487386 ], [ -56.272555082305828, -34.884767169121133 ], [ -56.272858665655434, -34.884070316665699 ], [ -56.273143192553199, -34.88413774301732 ], [ -56.273330666865903, -34.883847724745962 ], [ -56.273363275733118, -34.883759216775026 ], [ -56.273407788553364, -34.883562014326721 ], [ -56.273438326260958, -34.88311947411097 ], [ -56.273435220708258, -34.883052704523976 ], [ -56.273403130200094, -34.882898980407546 ], [ -56.273305564233304, -34.882702036949155 ], [ -56.27327140309621, -34.882597483818692 ], [ -56.273262375507755, -34.88227327457399 ], [ -56.273266138153751, -34.882098938221723 ], [ -56.273280770289411, -34.881941742119935 ], [ -56.273325922845459, -34.881701350286541 ], [ -56.273425214990809, -34.881268854134049 ], [ -56.272735262609039, -34.881065601851226 ], [ -56.271130995495263, -34.880721484425415 ], [ -56.270779507298776, -34.882219066031467 ], [ -56.270726148810645, -34.882207737564954 ], [ -56.269979571568015, -34.882066943113003 ], [ -56.269958770679352, -34.88206259807972 ], [ -56.27001614040509, -34.881773720607889 ], [ -56.270071010586122, -34.881444847804808 ], [ -56.269624171670067, -34.881350684801653 ], [ -56.269519681807807, -34.881647352228597 ], [ -56.269438137927075, -34.881866003965513 ], [ -56.269355516705986, -34.882089987440231 ], [ -56.269321723693217, -34.882226198978586 ], [ -56.269772788472288, -34.882448178925607 ], [ -56.270431952526778, -34.88271425762634 ], [ -56.270629409518179, -34.882761743885084 ], [ -56.271201736822114, -34.882892052327534 ], [ -56.271536763507719, -34.882993000597658 ], [ -56.27185391428641, -34.883111620412997 ], [ -56.272115003384755, -34.883202820109851 ], [ -56.27220065273405, -34.883262454323223 ], [ -56.272216108268594, -34.883309766262734 ], [ -56.272287707550255, -34.883371586874233 ], [ -56.272465599432628, -34.883451071082149 ], [ -56.272656056406781, -34.883508437579543 ], [ -56.272710593506645, -34.883545968591314 ], [ -56.272723015686495, -34.883577542353223 ], [ -56.272729940765181, -34.883667424654263 ], [ -56.272570916537816, -34.883675794458327 ], [ -56.272512329325544, -34.88366894686979 ], [ -56.272336600879676, -34.883614851435091 ], [ -56.27224069547858, -34.883567369035781 ], [ -56.272153194296827, -34.883511824860157 ], [ -56.271977052533089, -34.883361718589484 ], [ -56.271935583630636, -34.883339105385978 ], [ -56.271223781241531, -34.883096195061974 ], [ -56.270522766426609, -34.882963092911069 ], [ -56.270351374746561, -34.882913265112144 ], [ -56.26974004135478, -34.882649792561445 ], [ -56.269291291237927, -34.882402325310011 ], [ -56.268972546613419, -34.884062703340469 ], [ -56.265987538059953, -34.883647207562504 ], [ -56.264900249321677, -34.883480678075117 ] ] ] } },
{ "type": "Feature", "properties": { "codigo_ai": 1009054, "nombre_ai": "Villa Isabel", "nombre_dep": "Montevideo", "nombre_loc": "Montevideo", "fecha_desde": 1978, "footprints_all": 41, "footprints_min6": 41, "footprints_min10": 39, "oai_viviendas": 55.0, "oai_personas": 181.0, "est_dwellings": 37.0, "est_population": 126.0, "meets_definition": true }, "geometry": { "type": "Polygon", "coordinates": [ [ [ -56.123439972310614, -34.855216737611279 ], [ -56.123422930231754, -34.855191798294143 ], [ -56.123376680243162, -34.855115473522282 ], [ -56.12249015832213, -34.855451858489886 ], [ -56.122809080566327, -34.855964463817728 ], [ -56.123569240361199, -34.855970944631672 ], [ -56.12388994178778, -34.85594770860633 ], [ -56.124331553349201, -34.855917740853009 ], [ -56.124357324498234, -34.855906518648972 ], [ -56.124378463758994, -34.855877358362271 ], [ -56.124374366312161, -34.855846872068575 ], [ -56.124340697858017, -34.855816529032829 ], [ -56.123961279293404, -34.85560862336019 ], [ -56.1236419806228, -34.855432463200394 ], [ -56.12358669866115, -34.855395469951638 ], [ -56.123566554819874, -34.855377587773702 ], [ -56.123552300913985, -34.855364932981885 ], [ -56.123545964521959, -34.855359307417586 ], [ -56.123511880617706, -34.855318573244176 ], [ -56.123439972310614, -34.855216737611279 ] ] ] } },
{ "type": "Feature", "properties": { "codigo_ai": 1009081, "nombre_ai": "Villa Isabel 2", "nombre_dep": "Montevideo", "nombre_loc": "Rural", "fecha_desde": 2005, "footprints_all": 206, "footprints_min6": 206, "footprints_min10": 188, "oai_viviendas": 159.0, "oai_personas": 499.0, "est_dwellings": 185.0, "est_population": 629.0, "meets_definition": true }, "geometry": { "type": "Polygon", "coordinates": [ [ [ -56.041773845349368, -34.778264944242494 ], [ -56.041992781092972, -34.777965369701356 ], [ -56.042217796676873, -34.777670744395031 ], [ -56.042238841881051, -34.777584138032104 ], [ -56.0424086062512, -34.777589959725319 ], [ -56.0424307026205, -34.777548654735135 ], [ -56.0423037135782, -34.776733637091006 ], [ -56.042289830570915, -34.776696887752991 ], [ -56.042268597843069, -34.776670754402232 ], [ -56.042244098790626, -34.776658504580183 ], [ -56.04221184027579, -34.776650338066482 ], [ -56.041982512663985, -34.776596695570376 ], [ -56.041660726615916, -34.77653691169251 ], [ -56.04041003751081, -34.778156366603156 ], [ -56.039135450814619, -34.779728411701072 ], [ -56.040191845168586, -34.780332082182518 ], [ -56.040305177503114, -34.780191533639268 ], [ -56.040350489563963, -34.780172628970583 ], [ -56.04045895094918, -34.779994558666232 ], [ -56.040443571277557, -34.779982417338864 ], [ -56.040584408455807, -34.779774399500035 ], [ -56.040869321029341, -34.77944335094238 ], [ -56.041180133831872, -34.779012745220918 ], [ -56.04121245791854, -34.779025893698993 ], [ -56.041710283165479, -34.778376981017324 ], [ -56.041773845349368, -34.778264944242494 ] ] ] } },
{ "type": "Feature", "properties": { "codigo_ai": 1017012, "nombre_ai": "Villa Libre", "nombre_dep": "Montevideo", "nombre_loc": "Montevideo", "fecha_desde": 1995, "footprints_all": 69, "footprints_min6": 69, "footprints_min10": 68, "oai_viviendas": 98.0, "oai_personas": 374.0, "est_dwellings": 62.0, "est_population": 211.0, "meets_definition": true }, "geometry": { "type": "Polygon", "coordinates": [ [ [ -56.247946917296431, -34.863389940196399 ], [ -56.248091516316912, -34.86314955202765 ], [ -56.248300192285278, -34.862785181344307 ], [ -56.248182816412097, -34.862690949142262 ], [ -56.247820779608681, -34.862382435138912 ], [ -56.247759747859746, -34.86234185364146 ], [ -56.247660769978651, -34.862278744596921 ], [ -56.247552127192797, -34.862238163290179 ], [ -56.247489817542295, -34.862233050807767 ], [ -56.247460739383683, -34.862241998246688 ], [ -56.247307680698427, -34.862329231846083 ], [ -56.247247128531512, -34.862354795502405 ], [ -56.246837636290614, -34.86202387421379 ], [ -56.246325667127792, -34.862273950620541 ], [ -56.246406371288444, -34.862405962871684 ], [ -56.246183152765973, -34.862540026592747 ], [ -56.246330418968718, -34.862798545028873 ], [ -56.246394039936767, -34.862810936040191 ], [ -56.247061796090023, -34.863537246878202 ], [ -56.247153431538571, -34.863541811644218 ], [ -56.24758760660405, -34.863235206630165 ], [ -56.247768695080659, -34.863324754061338 ], [ -56.247946917296431, -34.863389940196399 ] ] ] } },
{ "type": "Feature", "properties": { "codigo_ai": 1017048, "nombre_ai": "Villa Progreso", "nombre_dep": "Montevideo", "nombre_loc": "Montevideo", "fecha_desde": 1960, "footprints_all": 96, "footprints_min6": 96, "footprints_min10": 91, "oai_viviendas": 91.0, "oai_personas": 354.0, "est_dwellings": 86.0, "est_population": 292.0, "meets_definition": true }, "geometry": { "type": "MultiPolygon", "coordinates": [ [ [ [ -56.267915126447193, -34.881439312250272 ], [ -56.267853264799001, -34.881360675334129 ], [ -56.267940477469615, -34.880920619448311 ], [ -56.267987577944119, -34.880422600908929 ], [ -56.267974568709938, -34.880357034883062 ], [ -56.268064095054505, -34.879952889979229 ], [ -56.267732831979181, -34.879874730017605 ], [ -56.267141194323472, -34.879838287741336 ], [ -56.266903293461766, -34.881050217930117 ], [ -56.26689013943723, -34.881094450823149 ], [ -56.266851819284959, -34.881219924454342 ], [ -56.266854108764676, -34.881268934090393 ], [ -56.266856443134103, -34.881296131001449 ], [ -56.266866296355751, -34.881316037631478 ], [ -56.266918172634028, -34.881344187949281 ], [ -56.267416015555717, -34.881478761224805 ], [ -56.267843211703578, -34.881615234407661 ], [ -56.268066745502338, -34.881713300623467 ], [ -56.26927694056522, -34.882222734058701 ], [ -56.269379760058115, -34.881910359416956 ], [ -56.268597262335561, -34.881676764783862 ], [ -56.267915126447193, -34.881439312250272 ] ] ], [ [ [ -56.265631010951232, -34.879768697288327 ], [ -56.265517479167315, -34.880331290857946 ], [ -56.265899994069784, -34.880378718656715 ], [ -56.266015253743326, -34.879802045521117 ], [ -56.265872324954074, -34.879797007496045 ], [ -56.265631010951232, -34.879768697288327 ] ] ] ] } },
{ "type": "Feature", "properties": { "codigo_ai": 1009060, "nombre_ai": "Villademoros", "nombre_dep": "Montevideo", "nombre_loc": "Montevideo", "fecha_desde": 1990, "footprints_all": 5, "footprints_min6": 5, "footprints_min10": 5, "oai_viviendas": 15.0, "oai_personas": 51.0, "est_dwellings": 4.0, "est_population": 14.0, "meets_definition": false }, "geometry": { "type": "Polygon", "coordinates": [ [ [ -56.133765862504973, -34.863110421862984 ], [ -56.133754814509864, -34.8630226410449 ], [ -56.133113024626688, -34.863163240234627 ], [ -56.133058240341441, -34.863182072706529 ], [ -56.133024428136387, -34.863197052811906 ], [ -56.133026716483201, -34.863252958255167 ], [ -56.133047882308475, -34.863548599246641 ], [ -56.13335623232647, -34.863406350316048 ], [ -56.133268436181766, -34.863278777419204 ], [ -56.133765862504973, -34.863110421862984 ] ] ] } },
{ "type": "Feature", "properties": { "codigo_ai": 1010038, "nombre_ai": "Vista Linda", "nombre_dep": "Montevideo", "nombre_loc": "Rural", "fecha_desde": 2000, "footprints_all": 109, "footprints_min6": 109, "footprints_min10": 104, "oai_viviendas": 75.0, "oai_personas": 218.0, "est_dwellings": 98.0, "est_population": 333.0, "meets_definition": true }, "geometry": { "type": "Polygon", "coordinates": [ [ [ -56.134593190470106, -34.771855487418776 ], [ -56.134535059538266, -34.771848096498424 ], [ -56.134385441692295, -34.771816193195242 ], [ -56.134303018180219, -34.771723383273674 ], [ -56.13416058341479, -34.770565851215082 ], [ -56.134141190522641, -34.770525393702506 ], [ -56.134125476312398, -34.77051168547397 ], [ -56.134101736271894, -34.770498646062293 ], [ -56.134057254075152, -34.770484772886185 ], [ -56.132420244256593, -34.770147616306133 ], [ -56.131857786663467, -34.771728655906315 ], [ -56.133063352435265, -34.771996290208101 ], [ -56.134553117419593, -34.772213560144927 ], [ -56.134593190470106, -34.771855487418776 ] ] ] } },
{ "type": "Feature", "properties": { "codigo_ai": 1017037, "nombre_ai": "Vitale", "nombre_dep": "Montevideo", "nombre_loc": "Montevideo", "fecha_desde": 1989, "footprints_all": 40, "footprints_min6": 40, "footprints_min10": 39, "oai_viviendas": 36.0, "oai_personas": 138.0, "est_dwellings": 36.0, "est_population": 122.0, "meets_definition": true }, "geometry": { "type": "Polygon", "coordinates": [ [ [ -56.256080310087945, -34.886669529995181 ], [ -56.256123068169202, -34.886481764668744 ], [ -56.256127096459693, -34.886424443509881 ], [ -56.256148785689113, -34.886312280517174 ], [ -56.25618609236269, -34.886162064293131 ], [ -56.256192782378605, -34.886129473255075 ], [ -56.256230584079347, -34.886030323468908 ], [ -56.256259089415252, -34.885985706004824 ], [ -56.256285736284809, -34.885954722212325 ], [ -56.256423925748251, -34.885859290243346 ], [ -56.255725112702962, -34.885757643625631 ], [ -56.255522592280713, -34.886579675464858 ], [ -56.255510956169509, -34.886601403634373 ], [ -56.255479637254481, -34.886934338684867 ], [ -56.255461254816318, -34.887036465650702 ], [ -56.255324744358511, -34.887494677212935 ], [ -56.255449314722306, -34.887539413321726 ], [ -56.255511903314165, -34.887551807750469 ], [ -56.25564265646225, -34.887540653257275 ], [ -56.25584281507227, -34.887487979339213 ], [ -56.255878137903842, -34.887454516687811 ], [ -56.255955907532034, -34.887240105796408 ], [ -56.256085732273533, -34.886794860989447 ], [ -56.256080310087945, -34.886669529995181 ] ] ] } },
{ "type": "Feature", "properties": { "codigo_ai": 1006018, "nombre_ai": "Viviendas Del Milenio", "nombre_dep": "Montevideo", "nombre_loc": "Montevideo", "fecha_desde": 2002, "footprints_all": 28, "footprints_min6": 28, "footprints_min10": 23, "oai_viviendas": 23.0, "oai_personas": 64.0, "est_dwellings": 25.0, "est_population": 85.0, "meets_definition": true }, "geometry": { "type": "Polygon", "coordinates": [ [ [ -56.118175170905644, -34.877872879333566 ], [ -56.11777288459993, -34.877991841513627 ], [ -56.117876860276937, -34.878355202143148 ], [ -56.11775756542707, -34.878774212085801 ], [ -56.117751163212944, -34.879032150913851 ], [ -56.118448182793934, -34.878943110333637 ], [ -56.118175170905644, -34.877872879333566 ] ] ] } },
{ "type": "Feature", "properties": { "codigo_ai": 1010009, "nombre_ai": "Walter Medina", "nombre_dep": "Montevideo", "nombre_loc": "Montevideo", "fecha_desde": 1950, "footprints_all": 32, "footprints_min6": 32, "footprints_min10": 32, "oai_viviendas": 44.0, "oai_personas": 135.0, "est_dwellings": 29.0, "est_population": 99.0, "meets_definition": true }, "geometry": { "type": "Polygon", "coordinates": [ [ [ -56.143611217331745, -34.8233522653317 ], [ -56.143341722388051, -34.823330783231548 ], [ -56.143371208572006, -34.822873660562159 ], [ -56.143017788736167, -34.822852392954772 ], [ -56.142991005634528, -34.823219389015122 ], [ -56.142979633862232, -34.823423292196551 ], [ -56.142987856650066, -34.823637919770384 ], [ -56.143070056888533, -34.824334939350237 ], [ -56.143328067835192, -34.824350614289678 ], [ -56.143355494282936, -34.824041038914359 ], [ -56.143553716188975, -34.82403256410619 ], [ -56.143611217331745, -34.8233522653317 ] ] ] } },
{ "type": "Feature", "properties": { "codigo_ai": 1014039, "nombre_ai": "Yugoeslavia", "nombre_dep": "Montevideo", "nombre_loc": "Montevideo", "fecha_desde": 1954, "footprints_all": 93, "footprints_min6": 93, "footprints_min10": 88, "oai_viviendas": 71.0, "oai_personas": 296.0, "est_dwellings": 84.0, "est_population": 286.0, "meets_definition": true }, "geometry": { "type": "Polygon", "coordinates": [ [ [ -56.247050876448199, -34.84585699378232 ], [ -56.246926501262479, -34.845697817830093 ], [ -56.246591524468755, -34.845886219622251 ], [ -56.246615321279535, -34.845928312354559 ], [ -56.246304128017371, -34.846091571364106 ], [ -56.246526354893362, -34.846357037158462 ], [ -56.247508891996489, -34.847521693171522 ], [ -56.248838650142417, -34.846778947810833 ], [ -56.248692365136463, -34.846563390514255 ], [ -56.248540196318785, -34.846633833974984 ], [ -56.248378173200834, -34.846705839477579 ], [ -56.248259508584887, -34.846743636539998 ], [ -56.248199438274497, -34.846749146393044 ], [ -56.248125647627788, -34.8467484873619 ], [ -56.247959560301197, -34.846726369731648 ], [ -56.247827940083781, -34.846701220574737 ], [ -56.247674739094592, -34.846668637303885 ], [ -56.247604120170834, -34.846643865216365 ], [ -56.247547416121776, -34.846603766638552 ], [ -56.247473305075914, -34.846530301467794 ], [ -56.247454350210752, -34.846450688614965 ], [ -56.247437585635915, -34.846346754059297 ], [ -56.247448237151495, -34.846257590107292 ], [ -56.247464569987862, -34.846192797458642 ], [ -56.247483180554219, -34.846093948463839 ], [ -56.247497914896748, -34.845988586562498 ], [ -56.247510371478697, -34.845917279198623 ], [ -56.247526896163862, -34.845831396930571 ], [ -56.247530500303768, -34.845753039096941 ], [ -56.247547467665314, -34.845603856519766 ], [ -56.247050876448199, -34.84585699378232 ] ] ] } },
{ "type": "Feature", "properties": { "codigo_ai": 1017070, "nombre_ai": "Nuevo Comienzo", "nombre_dep": "Nuevo Comienzo", "nombre_loc": "Rural", "fecha_desde": 2020, "footprints_all": 267, "footprints_min6": 267, "footprints_min10": 225, "oai_viviendas": null, "oai_personas": null, "est_dwellings": 240.0, "est_population": 816.0, "meets_definition": true }, "geometry": { "type": "Polygon", "coordinates": [ [ [ -56.294067134977418, -34.881971348445184 ], [ -56.29400931561554, -34.882329142372264 ], [ -56.29600342442189, -34.882604192197732 ], [ -56.296448769111514, -34.88040017575166 ], [ -56.298007846607298, -34.880579140530457 ], [ -56.298124638809675, -34.879201849438886 ], [ -56.298478868552635, -34.877405757578558 ], [ -56.298857062077879, -34.877371376385156 ], [ -56.298932700231411, -34.878224029651427 ], [ -56.29977847743595, -34.87825841138585 ], [ -56.299716590950965, -34.87752953022931 ], [ -56.299709714950836, -34.877280267128356 ], [ -56.29982661125473, -34.876812682679613 ], [ -56.297824059622592, -34.876526483810551 ], [ -56.297125674731767, -34.876424592567041 ], [ -56.295152356684206, -34.87615551114753 ], [ -56.294612935789857, -34.878856781365954 ], [ -56.29436686228086, -34.880079811119842 ], [ -56.29419222897566, -34.880993855039485 ], [ -56.294254976900653, -34.880992342795068 ], [ -56.294314129533937, -34.880999227373351 ], [ -56.294308963958393, -34.881022732750935 ], [ -56.294074873802465, -34.881693379483764 ], [ -56.294052795267035, -34.881827043931658 ], [ -56.294068832897395, -34.881951558846666 ], [ -56.294067134977418, -34.881971348445184 ] ] ] } },
{ "type": "Feature", "properties": { "codigo_ai": 11951003, "nombre_ai": "Anacahuita Del Este", "nombre_dep": "Paysandú", "nombre_loc": "Chacras De Paysandú", "fecha_desde": 2006, "footprints_all": 51, "footprints_min6": 51, "footprints_min10": 47, "oai_viviendas": null, "oai_personas": null, "est_dwellings": 46.0, "est_population": 156.0, "meets_definition": true }, "geometry": { "type": "Polygon", "coordinates": [ [ [ -58.05131373946007, -32.315882999662676 ], [ -58.051190500941956, -32.315421438053242 ], [ -58.049875393804555, -32.315651681651303 ], [ -58.049960270127428, -32.316146760895215 ], [ -58.05103195386576, -32.31591921324064 ], [ -58.05131373946007, -32.315882999662676 ] ] ] } },
{ "type": "Feature", "properties": { "codigo_ai": 11120013, "nombre_ai": "Atlantida", "nombre_dep": "Paysandú", "nombre_loc": "Paysandú", "fecha_desde": 1990, "footprints_all": 20, "footprints_min6": 20, "footprints_min10": 20, "oai_viviendas": null, "oai_personas": null, "est_dwellings": 18.0, "est_population": 61.0, "meets_definition": true }, "geometry": { "type": "Polygon", "coordinates": [ [ [ -58.073790850706509, -32.334500947025795 ], [ -58.074722293054741, -32.335228201526803 ], [ -58.07488007169939, -32.335119424087843 ], [ -58.07497645586475, -32.335063266567765 ], [ -58.07469016747406, -32.334657787295036 ], [ -58.074703920039937, -32.334600483720557 ], [ -58.074546966391999, -32.33415391730064 ], [ -58.073770249933183, -32.334333307543972 ], [ -58.073749824686537, -32.334370753823279 ], [ -58.073749825272955, -32.334420114833321 ], [ -58.07375918707821, -32.334457561071815 ], [ -58.073790850706509, -32.334500947025795 ] ] ] } },
{ "type": "Feature", "properties": { "codigo_ai": 11120002, "nombre_ai": "Barrio Ledesma", "nombre_dep": "Paysandú", "nombre_loc": "Paysandú", "fecha_desde": 2002, "footprints_all": 89, "footprints_min6": 89, "footprints_min10": 76, "oai_viviendas": null, "oai_personas": null, "est_dwellings": 80.0, "est_population": 272.0, "meets_definition": true }, "geometry": { "type": "Polygon", "coordinates": [ [ [ -58.101007611390507, -32.322882670361864 ], [ -58.100810251080922, -32.321606051897632 ], [ -58.100725331524814, -32.32153921278563 ], [ -58.100614303553741, -32.320733599179427 ], [ -58.09966415351613, -32.320854678752298 ], [ -58.100181054786681, -32.324003922709224 ], [ -58.1005314470722, -32.323974621581797 ], [ -58.100370695187792, -32.322991466430715 ], [ -58.101007611390507, -32.322882670361864 ] ] ] } },
{ "type": "Feature", "properties": { "codigo_ai": 11900007, "nombre_ai": "Barrio Los Portos", "nombre_dep": "Paysandú", "nombre_loc": "Rural", "fecha_desde": 2012, "footprints_all": 22, "footprints_min6": 22, "footprints_min10": 19, "oai_viviendas": null, "oai_personas": null, "est_dwellings": 20.0, "est_population": 68.0, "meets_definition": true }, "geometry": { "type": "Polygon", "coordinates": [ [ [ -57.905465430661408, -31.463035479744455 ], [ -57.901870225743558, -31.462926302807954 ], [ -57.901883652092742, -31.46328557683141 ], [ -57.905465430615024, -31.463370797158341 ], [ -57.905465430661408, -31.463035479744455 ] ] ] } },
{ "type": "Feature", "properties": { "codigo_ai": 11823001, "nombre_ai": "Canada Del Sauce", "nombre_dep": "Paysandú", "nombre_loc": "Rural", "fecha_desde": 2006, "footprints_all": 61, "footprints_min6": 61, "footprints_min10": 42, "oai_viviendas": null, "oai_personas": null, "est_dwellings": 55.0, "est_population": 187.0, "meets_definition": true }, "geometry": { "type": "Polygon", "coordinates": [ [ [ -58.137268454431769, -32.398951581284756 ], [ -58.137337930379331, -32.398930680770647 ], [ -58.13745205171584, -32.398858815672796 ], [ -58.137482620707893, -32.39864292410266 ], [ -58.137560953128876, -32.398390732352823 ], [ -58.137633553541932, -32.398260815311929 ], [ -58.137732902130018, -32.398111792222949 ], [ -58.137748186700172, -32.398014354809057 ], [ -58.137731943990381, -32.39793248541806 ], [ -58.137738633331587, -32.397594034263449 ], [ -58.137690694983597, -32.397353721167377 ], [ -58.137690586440542, -32.397312257693187 ], [ -58.137733483869212, -32.397248306703069 ], [ -58.137714759843092, -32.396910250008339 ], [ -58.137693929186604, -32.396606651614313 ], [ -58.137747567120819, -32.396518644352362 ], [ -58.137846251722841, -32.396449250067285 ], [ -58.137949097526977, -32.396339505591122 ], [ -58.138091256547746, -32.39601112474584 ], [ -58.138116779446285, -32.395874474774132 ], [ -58.138157195373786, -32.395828567171769 ], [ -58.138251653836463, -32.395797142780069 ], [ -58.138316748144156, -32.395745848916661 ], [ -58.138545137019982, -32.395469075167554 ], [ -58.13906605993094, -32.394964083113116 ], [ -58.138804797584285, -32.394737140662606 ], [ -58.139146171428671, -32.394391242027801 ], [ -58.138867735118517, -32.394152888825175 ], [ -58.138920236689948, -32.394102023261944 ], [ -58.138938569983608, -32.394038399375049 ], [ -58.139006324984585, -32.393947142016863 ], [ -58.139004403011505, -32.393919470102723 ], [ -58.138941758757035, -32.393777655962424 ], [ -58.138891028069743, -32.393691183963568 ], [ -58.139561449636723, -32.393083399020348 ], [ -58.139153259107452, -32.392585794386683 ], [ -58.138999605137784, -32.392823025500064 ], [ -58.138674535711914, -32.393315797761197 ], [ -58.138611777557735, -32.393587826370421 ], [ -58.137986998048426, -32.393839524558132 ], [ -58.137821897349525, -32.393922493621211 ], [ -58.137053034699889, -32.394407990984561 ], [ -58.13655771087722, -32.394412458723764 ], [ -58.134039652020036, -32.396594697902259 ], [ -58.134815876657257, -32.397204997269114 ], [ -58.135913159178294, -32.39810188457831 ], [ -58.136423260618926, -32.398492292815313 ], [ -58.136837931181233, -32.398730259411984 ], [ -58.137268454431769, -32.398951581284756 ] ] ] } },
{ "type": "Feature", "properties": { "codigo_ai": 11522006, "nombre_ai": "Curupi 2 - Bajo Curupi", "nombre_dep": "Paysandú", "nombre_loc": "Paysandú", "fecha_desde": 2002, "footprints_all": 155, "footprints_min6": 155, "footprints_min10": 134, "oai_viviendas": null, "oai_personas": null, "est_dwellings": 140.0, "est_population": 476.0, "meets_definition": true }, "geometry": { "type": "Polygon", "coordinates": [ [ [ -58.085384683533455, -32.287528969028024 ], [ -58.087795421629465, -32.28719420303468 ], [ -58.087662862699531, -32.286541321673312 ], [ -58.087524477781734, -32.285961465041801 ], [ -58.087094073112731, -32.286023054693807 ], [ -58.086777733609573, -32.284574822029541 ], [ -58.085370321802465, -32.284796752511937 ], [ -58.084885506166884, -32.284896139914302 ], [ -58.084827936658748, -32.284952517839706 ], [ -58.085098893059595, -32.28619339709094 ], [ -58.085384683533455, -32.287528969028024 ] ] ] } },
{ "type": "Feature", "properties": { "codigo_ai": 11522003, "nombre_ai": "Diagonal 200", "nombre_dep": "Paysandú", "nombre_loc": "Nuevo Paysandú", "fecha_desde": 2002, "footprints_all": 115, "footprints_min6": 115, "footprints_min10": 105, "oai_viviendas": null, "oai_personas": null, "est_dwellings": 104.0, "est_population": 354.0, "meets_definition": true }, "geometry": { "type": "Polygon", "coordinates": [ [ [ -58.08251615340788, -32.286291809382639 ], [ -58.083186996900075, -32.286126974869582 ], [ -58.083161748912872, -32.285855565320652 ], [ -58.082499005168167, -32.28597075693137 ], [ -58.082538454512836, -32.286150644346769 ], [ -58.082180256686229, -32.286218497217227 ], [ -58.082401683105196, -32.287295368492607 ], [ -58.08211187811218, -32.287324122759763 ], [ -58.082067695389902, -32.287092688180962 ], [ -58.08171273934024, -32.28713974721569 ], [ -58.081665484497464, -32.286826831278866 ], [ -58.08165019723198, -32.28669198267049 ], [ -58.081099065258208, -32.286782164289633 ], [ -58.081133165928804, -32.286966304308663 ], [ -58.081158740332789, -32.287116344170954 ], [ -58.081071866372085, -32.28713122981879 ], [ -58.080714797164987, -32.287191786501566 ], [ -58.080743757304191, -32.287400892136873 ], [ -58.080652008663307, -32.287476296767558 ], [ -58.079312903496849, -32.288183709912289 ], [ -58.078391213281826, -32.288659337572561 ], [ -58.078553622080982, -32.289491892334674 ], [ -58.07925418937706, -32.289065872516851 ], [ -58.079229660030265, -32.288832533334535 ], [ -58.080054679425153, -32.288481571017897 ], [ -58.080017859825993, -32.288358725348836 ], [ -58.080043643576872, -32.288291497155647 ], [ -58.080114786630041, -32.288232960259741 ], [ -58.080946527545919, -32.287868372960013 ], [ -58.080997734637137, -32.287846788193548 ], [ -58.081827170553844, -32.287743256131428 ], [ -58.081941064733172, -32.287759985119791 ], [ -58.082783919254155, -32.287653030224234 ], [ -58.08251615340788, -32.286291809382639 ] ] ] } },
{ "type": "Feature", "properties": { "codigo_ai": 11120011, "nombre_ai": "Ferrari Y Diagonal 500", "nombre_dep": "Paysandú", "nombre_loc": "Paysandú", "fecha_desde": 2017, "footprints_all": 8, "footprints_min6": 8, "footprints_min10": 8, "oai_viviendas": null, "oai_personas": null, "est_dwellings": 7.0, "est_population": 24.0, "meets_definition": false }, "geometry": { "type": "Polygon", "coordinates": [ [ [ -58.078797815272068, -32.332936951540297 ], [ -58.078724641800726, -32.332932150392558 ], [ -58.07802899724922, -32.33276569917733 ], [ -58.07805563381676, -32.332919527134592 ], [ -58.078663565492668, -32.333038586743371 ], [ -58.078682614156172, -32.333085570300916 ], [ -58.078820190758428, -32.33305156961427 ], [ -58.078797815272068, -32.332936951540297 ] ] ] } },
{ "type": "Feature", "properties": { "codigo_ai": 11120017, "nombre_ai": "Ferroviario", "nombre_dep": "Paysandú", "nombre_loc": "Paysandú", "fecha_desde": 1990, "footprints_all": 15, "footprints_min6": 15, "footprints_min10": 14, "oai_viviendas": null, "oai_personas": null, "est_dwellings": 14.0, "est_population": 48.0, "meets_definition": true }, "geometry": { "type": "Polygon", "coordinates": [ [ [ -58.07833459732106, -32.306059743868431 ], [ -58.078165087307482, -32.306080072245493 ], [ -58.077822035116682, -32.306791342560629 ], [ -58.078279046971033, -32.306752916037006 ], [ -58.07824912628579, -32.306469683060591 ], [ -58.078342068880417, -32.306281346265777 ], [ -58.07833459732106, -32.306059743868431 ] ] ] } },
{ "type": "Feature", "properties": { "codigo_ai": 11120014, "nombre_ai": "Grito De Asencio", "nombre_dep": "Paysandú", "nombre_loc": "Paysandú", "fecha_desde": 2004, "footprints_all": 12, "footprints_min6": 12, "footprints_min10": 12, "oai_viviendas": null, "oai_personas": null, "est_dwellings": 11.0, "est_population": 37.0, "meets_definition": true }, "geometry": { "type": "Polygon", "coordinates": [ [ [ -58.068350152940141, -32.340263078039733 ], [ -58.068633237032891, -32.340016631043561 ], [ -58.06835920945921, -32.339795879484399 ], [ -58.068253183046927, -32.339277148067772 ], [ -58.06818987722955, -32.339276428459364 ], [ -58.068200106572498, -32.339417073958408 ], [ -58.068226037588907, -32.33981901043007 ], [ -58.068200106373567, -32.33988887576723 ], [ -58.068163027460926, -32.339946413151758 ], [ -58.06808119725175, -32.340019292895931 ], [ -58.068030052681912, -32.340064043485505 ], [ -58.06803036641768, -32.340115805844881 ], [ -58.068063052698022, -32.340124283646006 ], [ -58.068100185350445, -32.340132993508519 ], [ -58.06815127454518, -32.34014105025971 ], [ -58.068191871082817, -32.340168292561145 ], [ -58.068247847962816, -32.340200393026564 ], [ -58.068350152940141, -32.340263078039733 ] ] ] } },
{ "type": "Feature", "properties": { "codigo_ai": 11120007, "nombre_ai": "La Antena", "nombre_dep": "Paysandú", "nombre_loc": "Paysandú", "fecha_desde": 1998, "footprints_all": 77, "footprints_min6": 77, "footprints_min10": 62, "oai_viviendas": null, "oai_personas": null, "est_dwellings": 69.0, "est_population": 235.0, "meets_definition": true }, "geometry": { "type": "Polygon", "coordinates": [ [ [ -58.090481079128431, -32.332406807080453 ], [ -58.090597806845167, -32.33235936438485 ], [ -58.090967026155745, -32.332184410296101 ], [ -58.092375638418353, -32.331434577613841 ], [ -58.092285547197108, -32.331103447905193 ], [ -58.091961616620985, -32.331170524850705 ], [ -58.091366107532259, -32.331383206289182 ], [ -58.091462631786897, -32.331465007520812 ], [ -58.091207673868638, -32.331645318137632 ], [ -58.090999907949296, -32.331682194392158 ], [ -58.090732050256229, -32.33174574967439 ], [ -58.090709700064323, -32.331684247163693 ], [ -58.090294926250515, -32.331759080840889 ], [ -58.090481079128431, -32.332406807080453 ] ] ] } },
{ "type": "Feature", "properties": { "codigo_ai": 11900001, "nombre_ai": "La Cuchilla", "nombre_dep": "Paysandú", "nombre_loc": "Sauce Del Buricayupí", "fecha_desde": 2008, "footprints_all": 19, "footprints_min6": 19, "footprints_min10": 16, "oai_viviendas": null, "oai_personas": null, "est_dwellings": 17.0, "est_population": 58.0, "meets_definition": true }, "geometry": { "type": "Polygon", "coordinates": [ [ [ -57.539308142727997, -31.995974891309046 ], [ -57.5392199069802, -31.996216833432662 ], [ -57.539249824335364, -31.996308596230364 ], [ -57.538961453565349, -31.997042380617209 ], [ -57.538229581811329, -31.998554673436132 ], [ -57.539026585208525, -31.998792968885745 ], [ -57.5395043633998, -31.995975187556603 ], [ -57.539308142727997, -31.995974891309046 ] ] ] } },
{ "type": "Feature", "properties": { "codigo_ai": 11120015, "nombre_ai": "Los Horneros", "nombre_dep": "Paysandú", "nombre_loc": "Paysandú", "fecha_desde": 2000, "footprints_all": 31, "footprints_min6": 31, "footprints_min10": 28, "oai_viviendas": null, "oai_personas": null, "est_dwellings": 28.0, "est_population": 95.0, "meets_definition": true }, "geometry": { "type": "MultiPolygon", "coordinates": [ [ [ [ -58.066413430485788, -32.340640181479515 ], [ -58.066611987146118, -32.34171167723656 ], [ -58.06666409041167, -32.341764800399027 ], [ -58.06720352656636, -32.341284342525931 ], [ -58.066413430485788, -32.340640181479515 ] ] ], [ [ [ -58.066355437274545, -32.341936152986726 ], [ -58.066101704937708, -32.341955283536741 ], [ -58.065544027238452, -32.342074031881609 ], [ -58.065866594263589, -32.34237527024564 ], [ -58.066438842641311, -32.341960058940423 ], [ -58.066355437274545, -32.341936152986726 ] ] ] ] } },
{ "type": "Feature", "properties": { "codigo_ai": 11951002, "nombre_ai": "Los Panaderos", "nombre_dep": "Paysandú", "nombre_loc": "Chacras De Paysandú", "fecha_desde": 2002, "footprints_all": 261, "footprints_min6": 261, "footprints_min10": 239, "oai_viviendas": null, "oai_personas": null, "est_dwellings": 235.0, "est_population": 799.0, "meets_definition": true }, "geometry": { "type": "Polygon", "coordinates": [ [ [ -58.057399368266474, -32.311575067067068 ], [ -58.054749672822886, -32.312112629162229 ], [ -58.054684148487567, -32.3121099545574 ], [ -58.054615951037455, -32.31207652359911 ], [ -58.054521008352268, -32.3117957084484 ], [ -58.054446124051964, -32.311843847998652 ], [ -58.053803590764062, -32.312603387441555 ], [ -58.054540398198171, -32.31521497330683 ], [ -58.057890796381699, -32.31449889305064 ], [ -58.057399368266474, -32.311575067067068 ] ] ] } },
{ "type": "Feature", "properties": { "codigo_ai": 11120024, "nombre_ai": "Manzana Vialidad", "nombre_dep": "Paysandú", "nombre_loc": "Paysandú", "fecha_desde": 1980, "footprints_all": 51, "footprints_min6": 51, "footprints_min10": 49, "oai_viviendas": null, "oai_personas": null, "est_dwellings": 46.0, "est_population": 156.0, "meets_definition": true }, "geometry": { "type": "Polygon", "coordinates": [ [ [ -58.095496754386531, -32.309868730795671 ], [ -58.094591038547058, -32.309978557763515 ], [ -58.094568217187927, -32.309979984300355 ], [ -58.094622417553936, -32.310443539679909 ], [ -58.094930503299807, -32.310784430763768 ], [ -58.095543823465817, -32.310737362551265 ], [ -58.095629403250456, -32.310494886763635 ], [ -58.095496754386531, -32.309868730795671 ] ] ] } },
{ "type": "Feature", "properties": { "codigo_ai": 11120003, "nombre_ai": "Nueva York", "nombre_dep": "Paysandú", "nombre_loc": "Paysandú", "fecha_desde": 2002, "footprints_all": 122, "footprints_min6": 122, "footprints_min10": 112, "oai_viviendas": null, "oai_personas": null, "est_dwellings": 110.0, "est_population": 374.0, "meets_definition": true }, "geometry": { "type": "Polygon", "coordinates": [ [ [ -58.09899349381157, -32.328046192074446 ], [ -58.099981167136725, -32.327531655225826 ], [ -58.100311835571645, -32.32741478825335 ], [ -58.100242510662802, -32.327135431255144 ], [ -58.100472516771951, -32.327116672269781 ], [ -58.100576475077034, -32.327071077321264 ], [ -58.100534651387761, -32.326574153780669 ], [ -58.100384053820342, -32.325796000891167 ], [ -58.099528529863463, -32.325887088370379 ], [ -58.099752844602769, -32.327347671735104 ], [ -58.098658003544891, -32.327569180222852 ], [ -58.09899349381157, -32.328046192074446 ] ] ] } },
{ "type": "Feature", "properties": { "codigo_ai": 11951004, "nombre_ai": "Nuevo Del Este", "nombre_dep": "Paysandú", "nombre_loc": "Chacras De Paysandú", "fecha_desde": 2010, "footprints_all": 107, "footprints_min6": 107, "footprints_min10": 100, "oai_viviendas": null, "oai_personas": null, "est_dwellings": 96.0, "est_population": 326.0, "meets_definition": true }, "geometry": { "type": "Polygon", "coordinates": [ [ [ -58.049077229371264, -32.316336515119403 ], [ -58.049955370950386, -32.316151003501965 ], [ -58.049853421348374, -32.31567707371677 ], [ -58.049870446179291, -32.315651722811467 ], [ -58.049533934700925, -32.314186856727538 ], [ -58.049069495167551, -32.314292362769173 ], [ -58.049085966058307, -32.314356081668777 ], [ -58.049046510642221, -32.31438126531615 ], [ -58.048995869812352, -32.314374308214951 ], [ -58.04860897549765, -32.314456332059663 ], [ -58.048984855432273, -32.315910337304224 ], [ -58.049077229371264, -32.316336515119403 ] ] ] } },
{ "type": "Feature", "properties": { "codigo_ai": 11120026, "nombre_ai": "Parkway Sacra 1", "nombre_dep": "Paysandú", "nombre_loc": "Paysandú", "fecha_desde": 2002, "footprints_all": 76, "footprints_min6": 76, "footprints_min10": 64, "oai_viviendas": null, "oai_personas": null, "est_dwellings": 68.0, "est_population": 231.0, "meets_definition": true }, "geometry": { "type": "Polygon", "coordinates": [ [ [ -58.088808486268341, -32.333163801003593 ], [ -58.089369798633207, -32.333026993516263 ], [ -58.090310319206182, -32.332776552124038 ], [ -58.090329123450317, -32.332816833628151 ], [ -58.090348233024763, -32.332857767388205 ], [ -58.090580214640944, -32.332796172886674 ], [ -58.090560956793084, -32.332730477901698 ], [ -58.091242124998764, -32.332545821583288 ], [ -58.091251942510596, -32.332587903617565 ], [ -58.09134946438256, -32.332563710150652 ], [ -58.091489255785334, -32.332515457329428 ], [ -58.09143212142083, -32.332371683718648 ], [ -58.091813353387643, -32.332126892854603 ], [ -58.091892650023063, -32.332270474488986 ], [ -58.092290237401421, -32.332157263538789 ], [ -58.092339760403995, -32.332282285610852 ], [ -58.092585298854935, -32.332215249706039 ], [ -58.092401779610888, -32.331528201943129 ], [ -58.090856075889064, -32.332345531022483 ], [ -58.090645559109994, -32.332439951474278 ], [ -58.090466724543354, -32.332512643066657 ], [ -58.089827183282161, -32.332668716384582 ], [ -58.08926978959407, -32.332815592449954 ], [ -58.088744588364456, -32.332951569171172 ], [ -58.088808486268341, -32.333163801003593 ] ] ] } },
{ "type": "Feature", "properties": { "codigo_ai": 11120025, "nombre_ai": "Parkway Sacra 2", "nombre_dep": "Paysandú", "nombre_loc": "Paysandú", "fecha_desde": 2002, "footprints_all": 151, "footprints_min6": 151, "footprints_min10": 134, "oai_viviendas": null, "oai_personas": null, "est_dwellings": 136.0, "est_population": 462.0, "meets_definition": true }, "geometry": { "type": "Polygon", "coordinates": [ [ [ -58.096996187963192, -32.329590926760496 ], [ -58.096885506554941, -32.329584051925686 ], [ -58.096791774622254, -32.329487257240409 ], [ -58.097126047075321, -32.329359345772595 ], [ -58.096999703521384, -32.329170828892124 ], [ -58.096269585909816, -32.329581840400834 ], [ -58.094537801884293, -32.329786774570898 ], [ -58.094723989351884, -32.330351740628224 ], [ -58.093177721263281, -32.331136466023146 ], [ -58.093324698102187, -32.331285659298679 ], [ -58.093753727189913, -32.331532122500846 ], [ -58.093826752831667, -32.332262384226027 ], [ -58.093871965335701, -32.332491100903368 ], [ -58.093528702297995, -32.332718260044665 ], [ -58.094427244402127, -32.332985803478735 ], [ -58.094785221185873, -32.332778132301179 ], [ -58.094348881582789, -32.331685581238624 ], [ -58.094281361996671, -32.331579954368543 ], [ -58.09459123440007, -32.331306715069843 ], [ -58.094782542534716, -32.331112550396604 ], [ -58.094813549482687, -32.330651941390194 ], [ -58.095526196885743, -32.330322721174461 ], [ -58.095578076411634, -32.330396751330824 ], [ -58.09580293096603, -32.330717971699059 ], [ -58.096051768890817, -32.330621578001228 ], [ -58.096476234084619, -32.330464115152139 ], [ -58.096362130304541, -32.329877623770599 ], [ -58.096695312200929, -32.329788623467607 ], [ -58.096770620174603, -32.329991726834571 ], [ -58.097143097973827, -32.329851950310456 ], [ -58.096996187963192, -32.329590926760496 ] ] ] } },
{ "type": "Feature", "properties": { "codigo_ai": 11120005, "nombre_ai": "Parkway Sacra 3 - Sacra", "nombre_dep": "Paysandú", "nombre_loc": "Paysandú", "fecha_desde": 1990, "footprints_all": 560, "footprints_min6": 560, "footprints_min10": 497, "oai_viviendas": null, "oai_personas": null, "est_dwellings": 504.0, "est_population": 1714.0, "meets_definition": true }, "geometry": { "type": "MultiPolygon", "coordinates": [ [ [ [ -58.061975731982535, -32.344882982843693 ], [ -58.061734605569356, -32.345009356090429 ], [ -58.060672112286291, -32.34567300678561 ], [ -58.060291596725214, -32.345847119374639 ], [ -58.060023798708642, -32.345951995461768 ], [ -58.059775670223203, -32.346019207766901 ], [ -58.059398513867229, -32.346090951036416 ], [ -58.058930044846349, -32.346119475084741 ], [ -58.058618540783165, -32.346117273697914 ], [ -58.057588447257388, -32.346045687723503 ], [ -58.057542498005169, -32.346040582102788 ], [ -58.05722663997868, -32.34605998217102 ], [ -58.057141493487073, -32.346076085954671 ], [ -58.0572606139296, -32.346658690723245 ], [ -58.057298312684992, -32.346849662269015 ], [ -58.058779209008605, -32.346744090236854 ], [ -58.059283930689489, -32.346745795375604 ], [ -58.061282543014578, -32.346143105517875 ], [ -58.06121828867991, -32.345976815461988 ], [ -58.06174763304633, -32.345744495531633 ], [ -58.061960647859806, -32.345514836112208 ], [ -58.062441202304583, -32.345270768738963 ], [ -58.064658340676331, -32.344309772890092 ], [ -58.066438285632039, -32.343532063643579 ], [ -58.066367027187368, -32.34335313618444 ], [ -58.066782544940651, -32.342945686225491 ], [ -58.067501992074078, -32.341866971443181 ], [ -58.067366413667855, -32.341750116864077 ], [ -58.067867732336033, -32.341396571830614 ], [ -58.067920176338866, -32.341622483956463 ], [ -58.068585810907166, -32.341590210879424 ], [ -58.068722972222957, -32.341412707821362 ], [ -58.068451574337395, -32.341098023901026 ], [ -58.068864893099587, -32.340785276488177 ], [ -58.069024769656941, -32.34093040625865 ], [ -58.069664633521029, -32.340318697020287 ], [ -58.06983089347986, -32.339784244246886 ], [ -58.070723912576348, -32.338738064225936 ], [ -58.071708246047898, -32.337556057699956 ], [ -58.071921934033696, -32.337455285631201 ], [ -58.071852854155992, -32.337080189497804 ], [ -58.071287025149076, -32.33686984683797 ], [ -58.070408582003793, -32.338114790891723 ], [ -58.06951856183052, -32.339314011158066 ], [ -58.069220943791365, -32.339615611078877 ], [ -58.067960113231052, -32.340748578763566 ], [ -58.065245707646895, -32.343173594522021 ], [ -58.064683506633592, -32.343659452945253 ], [ -58.064479247869798, -32.343819024695961 ], [ -58.064268007945628, -32.343961609598374 ], [ -58.063754029745184, -32.344225245545182 ], [ -58.062829169341882, -32.34456767901343 ], [ -58.06207578696435, -32.344838580592764 ], [ -58.061975731982535, -32.344882982843693 ] ] ], [ [ [ -58.071882495583573, -32.336065272082571 ], [ -58.071657695819518, -32.336353569593101 ], [ -58.072068682436779, -32.336316545232265 ], [ -58.072573417998107, -32.336166938596335 ], [ -58.072811454328402, -32.335836580893641 ], [ -58.073249345876668, -32.335349053549223 ], [ -58.074098407630252, -32.335999495258896 ], [ -58.074282659727658, -32.336034519567299 ], [ -58.074599816193562, -32.335734414804335 ], [ -58.075704556164624, -32.33645920123525 ], [ -58.076231779419331, -32.336790290705387 ], [ -58.076717832901124, -32.336889101268106 ], [ -58.077349674245937, -32.336896520796522 ], [ -58.077566896058862, -32.336815237868173 ], [ -58.078038063687814, -32.336776544301699 ], [ -58.078626243277768, -32.337048037330952 ], [ -58.078526473724381, -32.336514457767663 ], [ -58.078503703393643, -32.336241902421719 ], [ -58.078400728739496, -32.336295582347148 ], [ -58.077824848140907, -32.336452305891044 ], [ -58.077503644404878, -32.336508254400314 ], [ -58.077041536928164, -32.336561478445006 ], [ -58.076802096444695, -32.336551388755304 ], [ -58.076448996920782, -32.336484464178831 ], [ -58.076195686274417, -32.336377124619709 ], [ -58.075995645233967, -32.336267876082921 ], [ -58.07581085859993, -32.336148697105536 ], [ -58.075350765996845, -32.335818964897406 ], [ -58.074646272111465, -32.335291695089587 ], [ -58.074000342685288, -32.334823781894187 ], [ -58.073860609425225, -32.334757686329993 ], [ -58.073675094919125, -32.334718005722763 ], [ -58.073566157846834, -32.33471709798301 ], [ -58.073509125056631, -32.334719081628499 ], [ -58.073373298029431, -32.334753620965451 ], [ -58.07303913586405, -32.334928424329497 ], [ -58.072201009529365, -32.335688569152879 ], [ -58.071882495583573, -32.336065272082571 ] ] ] ] } },
{ "type": "Feature", "properties": { "codigo_ai": 11120010, "nombre_ai": "Parque", "nombre_dep": "Paysandú", "nombre_loc": "Paysandú", "fecha_desde": 2002, "footprints_all": 106, "footprints_min6": 106, "footprints_min10": 92, "oai_viviendas": null, "oai_personas": null, "est_dwellings": 95.0, "est_population": 323.0, "meets_definition": true }, "geometry": { "type": "Polygon", "coordinates": [ [ [ -58.079322105545529, -32.335571348280574 ], [ -58.079812822733693, -32.335249043250926 ], [ -58.080217172719415, -32.335023207467366 ], [ -58.080374246077355, -32.334944821633428 ], [ -58.080283705753928, -32.334505018753489 ], [ -58.07916564703045, -32.334721083697858 ], [ -58.079137931503091, -32.334746668789357 ], [ -58.079143394403992, -32.334941095457964 ], [ -58.079061104237603, -32.33494364766154 ], [ -58.078779446216686, -32.334989804761612 ], [ -58.07868732690531, -32.335021208513382 ], [ -58.078415781273364, -32.335066374473243 ], [ -58.078587852038801, -32.336083309096189 ], [ -58.079322105545529, -32.335571348280574 ] ] ] } },
{ "type": "Feature", "properties": { "codigo_ai": 11900005, "nombre_ai": "Pueblo Zeballos", "nombre_dep": "Paysandú", "nombre_loc": "Zeballos", "fecha_desde": 2015, "footprints_all": 95, "footprints_min6": 95, "footprints_min10": 86, "oai_viviendas": null, "oai_personas": null, "est_dwellings": 86.0, "est_population": 292.0, "meets_definition": true }, "geometry": { "type": "Polygon", "coordinates": [ [ [ -57.416324284519177, -32.054852845717967 ], [ -57.423447479130338, -32.049713797203367 ], [ -57.422709984708369, -32.04896577297572 ], [ -57.422627449814676, -32.049021989513655 ], [ -57.421608223387238, -32.04790795243315 ], [ -57.418990796454459, -32.045204093133975 ], [ -57.418914771631059, -32.045080352698804 ], [ -57.418918908488813, -32.045048404215841 ], [ -57.418891549914896, -32.045019497246244 ], [ -57.414954435455897, -32.047893416115258 ], [ -57.412116360345621, -32.049924250452023 ], [ -57.416324284519177, -32.054852845717967 ] ] ] } },
{ "type": "Feature", "properties": { "codigo_ai": 11120012, "nombre_ai": "San Martín", "nombre_dep": "Paysandú", "nombre_loc": "Paysandú", "fecha_desde": 1990, "footprints_all": 41, "footprints_min6": 41, "footprints_min10": 38, "oai_viviendas": null, "oai_personas": null, "est_dwellings": 37.0, "est_population": 126.0, "meets_definition": true }, "geometry": { "type": "Polygon", "coordinates": [ [ [ -58.077130159308695, -32.331915960644785 ], [ -58.077079793168011, -32.331906904517112 ], [ -58.076990079239991, -32.331766192267921 ], [ -58.076715313490517, -32.331828404837097 ], [ -58.076929041324242, -32.332713192604167 ], [ -58.077556985269155, -32.332555089635839 ], [ -58.077503970738263, -32.332450772067112 ], [ -58.077443099228866, -32.332336040477045 ], [ -58.077130159308695, -32.331915960644785 ] ] ] } },
{ "type": "Feature", "properties": { "codigo_ai": 11621001, "nombre_ai": "Sin Nombre", "nombre_dep": "Paysandú", "nombre_loc": "Quebracho", "fecha_desde": 2010, "footprints_all": 28, "footprints_min6": 28, "footprints_min10": 26, "oai_viviendas": null, "oai_personas": null, "est_dwellings": 25.0, "est_population": 85.0, "meets_definition": true }, "geometry": { "type": "Polygon", "coordinates": [ [ [ -57.908080568540221, -31.935897133665343 ], [ -57.907782574746875, -31.935734777590508 ], [ -57.907787979320524, -31.936433175926609 ], [ -57.907771278303613, -31.936546001473989 ], [ -57.907766056431811, -31.936636305137331 ], [ -57.907807464032437, -31.937606425020522 ], [ -57.908158031633128, -31.937607429844867 ], [ -57.908150547409512, -31.93748893314622 ], [ -57.908896448649891, -31.937452761282575 ], [ -57.908906427571935, -31.937290608702877 ], [ -57.908160526620605, -31.93732054411516 ], [ -57.908115622018748, -31.93654470808827 ], [ -57.908116043843272, -31.936278173178493 ], [ -57.908080568540221, -31.935897133665343 ] ] ] } },
{ "type": "Feature", "properties": { "codigo_ai": 11522007, "nombre_ai": "Sin Nombre", "nombre_dep": "Paysandú", "nombre_loc": "Nuevo Paysandú", "fecha_desde": 2011, "footprints_all": 32, "footprints_min6": 32, "footprints_min10": 29, "oai_viviendas": null, "oai_personas": null, "est_dwellings": 29.0, "est_population": 99.0, "meets_definition": true }, "geometry": { "type": "Polygon", "coordinates": [ [ [ -58.071497326357786, -32.28030747772771 ], [ -58.071299549806469, -32.279278107829143 ], [ -58.07047460539043, -32.279401525478256 ], [ -58.070644633664351, -32.280431242999036 ], [ -58.071497326357786, -32.28030747772771 ] ] ] } },
{ "type": "Feature", "properties": { "codigo_ai": 11120006, "nombre_ai": "Union Portuaria", "nombre_dep": "Paysandú", "nombre_loc": "Paysandú", "fecha_desde": 2002, "footprints_all": 59, "footprints_min6": 59, "footprints_min10": 51, "oai_viviendas": null, "oai_personas": null, "est_dwellings": 53.0, "est_population": 180.0, "meets_definition": true }, "geometry": { "type": "Polygon", "coordinates": [ [ [ -58.101694309189064, -32.317756044617546 ], [ -58.101766447777145, -32.318192450380359 ], [ -58.101415524257973, -32.318243830102347 ], [ -58.101483270636159, -32.318652437552039 ], [ -58.100391635173921, -32.318784207267022 ], [ -58.100548422416772, -32.319700792003403 ], [ -58.100694232176998, -32.320650778126726 ], [ -58.101298172620808, -32.320596111684857 ], [ -58.101172035550704, -32.319624572143447 ], [ -58.101520198654292, -32.319581474625657 ], [ -58.101402180004087, -32.318826606819911 ], [ -58.102206227889283, -32.318718811529173 ], [ -58.102036833234202, -32.317713350402173 ], [ -58.101694309189064, -32.317756044617546 ] ] ] } },
{ "type": "Feature", "properties": { "codigo_ai": 11823002, "nombre_ai": "Vertedero Municipal", "nombre_dep": "Paysandú", "nombre_loc": "Casablanca", "fecha_desde": 2012, "footprints_all": 50, "footprints_min6": 50, "footprints_min10": 43, "oai_viviendas": null, "oai_personas": null, "est_dwellings": 45.0, "est_population": 153.0, "meets_definition": true }, "geometry": { "type": "Polygon", "coordinates": [ [ [ -58.136867654717705, -32.398850101705278 ], [ -58.13642078223446, -32.398622737817064 ], [ -58.136084604418471, -32.398359725894913 ], [ -58.134172988047496, -32.396854535649432 ], [ -58.13335595226787, -32.398427025272163 ], [ -58.134154577036824, -32.398775058386683 ], [ -58.13523883326976, -32.399251786058628 ], [ -58.135628560555446, -32.399419520498839 ], [ -58.135341542380878, -32.399718286903322 ], [ -58.136945504761563, -32.400447194450734 ], [ -58.137089060324712, -32.400056678161555 ], [ -58.136242885893559, -32.399611881721455 ], [ -58.136867654717705, -32.398850101705278 ] ] ] } },
{ "type": "Feature", "properties": { "codigo_ai": 13220010, "nombre_ai": "5 Bocas", "nombre_dep": "Rivera", "nombre_loc": "Rivera", "fecha_desde": 1970, "footprints_all": 127, "footprints_min6": 127, "footprints_min10": 115, "oai_viviendas": null, "oai_personas": null, "est_dwellings": 114.0, "est_population": 388.0, "meets_definition": true }, "geometry": { "type": "Polygon", "coordinates": [ [ [ -55.515790147357656, -30.913837023394318 ], [ -55.515519980690108, -30.913391968133254 ], [ -55.515394525945453, -30.913467787067319 ], [ -55.515205713466486, -30.913257165541907 ], [ -55.51515886965683, -30.913217906586407 ], [ -55.515078342221912, -30.913033653242696 ], [ -55.515029045414082, -30.912949780721959 ], [ -55.515028598365511, -30.912930151139996 ], [ -55.515130763682933, -30.912818617172658 ], [ -55.515058489228608, -30.912705300381923 ], [ -55.514773220459674, -30.912235250049712 ], [ -55.514706268021413, -30.912077814819845 ], [ -55.514670131848959, -30.912018478625935 ], [ -55.514409893688523, -30.911560282892573 ], [ -55.514165142858019, -30.911119426060441 ], [ -55.513928751755365, -30.910767500846031 ], [ -55.514052267690197, -30.910696051039672 ], [ -55.513884093491754, -30.910412299557827 ], [ -55.513427741580621, -30.910648063288072 ], [ -55.513485626654422, -30.910849205298884 ], [ -55.51343906080097, -30.910958500921147 ], [ -55.514161971945896, -30.912235793581484 ], [ -55.514546776000024, -30.912917881874321 ], [ -55.514557260206104, -30.912934165943902 ], [ -55.514736312226191, -30.913249150842081 ], [ -55.515123551554467, -30.913944598927653 ], [ -55.515180914910843, -30.914009338352759 ], [ -55.515224785539061, -30.914043362942024 ], [ -55.515277428892105, -30.914066561808376 ], [ -55.515358625667233, -30.91406031617592 ], [ -55.515577749583606, -30.913957056092659 ], [ -55.515612228761363, -30.913937831023159 ], [ -55.515790147357656, -30.913837023394318 ] ] ] } },
{ "type": "Feature", "properties": { "codigo_ai": 13522001, "nombre_ai": "Barrio Esteves", "nombre_dep": "Rivera", "nombre_loc": "Tranqueras", "fecha_desde": 2010, "footprints_all": 75, "footprints_min6": 75, "footprints_min10": 72, "oai_viviendas": null, "oai_personas": null, "est_dwellings": 68.0, "est_population": 231.0, "meets_definition": true }, "geometry": { "type": "Polygon", "coordinates": [ [ [ -55.763323312983033, -31.18413654839831 ], [ -55.763595216042404, -31.18383289892321 ], [ -55.762023688101891, -31.183094420546414 ], [ -55.761770351483911, -31.183439409932358 ], [ -55.76100033488828, -31.183084903167178 ], [ -55.760917661908564, -31.183198818089284 ], [ -55.765016737774062, -31.185035983057798 ], [ -55.765745338189411, -31.185460488281763 ], [ -55.766456769280062, -31.186064056588933 ], [ -55.766670663008028, -31.18625549722773 ], [ -55.766833196445489, -31.186155729832588 ], [ -55.76675896772776, -31.186046861989816 ], [ -55.766651833712281, -31.185955541369804 ], [ -55.766415409039283, -31.185787531351519 ], [ -55.765414183321489, -31.185079957138441 ], [ -55.764607226462701, -31.184695410509711 ], [ -55.763713565391114, -31.184303817952678 ], [ -55.763557827705853, -31.18423681848898 ], [ -55.763323312983033, -31.18413654839831 ] ] ] } },
{ "type": "Feature", "properties": { "codigo_ai": 13220014, "nombre_ai": "Barrio Estevez", "nombre_dep": "Rivera", "nombre_loc": "Rivera", "fecha_desde": 2003, "footprints_all": 22, "footprints_min6": 22, "footprints_min10": 20, "oai_viviendas": null, "oai_personas": null, "est_dwellings": 20.0, "est_population": 68.0, "meets_definition": true }, "geometry": { "type": "Polygon", "coordinates": [ [ [ -55.532345340103682, -30.921424732417346 ], [ -55.532292556074971, -30.921246020578291 ], [ -55.532154126420217, -30.921289217814351 ], [ -55.532074603552097, -30.921421756571881 ], [ -55.532093548190488, -30.921518269888239 ], [ -55.532029302508157, -30.921543932367467 ], [ -55.531933313366899, -30.921572794463437 ], [ -55.531870470888904, -30.921611475194119 ], [ -55.531860445001669, -30.921635220744513 ], [ -55.53185780627949, -30.921657383820715 ], [ -55.531881014867167, -30.921709660547513 ], [ -55.532029565379375, -30.922131943929703 ], [ -55.532372844678498, -30.922027346675343 ], [ -55.532267135340632, -30.921749719453572 ], [ -55.532426256630785, -30.921700759184994 ], [ -55.532345340103682, -30.921424732417346 ] ] ] } },
{ "type": "Feature", "properties": { "codigo_ai": 13220020, "nombre_ai": "Canada Coqueiro", "nombre_dep": "Rivera", "nombre_loc": "Rivera", "fecha_desde": 2007, "footprints_all": 47, "footprints_min6": 47, "footprints_min10": 44, "oai_viviendas": null, "oai_personas": null, "est_dwellings": 42.0, "est_population": 143.0, "meets_definition": true }, "geometry": { "type": "Polygon", "coordinates": [ [ [ -55.560857486204249, -30.934785774118122 ], [ -55.560542876885478, -30.934941547746469 ], [ -55.560520378805045, -30.934916462466042 ], [ -55.560424469229815, -30.934806327930918 ], [ -55.560387101406263, -30.934791536199697 ], [ -55.560366924721613, -30.934804306740393 ], [ -55.560336497934124, -30.934887292036635 ], [ -55.560332726042319, -30.934966750667929 ], [ -55.560339289857239, -30.934992490350538 ], [ -55.560020960560578, -30.935161446538824 ], [ -55.559597009818951, -30.935386985468611 ], [ -55.559705750232773, -30.935553827648317 ], [ -55.559866064260198, -30.935827870357265 ], [ -55.560139468336359, -30.935857969197333 ], [ -55.560587678643039, -30.935906295079285 ], [ -55.56070036146793, -30.935864465369903 ], [ -55.560870203971227, -30.935835986571856 ], [ -55.561212359069408, -30.935740927168496 ], [ -55.561389534991591, -30.935673314431643 ], [ -55.560857486204249, -30.934785774118122 ] ] ] } },
{ "type": "Feature", "properties": { "codigo_ai": 13220019, "nombre_ai": "Cerro Caqueiro", "nombre_dep": "Rivera", "nombre_loc": "Rivera", "fecha_desde": 2012, "footprints_all": 90, "footprints_min6": 90, "footprints_min10": 82, "oai_viviendas": null, "oai_personas": null, "est_dwellings": 81.0, "est_population": 275.0, "meets_definition": true }, "geometry": { "type": "MultiPolygon", "coordinates": [ [ [ [ -55.517391987755971, -30.900172588658545 ], [ -55.517680035183375, -30.900386410197491 ], [ -55.517780087678837, -30.900467709314444 ], [ -55.517181626973731, -30.900783528515433 ], [ -55.517355938551781, -30.901030045150772 ], [ -55.517650365931274, -30.900868885815363 ], [ -55.517907745448333, -30.900728193379418 ], [ -55.518264846317059, -30.900557784159012 ], [ -55.518293067111017, -30.900528478512065 ], [ -55.51839509558026, -30.900475292775731 ], [ -55.518754637296396, -30.900290230535152 ], [ -55.518897640370014, -30.900246814296935 ], [ -55.518953810357999, -30.900144242950315 ], [ -55.518961950485178, -30.900076947749135 ], [ -55.518889670286065, -30.899800741084633 ], [ -55.518696567953249, -30.899453921966824 ], [ -55.518686799191222, -30.899356235219109 ], [ -55.518670518434085, -30.899292196068064 ], [ -55.518593453812116, -30.899220559044359 ], [ -55.518529414358319, -30.89917605664515 ], [ -55.518498480851513, -30.899139152727003 ], [ -55.518479486009156, -30.899109846672509 ], [ -55.51840033549967, -30.899055938099757 ], [ -55.51824258437739, -30.89910356142909 ], [ -55.518305089164222, -30.899457758402853 ], [ -55.518066745944445, -30.899685900147102 ], [ -55.517742788357154, -30.899786256305411 ], [ -55.517732704303143, -30.89971099260509 ], [ -55.517574222276878, -30.899632366485616 ], [ -55.517476196695263, -30.89972312146687 ], [ -55.516864489596323, -30.899859579563817 ], [ -55.51679277473977, -30.900142221677523 ], [ -55.517391987755971, -30.900172588658545 ] ] ], [ [ [ -55.518522000278189, -30.900879606044974 ], [ -55.518303689204814, -30.900567556870147 ], [ -55.518107118283858, -30.900675386104766 ], [ -55.518511464272855, -30.901221634763385 ], [ -55.518780958676025, -30.901069555634287 ], [ -55.518835771945824, -30.901040249440662 ], [ -55.518857479788068, -30.901008772397706 ], [ -55.518611154616188, -30.90080422941973 ], [ -55.518522000278189, -30.900879606044974 ] ] ], [ [ [ -55.516042817859521, -30.89915215485097 ], [ -55.515990848920332, -30.899193234539528 ], [ -55.515878650383819, -30.899296857866169 ], [ -55.51564414649026, -30.899484546887422 ], [ -55.515614381541717, -30.89952324048846 ], [ -55.515164207412305, -30.899743594835694 ], [ -55.51518070066053, -30.899773455457598 ], [ -55.515579332038499, -30.900358447924489 ], [ -55.516553599614618, -30.899904320716065 ], [ -55.516042817859521, -30.89915215485097 ] ] ] ] } },
{ "type": "Feature", "properties": { "codigo_ai": 13220015, "nombre_ai": "Continuacion Bernabe Rivera", "nombre_dep": "Rivera", "nombre_loc": "Rivera", "fecha_desde": 2000, "footprints_all": 76, "footprints_min6": 76, "footprints_min10": 72, "oai_viviendas": null, "oai_personas": null, "est_dwellings": 68.0, "est_population": 231.0, "meets_definition": true }, "geometry": { "type": "Polygon", "coordinates": [ [ [ -55.560216527590278, -30.88873792444657 ], [ -55.560133883250977, -30.888568700703452 ], [ -55.560003769579701, -30.888353327835489 ], [ -55.55983843679568, -30.888151522602929 ], [ -55.559827171939098, -30.888136302466915 ], [ -55.559692725250812, -30.888010550958619 ], [ -55.559519673982024, -30.887856998509992 ], [ -55.55937261432274, -30.887758134432239 ], [ -55.559154073512715, -30.887610827985881 ], [ -55.558878655037915, -30.887462149677752 ], [ -55.558586445816459, -30.887310574428842 ], [ -55.558494694707164, -30.887357452872973 ], [ -55.55847903534498, -30.887349433760949 ], [ -55.558412585213979, -30.88746720127142 ], [ -55.558630607514694, -30.887793817656306 ], [ -55.558688777054023, -30.887762073896738 ], [ -55.558697311054182, -30.887774588678035 ], [ -55.558929188809529, -30.888076327323777 ], [ -55.558935737956752, -30.888068611555973 ], [ -55.559041039771074, -30.888203038713563 ], [ -55.559050000835114, -30.888212747868895 ], [ -55.55916138587898, -30.88838590024071 ], [ -55.559215048330721, -30.888456210988437 ], [ -55.55927350354559, -30.888507767776954 ], [ -55.55932225072015, -30.88852970360308 ], [ -55.559336863312929, -30.888540648531627 ], [ -55.55935982878357, -30.888542815111215 ], [ -55.559446060409257, -30.888579647707044 ], [ -55.559539226155174, -30.888674113437602 ], [ -55.559601191074663, -30.888749945015633 ], [ -55.559655318525436, -30.88883807835602 ], [ -55.559748278628348, -30.888989440840099 ], [ -55.559895683836132, -30.888918424583341 ], [ -55.560065544711783, -30.889188944953705 ], [ -55.560238106660556, -30.889112864541485 ], [ -55.560073288321391, -30.888825805398273 ], [ -55.560216527590278, -30.88873792444657 ] ] ] } },
{ "type": "Feature", "properties": { "codigo_ai": 13220013, "nombre_ai": "La Alegria", "nombre_dep": "Rivera", "nombre_loc": "Rivera", "fecha_desde": 1960, "footprints_all": 262, "footprints_min6": 262, "footprints_min10": 243, "oai_viviendas": null, "oai_personas": null, "est_dwellings": 236.0, "est_population": 802.0, "meets_definition": true }, "geometry": { "type": "Polygon", "coordinates": [ [ [ -55.532506316335883, -30.918081603959603 ], [ -55.532331349955072, -30.918197368872207 ], [ -55.532191226758002, -30.918322772919758 ], [ -55.531878146110365, -30.918159642439161 ], [ -55.531455545901864, -30.918343538354975 ], [ -55.531029383805617, -30.918518689834674 ], [ -55.531142221122622, -30.918719755931306 ], [ -55.531381416922407, -30.919127112633763 ], [ -55.531576789942619, -30.919579085418711 ], [ -55.532125372619817, -30.919434639650326 ], [ -55.532153641481138, -30.919427647373112 ], [ -55.532254886784834, -30.919399197478498 ], [ -55.533036293146466, -30.919199885420426 ], [ -55.533400640195893, -30.919100927395441 ], [ -55.53343662455876, -30.919091931057146 ], [ -55.534143797773027, -30.918899606704432 ], [ -55.534675166332022, -30.918758109768255 ], [ -55.536183283334935, -30.917908971911217 ], [ -55.535824824434329, -30.917463720048996 ], [ -55.536091569934186, -30.917349589273318 ], [ -55.536016476361539, -30.917118857397565 ], [ -55.53616289998115, -30.917091280309521 ], [ -55.53615475580758, -30.917061379624535 ], [ -55.53633370691113, -30.917028613937358 ], [ -55.536464148694279, -30.916991592780683 ], [ -55.536399061902763, -30.916835669716537 ], [ -55.5360828380919, -30.916968966625852 ], [ -55.535847258271268, -30.917003546572989 ], [ -55.535535306490928, -30.91703472874568 ], [ -55.535226972758792, -30.917046772305877 ], [ -55.535233456534897, -30.917178610265065 ], [ -55.535006521866599, -30.917247771142321 ], [ -55.535038941705274, -30.91734070621764 ], [ -55.535244262450533, -30.917299641983014 ], [ -55.535284482761156, -30.917347930977879 ], [ -55.534879006569561, -30.917915605363049 ], [ -55.534926664939, -30.918020262998137 ], [ -55.53460681490489, -30.918145573958288 ], [ -55.534397042618622, -30.918259248448351 ], [ -55.534259798759329, -30.918347999725199 ], [ -55.534016186736416, -30.918425114743648 ], [ -55.533807013817004, -30.918429988706357 ], [ -55.533811337054821, -30.918270054466326 ], [ -55.533005180938972, -30.918278699892877 ], [ -55.533017249431282, -30.918564134685816 ], [ -55.532973386126578, -30.918560065278673 ], [ -55.532879713200771, -30.91856169105661 ], [ -55.532841007972905, -30.918549864426861 ], [ -55.532776217140324, -30.918476816696757 ], [ -55.532626370110314, -30.918245472097318 ], [ -55.532506316335883, -30.918081603959603 ] ] ] } },
{ "type": "Feature", "properties": { "codigo_ai": 13837002, "nombre_ai": "La Canada", "nombre_dep": "Rivera", "nombre_loc": "Rivera", "fecha_desde": 2003, "footprints_all": 39, "footprints_min6": 39, "footprints_min10": 36, "oai_viviendas": null, "oai_personas": null, "est_dwellings": 35.0, "est_population": 119.0, "meets_definition": true }, "geometry": { "type": "Polygon", "coordinates": [ [ [ -55.545695776572281, -30.926691068911886 ], [ -55.545260311080796, -30.926017734848639 ], [ -55.544821395261721, -30.92600198281934 ], [ -55.544633130491505, -30.926005864269147 ], [ -55.544679711722523, -30.926302819039947 ], [ -55.54457684476688, -30.926335813689995 ], [ -55.544347821977802, -30.926427034749274 ], [ -55.544511082533532, -30.926683984460951 ], [ -55.544383439024642, -30.92673877130489 ], [ -55.544798489570439, -30.927324419695253 ], [ -55.545763330643801, -30.926776164114845 ], [ -55.545695776572281, -30.926691068911886 ] ] ] } },
{ "type": "Feature", "properties": { "codigo_ai": 13721002, "nombre_ai": "La Colina", "nombre_dep": "Rivera", "nombre_loc": "Santa Teresa", "fecha_desde": 2004, "footprints_all": 359, "footprints_min6": 359, "footprints_min10": 331, "oai_viviendas": null, "oai_personas": null, "est_dwellings": 323.0, "est_population": 1098.0, "meets_definition": true }, "geometry": { "type": "Polygon", "coordinates": [ [ [ -55.570217754159856, -30.922754247301874 ], [ -55.572420954033184, -30.921611428059457 ], [ -55.571661551412447, -30.920574243756803 ], [ -55.571612446203012, -30.920504855319905 ], [ -55.570816594869321, -30.919459356720061 ], [ -55.570718975804269, -30.91933290709655 ], [ -55.570346594565493, -30.91885304321579 ], [ -55.570120156377904, -30.918997139847992 ], [ -55.570175041367719, -30.919076943682974 ], [ -55.569981511602144, -30.919226861337211 ], [ -55.569755271604748, -30.9190987494624 ], [ -55.569638063341976, -30.919213232359546 ], [ -55.570297701299054, -30.919673888299453 ], [ -55.56859834135728, -30.92067165349582 ], [ -55.568584463469833, -30.920702611324391 ], [ -55.568628230961991, -30.920764526602355 ], [ -55.569053218417061, -30.921292086716239 ], [ -55.569118750306465, -30.921386883372307 ], [ -55.569226569154999, -30.921529929316673 ], [ -55.569324778942445, -30.921647354647021 ], [ -55.569392023603491, -30.921712750289018 ], [ -55.569484306466926, -30.921735967186788 ], [ -55.569530728451873, -30.921734352466306 ], [ -55.569586318516919, -30.921787731692117 ], [ -55.569589520810858, -30.921828297540038 ], [ -55.569837699256688, -30.922111812751208 ], [ -55.569895683236034, -30.922151605034205 ], [ -55.569957076713756, -30.922191398009687 ], [ -55.569935393765022, -30.922261704811756 ], [ -55.57022041736036, -30.922694044991765 ], [ -55.570217754159856, -30.922754247301874 ] ] ] } },
{ "type": "Feature", "properties": { "codigo_ai": 13020001, "nombre_ai": "La Colina Ii", "nombre_dep": "Rivera", "nombre_loc": "Rivera", "fecha_desde": 2012, "footprints_all": 262, "footprints_min6": 262, "footprints_min10": 245, "oai_viviendas": null, "oai_personas": null, "est_dwellings": 236.0, "est_population": 802.0, "meets_definition": true }, "geometry": { "type": "Polygon", "coordinates": [ [ [ -55.572420954033184, -30.921611428059457 ], [ -55.570217754159856, -30.922754247301874 ], [ -55.570215080301885, -30.922814673239024 ], [ -55.570259500518596, -30.922889472300383 ], [ -55.570464550412034, -30.923170146594163 ], [ -55.570929910280611, -30.922923182724382 ], [ -55.571051188147074, -30.923153652966786 ], [ -55.57108373456208, -30.92314378079725 ], [ -55.57120589567473, -30.923340226072749 ], [ -55.571521708714037, -30.923189368032286 ], [ -55.571546260722151, -30.923208583669517 ], [ -55.571596433835431, -30.923296119049549 ], [ -55.571714926717704, -30.92344450194317 ], [ -55.571899828402955, -30.923382861605635 ], [ -55.572483772582885, -30.924138707924971 ], [ -55.572325677310971, -30.924228658371604 ], [ -55.572233001543729, -30.924130530351167 ], [ -55.5719249885612, -30.924345867129123 ], [ -55.572051737775155, -30.924509413068478 ], [ -55.571829598781022, -30.924649438595193 ], [ -55.571845163362767, -30.924684945171744 ], [ -55.571999951471014, -30.924981712038718 ], [ -55.57202130115644, -30.925054836554747 ], [ -55.572045853906388, -30.925093266260792 ], [ -55.572049590252249, -30.925135433038484 ], [ -55.572086545510075, -30.925404359284435 ], [ -55.573000636823672, -30.924802923753269 ], [ -55.573091591089913, -30.924748351127263 ], [ -55.573132520018561, -30.92474266694737 ], [ -55.573278824608138, -30.924767943427998 ], [ -55.57338378167654, -30.92473243431709 ], [ -55.573512254559638, -30.924765405328319 ], [ -55.573732818794333, -30.924864318036594 ], [ -55.574069349487033, -30.924849538373387 ], [ -55.574214876911526, -30.924891604199317 ], [ -55.574272860110547, -30.924960956957879 ], [ -55.57467802207087, -30.924686589043716 ], [ -55.5744909787159, -30.924382841140389 ], [ -55.574330441791574, -30.924357986515609 ], [ -55.574206633980303, -30.924390787643016 ], [ -55.574127414774786, -30.924329511740407 ], [ -55.573906627148006, -30.924081466251735 ], [ -55.573955691492714, -30.924040580164196 ], [ -55.573892998812646, -30.923950629518714 ], [ -55.574021110319443, -30.923841598715082 ], [ -55.573842571359059, -30.923446530956255 ], [ -55.57377545307655, -30.92341189135772 ], [ -55.573653387242608, -30.923252307049399 ], [ -55.573193419964603, -30.922672607298146 ], [ -55.572753076871621, -30.922081829742826 ], [ -55.572669043164872, -30.921962161761588 ], [ -55.572431144104648, -30.921625346031842 ], [ -55.572420954033184, -30.921611428059457 ] ] ] } },
{ "type": "Feature", "properties": { "codigo_ai": 13220004, "nombre_ai": "La Estiva", "nombre_dep": "Rivera", "nombre_loc": "Rivera", "fecha_desde": 1960, "footprints_all": 25, "footprints_min6": 25, "footprints_min10": 24, "oai_viviendas": null, "oai_personas": null, "est_dwellings": 22.0, "est_population": 75.0, "meets_definition": true }, "geometry": { "type": "Polygon", "coordinates": [ [ [ -55.560465598118306, -30.893951540662737 ], [ -55.562469526126854, -30.893610089754208 ], [ -55.562456092136486, -30.893507093946706 ], [ -55.560434251877524, -30.893710845323191 ], [ -55.560439849311251, -30.893874294536342 ], [ -55.560465598118306, -30.893951540662737 ] ] ] } },
{ "type": "Feature", "properties": { "codigo_ai": 13836001, "nombre_ai": "La Pedrera", "nombre_dep": "Rivera", "nombre_loc": "La Pedrera", "fecha_desde": 2003, "footprints_all": 22, "footprints_min6": 22, "footprints_min10": 19, "oai_viviendas": null, "oai_personas": null, "est_dwellings": 20.0, "est_population": 68.0, "meets_definition": true }, "geometry": { "type": "Polygon", "coordinates": [ [ [ -55.544845019401777, -30.936197793986764 ], [ -55.545237021435383, -30.935960132310129 ], [ -55.544834825582804, -30.935458551979348 ], [ -55.544466195378298, -30.935686167176442 ], [ -55.544518941244213, -30.935757594064061 ], [ -55.544596925817487, -30.93583868158354 ], [ -55.544696394781248, -30.935978553347205 ], [ -55.544845019401777, -30.936197793986764 ] ] ] } },
{ "type": "Feature", "properties": { "codigo_ai": 13837003, "nombre_ai": "La Vía", "nombre_dep": "Rivera", "nombre_loc": "Mandubí", "fecha_desde": 2003, "footprints_all": 59, "footprints_min6": 59, "footprints_min10": 53, "oai_viviendas": null, "oai_personas": null, "est_dwellings": 53.0, "est_population": 180.0, "meets_definition": true }, "geometry": { "type": "Polygon", "coordinates": [ [ [ -55.551499818207809, -30.928298441144946 ], [ -55.551274609090285, -30.928419950695506 ], [ -55.551340928843523, -30.928501319425973 ], [ -55.551272068836184, -30.92854983025687 ], [ -55.551283982853718, -30.928605839430229 ], [ -55.551418626064191, -30.928788622626147 ], [ -55.55164307807005, -30.928948429666178 ], [ -55.551622853978486, -30.928980321257214 ], [ -55.551592828853266, -30.929021792621491 ], [ -55.552028969404944, -30.929376675769348 ], [ -55.553187863116648, -30.930316509902404 ], [ -55.55332653633306, -30.930437923832368 ], [ -55.553509414870561, -30.930276240561493 ], [ -55.55343928878559, -30.930228239520858 ], [ -55.552872338569934, -30.929759016844972 ], [ -55.552027550067429, -30.929005797071703 ], [ -55.551873021905806, -30.928823704779479 ], [ -55.551710976503941, -30.928598177605238 ], [ -55.551499818207809, -30.928298441144946 ] ] ] } },
{ "type": "Feature", "properties": { "codigo_ai": 13837006, "nombre_ai": "Nuevo Arenera", "nombre_dep": "Rivera", "nombre_loc": "Mandubí", "fecha_desde": 2014, "footprints_all": 30, "footprints_min6": 30, "footprints_min10": 29, "oai_viviendas": null, "oai_personas": null, "est_dwellings": 27.0, "est_population": 92.0, "meets_definition": true }, "geometry": { "type": "Polygon", "coordinates": [ [ [ -55.559021916233739, -30.935821947598381 ], [ -55.558836162927861, -30.935381894100797 ], [ -55.558795772264325, -30.935348630933909 ], [ -55.558749441897753, -30.935358134188583 ], [ -55.558198116248668, -30.935631587544474 ], [ -55.55715361443491, -30.936165099673129 ], [ -55.557087454542817, -30.93617163470493 ], [ -55.557013713685528, -30.936216288548643 ], [ -55.557260761339464, -30.936587748096553 ], [ -55.557510178227638, -30.937040964423154 ], [ -55.557658923465986, -30.936930087928069 ], [ -55.557939033639705, -30.936733134938521 ], [ -55.557818674389772, -30.936540559201305 ], [ -55.557928091651959, -30.936483661332094 ], [ -55.557895267023362, -30.936415822639056 ], [ -55.558374517845543, -30.936157595354182 ], [ -55.558436748406862, -30.936030286705183 ], [ -55.558461984030743, -30.936010052188788 ], [ -55.558566843043629, -30.935930850262356 ], [ -55.558656642313672, -30.935929177441714 ], [ -55.558721899987717, -30.935915791092015 ], [ -55.559021916233739, -30.935821947598381 ] ] ] } },
{ "type": "Feature", "properties": { "codigo_ai": 13836002, "nombre_ai": "Paso Del Enano", "nombre_dep": "Rivera", "nombre_loc": "La Pedrera", "fecha_desde": 2012, "footprints_all": 14, "footprints_min6": 14, "footprints_min10": 14, "oai_viviendas": null, "oai_personas": null, "est_dwellings": 13.0, "est_population": 44.0, "meets_definition": true }, "geometry": { "type": "Polygon", "coordinates": [ [ [ -55.538112857634552, -30.934399875588038 ], [ -55.538104295353072, -30.934377657910051 ], [ -55.537975935085861, -30.933985651774769 ], [ -55.537953058159523, -30.933807629600071 ], [ -55.537848664260537, -30.933836160787603 ], [ -55.537457735649859, -30.933942252607501 ], [ -55.537593445913551, -30.934486343686338 ], [ -55.537684284956327, -30.934469010773533 ], [ -55.537718672286132, -30.934465453568286 ], [ -55.538112857634552, -30.934399875588038 ] ] ] } },
{ "type": "Feature", "properties": { "codigo_ai": 13220018, "nombre_ai": "Saavedra", "nombre_dep": "Rivera", "nombre_loc": "Rivera", "fecha_desde": 2002, "footprints_all": 17, "footprints_min6": 17, "footprints_min10": 17, "oai_viviendas": null, "oai_personas": null, "est_dwellings": 15.0, "est_population": 51.0, "meets_definition": true }, "geometry": { "type": "Polygon", "coordinates": [ [ [ -55.546353571165248, -30.890420458430413 ], [ -55.546719133519318, -30.890223464054507 ], [ -55.546718145431107, -30.89019087452812 ], [ -55.546570996673587, -30.889982496053186 ], [ -55.54654136902689, -30.889967682010891 ], [ -55.546507792270553, -30.889975582483121 ], [ -55.546309288506158, -30.89006643941228 ], [ -55.546267520003539, -30.890106362473166 ], [ -55.545936633305594, -30.890590327124837 ], [ -55.545909567609655, -30.890620716658649 ], [ -55.545870804672553, -30.890662688873224 ], [ -55.545880433769042, -30.890668614480017 ], [ -55.546353571165248, -30.890420458430413 ] ] ] } },
{ "type": "Feature", "properties": { "codigo_ai": 13833001, "nombre_ai": "Sin Nombre", "nombre_dep": "Rivera", "nombre_loc": "Moirones", "fecha_desde": 2004, "footprints_all": 112, "footprints_min6": 112, "footprints_min10": 107, "oai_viviendas": null, "oai_personas": null, "est_dwellings": 101.0, "est_population": 343.0, "meets_definition": true }, "geometry": { "type": "Polygon", "coordinates": [ [ [ -54.986837066613049, -31.606023609680722 ], [ -54.987846739551927, -31.606029302879264 ], [ -54.987897982389391, -31.605824331563365 ], [ -54.987956816642452, -31.60575980340759 ], [ -54.98796061300979, -31.605695275706758 ], [ -54.987928348916448, -31.605611768481083 ], [ -54.988004264404367, -31.60555103621094 ], [ -54.988087770813252, -31.605552934651232 ], [ -54.988222520497068, -31.605545343325495 ], [ -54.988368657270001, -31.605541547305087 ], [ -54.988605893362539, -31.605473223082889 ], [ -54.988687502282701, -31.605465632123355 ], [ -54.988702685225235, -31.605404899795097 ], [ -54.988679910416657, -31.605275844040879 ], [ -54.988534248065463, -31.604883930854903 ], [ -54.988587388783507, -31.604595452626615 ], [ -54.9884203747784, -31.604390481237971 ], [ -54.98837862154744, -31.604119084558064 ], [ -54.988254707993363, -31.604079883165827 ], [ -54.987885172230676, -31.603553515390239 ], [ -54.986354529882824, -31.60333525901537 ], [ -54.985221493407757, -31.603200508881187 ], [ -54.984839544077111, -31.603157331939329 ], [ -54.984815346827631, -31.603364201716769 ], [ -54.98443090804092, -31.603327810469306 ], [ -54.984069951609705, -31.603307495035274 ], [ -54.984229486335721, -31.603886272187438 ], [ -54.984237441643913, -31.604041271134271 ], [ -54.983466901022076, -31.603957763693661 ], [ -54.983421352074295, -31.604083024466188 ], [ -54.983227767989199, -31.603999517460903 ], [ -54.982707747756685, -31.603680672804668 ], [ -54.982390801795979, -31.60380783124905 ], [ -54.983053162477802, -31.604206387005092 ], [ -54.983290397906998, -31.60424054884281 ], [ -54.983364415411586, -31.606121350750563 ], [ -54.985049260514927, -31.606648013177296 ], [ -54.986423328022696, -31.606997223622347 ], [ -54.986837066613049, -31.606023609680722 ] ] ] } },
{ "type": "Feature", "properties": { "codigo_ai": 14521001, "nombre_ai": "Barrio San Vicente- Cuna San Vicente", "nombre_dep": "Rocha", "nombre_loc": "Chuy", "fecha_desde": 2003, "footprints_all": 34, "footprints_min6": 34, "footprints_min10": 34, "oai_viviendas": null, "oai_personas": null, "est_dwellings": 31.0, "est_population": 105.0, "meets_definition": true }, "geometry": { "type": "Polygon", "coordinates": [ [ [ -53.464978089266907, -33.701229268887246 ], [ -53.464976417957729, -33.701148888838951 ], [ -53.464724446007871, -33.701149713420278 ], [ -53.464391496810265, -33.70115077222863 ], [ -53.460540023385988, -33.701163280248672 ], [ -53.46046897749126, -33.70116112232855 ], [ -53.459633899301288, -33.701175438097017 ], [ -53.459642679927633, -33.701316838819537 ], [ -53.460475469898931, -33.701302426756129 ], [ -53.460542271209562, -33.701299502324716 ], [ -53.462277345544564, -33.701257650339748 ], [ -53.463880356553922, -33.701221811121734 ], [ -53.464978089266907, -33.701229268887246 ] ] ] } },
{ "type": "Feature", "properties": { "codigo_ai": 14900002, "nombre_ai": "Laguna De Rocha", "nombre_dep": "Rocha", "nombre_loc": "Rural", "fecha_desde": 2002, "footprints_all": 43, "footprints_min6": 43, "footprints_min10": 39, "oai_viviendas": null, "oai_personas": null, "est_dwellings": 39.0, "est_population": 133.0, "meets_definition": true }, "geometry": { "type": "Polygon", "coordinates": [ [ [ -54.259150573796077, -34.674767766264068 ], [ -54.259959056943337, -34.675036107294787 ], [ -54.260114975714053, -34.674772045988895 ], [ -54.26016154239602, -34.674692132719947 ], [ -54.25932033522303, -34.674346292288377 ], [ -54.259267390704522, -34.674330011182789 ], [ -54.258800043822554, -34.674153946369174 ], [ -54.258513803538243, -34.67409712838986 ], [ -54.258371760746272, -34.67405666744903 ], [ -54.258319247454295, -34.67406011072665 ], [ -54.257968011845712, -34.673940449597666 ], [ -54.257909576510094, -34.67392508816252 ], [ -54.257517989155524, -34.673776428076891 ], [ -54.257498551997571, -34.673778117829031 ], [ -54.257174302436653, -34.673684405604718 ], [ -54.257009960103815, -34.674062886842613 ], [ -54.257695398239704, -34.674319635997328 ], [ -54.25833050859471, -34.674507853540455 ], [ -54.258395733286257, -34.674525335405463 ], [ -54.259150573796077, -34.674767766264068 ] ] ] } },
{ "type": "Feature", "properties": { "codigo_ai": 14900003, "nombre_ai": "Laguna Garzón", "nombre_dep": "Rocha", "nombre_loc": "Rural", "fecha_desde": 2003, "footprints_all": 43, "footprints_min6": 43, "footprints_min10": 40, "oai_viviendas": null, "oai_personas": null, "est_dwellings": 39.0, "est_population": 133.0, "meets_definition": true }, "geometry": { "type": "Polygon", "coordinates": [ [ [ -54.567617067328861, -34.801088964120602 ], [ -54.567520855662025, -34.801032689305558 ], [ -54.567371888527518, -34.800911233750568 ], [ -54.567275261608231, -34.800823330741999 ], [ -54.567059193239025, -34.800569684407627 ], [ -54.566901166842911, -34.800377551614517 ], [ -54.566836294583304, -34.800229128324887 ], [ -54.566613909885199, -34.800248944832518 ], [ -54.566624919684457, -34.80040527399786 ], [ -54.566587393756556, -34.800438683336083 ], [ -54.566481344934971, -34.800327605077172 ], [ -54.566378517509392, -34.800151323443771 ], [ -54.566190831488576, -34.799705860532413 ], [ -54.566069459458696, -34.799484316179736 ], [ -54.565979402663217, -34.799334350894398 ], [ -54.565886746903999, -34.799211936201282 ], [ -54.565772926441689, -34.798961349800493 ], [ -54.565659909912128, -34.798425177124436 ], [ -54.565104177778231, -34.798555735174006 ], [ -54.565158858355431, -34.799334524520091 ], [ -54.565152897713666, -34.799499690308146 ], [ -54.565080041301279, -34.799616167201272 ], [ -54.564971217363748, -34.799697206798989 ], [ -54.564813768957613, -34.799787508294564 ], [ -54.564685735944877, -34.799877472704942 ], [ -54.564914151195971, -34.800003308527415 ], [ -54.565132277980368, -34.800110525988352 ], [ -54.566151369248345, -34.80062908626644 ], [ -54.566212215514227, -34.800650967694985 ], [ -54.566294649800355, -34.800635710631276 ], [ -54.566409165621728, -34.800636914712008 ], [ -54.566482170010708, -34.800638102203905 ], [ -54.566553279213473, -34.800690512152229 ], [ -54.566579058094902, -34.800722178822184 ], [ -54.566987290121865, -34.800930518189141 ], [ -54.567168724101457, -34.801020299841483 ], [ -54.567316741964497, -34.801148577148474 ], [ -54.567419692204368, -34.80117481498403 ], [ -54.567561057750609, -34.801176131279199 ], [ -54.567617067328861, -34.801088964120602 ] ] ] } },
{ "type": "Feature", "properties": { "codigo_ai": 14521002, "nombre_ai": "Pista De Carrera", "nombre_dep": "Rocha", "nombre_loc": "Chuy", "fecha_desde": 2012, "footprints_all": 331, "footprints_min6": 331, "footprints_min10": 316, "oai_viviendas": null, "oai_personas": null, "est_dwellings": 298.0, "est_population": 1013.0, "meets_definition": true }, "geometry": { "type": "Polygon", "coordinates": [ [ [ -53.470500495394027, -33.700631191890281 ], [ -53.470462061737699, -33.700992734492708 ], [ -53.470297958237971, -33.700983192181035 ], [ -53.470262040428054, -33.701322741656305 ], [ -53.470354266341339, -33.701310145713158 ], [ -53.470854634691584, -33.701318209015604 ], [ -53.470934046337035, -33.701315321458218 ], [ -53.470921470559702, -33.701374620705948 ], [ -53.470840196450524, -33.702601794257262 ], [ -53.47084114769072, -33.702628179222152 ], [ -53.472771626506777, -33.702627332253819 ], [ -53.472767738847494, -33.702501146308379 ], [ -53.472672588228143, -33.697452406271665 ], [ -53.472447301919729, -33.697418172511675 ], [ -53.47239890935591, -33.69740782227931 ], [ -53.47133996246184, -33.697256970916897 ], [ -53.4709816568569, -33.69719779653218 ], [ -53.470462344176589, -33.697133703965385 ], [ -53.470230484577741, -33.699082841939237 ], [ -53.470064359049935, -33.700577599342317 ], [ -53.470500495394027, -33.700631191890281 ] ] ] } },
{ "type": "Feature", "properties": { "codigo_ai": 14900001, "nombre_ai": "Puente De Valizas", "nombre_dep": "Rocha", "nombre_loc": "Rural", "fecha_desde": 2003, "footprints_all": 114, "footprints_min6": 114, "footprints_min10": 103, "oai_viviendas": null, "oai_personas": null, "est_dwellings": 103.0, "est_population": 350.0, "meets_definition": true }, "geometry": { "type": "MultiPolygon", "coordinates": [ [ [ [ -53.846140611459276, -34.358915686959207 ], [ -53.846161826337941, -34.357127569208068 ], [ -53.845476153418169, -34.357102744967762 ], [ -53.845496997848898, -34.357236569161181 ], [ -53.845471898086835, -34.357379881907562 ], [ -53.845466520257709, -34.357405445792182 ], [ -53.84523934418749, -34.35803601253582 ], [ -53.845152947868065, -34.357956123431819 ], [ -53.845075868055794, -34.35791378737396 ], [ -53.844973970891765, -34.358099836878608 ], [ -53.845048389827895, -34.35817083906155 ], [ -53.845109140745535, -34.358238044577128 ], [ -53.845467782015255, -34.358749841794392 ], [ -53.845715971820574, -34.359320475071485 ], [ -53.84598988120095, -34.359066418091921 ], [ -53.846140611459276, -34.358915686959207 ] ] ], [ [ [ -53.844692323524015, -34.358540931694463 ], [ -53.844468825938826, -34.358366537846983 ], [ -53.844295665660304, -34.358280517343822 ], [ -53.843977207243576, -34.358155780392693 ], [ -53.843656902191881, -34.358059830615289 ], [ -53.843384134192775, -34.357975203853719 ], [ -53.843210898673718, -34.357950603467941 ], [ -53.84317929884822, -34.357949876996109 ], [ -53.843140435595515, -34.357941160126678 ], [ -53.843163387537061, -34.358202555933303 ], [ -53.84316021610028, -34.358249524859779 ], [ -53.843361580489251, -34.358282996809649 ], [ -53.843940888149227, -34.358418282900701 ], [ -53.844143049562092, -34.358595146573094 ], [ -53.844270647514634, -34.358708506344662 ], [ -53.844545011503577, -34.358828985308058 ], [ -53.844656931863938, -34.358800203658141 ], [ -53.844642427537813, -34.358852038598314 ], [ -53.844515090094248, -34.359128156428646 ], [ -53.844286887443232, -34.359601545055625 ], [ -53.844406364830334, -34.359640923261608 ], [ -53.84485142975872, -34.359794079525329 ], [ -53.84495927313143, -34.359832115991708 ], [ -53.845477649873793, -34.360017483397364 ], [ -53.84554958215422, -34.359994214072977 ], [ -53.845476180538327, -34.359756657333051 ], [ -53.845492635530327, -34.35971438354126 ], [ -53.845417375134865, -34.359524857173753 ], [ -53.845220428682183, -34.359182178100191 ], [ -53.845166202744601, -34.359079704793402 ], [ -53.844928354886285, -34.35877317471077 ], [ -53.844819030059163, -34.358663122670606 ], [ -53.844692323524015, -34.358540931694463 ] ] ] ] } },
{ "type": "Feature", "properties": { "codigo_ai": 14953001, "nombre_ai": "Puerto De Los Botes", "nombre_dep": "Rocha", "nombre_loc": "Puerto De Los Botes", "fecha_desde": 1960, "footprints_all": 63, "footprints_min6": 63, "footprints_min10": 59, "oai_viviendas": null, "oai_personas": null, "est_dwellings": 57.0, "est_population": 194.0, "meets_definition": true }, "geometry": { "type": "Polygon", "coordinates": [ [ [ -54.320118753018448, -34.545482288622523 ], [ -54.317378199156231, -34.543790114561695 ], [ -54.317288748425604, -34.543794833208885 ], [ -54.317112361140794, -34.544017908530108 ], [ -54.318220793743329, -34.544844985206311 ], [ -54.318298076255772, -34.545206555933603 ], [ -54.318502321933501, -34.545161014586654 ], [ -54.31858378647425, -34.545444232311063 ], [ -54.31874796984868, -34.545296258400683 ], [ -54.319230776439035, -34.545772471525275 ], [ -54.319278282292757, -34.545749240783323 ], [ -54.319331368891866, -34.545727349591786 ], [ -54.319535704233502, -34.545642638402519 ], [ -54.319671478723912, -34.545520887240279 ], [ -54.320118753018448, -34.545482288622523 ] ] ] } },
{ "type": "Feature", "properties": { "codigo_ai": 12421001, "nombre_ai": "Barrio Nuevo", "nombre_dep": "Río Negro", "nombre_loc": "Young", "fecha_desde": 2012, "footprints_all": 21, "footprints_min6": 21, "footprints_min10": 18, "oai_viviendas": null, "oai_personas": null, "est_dwellings": 19.0, "est_population": 65.0, "meets_definition": true }, "geometry": { "type": "Polygon", "coordinates": [ [ [ -57.652407824552263, -32.71042997103374 ], [ -57.651282034881731, -32.710122722099513 ], [ -57.651200391757421, -32.710255031965282 ], [ -57.652211220530361, -32.710744373046083 ], [ -57.652407824552263, -32.71042997103374 ] ] ] } },
{ "type": "Feature", "properties": { "codigo_ai": 12320002, "nombre_ai": "Barrio Ojeda", "nombre_dep": "Río Negro", "nombre_loc": "Fray Bentos", "fecha_desde": 2019, "footprints_all": 48, "footprints_min6": 48, "footprints_min10": 39, "oai_viviendas": null, "oai_personas": null, "est_dwellings": 43.0, "est_population": 146.0, "meets_definition": true }, "geometry": { "type": "Polygon", "coordinates": [ [ [ -58.284296189215333, -33.139367999312235 ], [ -58.28245789958185, -33.13788438183029 ], [ -58.281957204494518, -33.138314506467673 ], [ -58.28195341069744, -33.138336416322481 ], [ -58.28198134433994, -33.138370130544146 ], [ -58.282134457484972, -33.138472725251965 ], [ -58.28293011535677, -33.139146780169199 ], [ -58.283485652060975, -33.13958733797817 ], [ -58.283845301587178, -33.139883547035694 ], [ -58.284296189215333, -33.139367999312235 ] ] ] } },
{ "type": "Feature", "properties": { "codigo_ai": 12320001, "nombre_ai": "Ladrilleros", "nombre_dep": "Río Negro", "nombre_loc": "Fray Bentos", "fecha_desde": 2016, "footprints_all": 33, "footprints_min6": 33, "footprints_min10": 29, "oai_viviendas": null, "oai_personas": null, "est_dwellings": 30.0, "est_population": 102.0, "meets_definition": true }, "geometry": { "type": "MultiPolygon", "coordinates": [ [ [ [ -58.291671594673119, -33.139840963320786 ], [ -58.292330441696222, -33.138820393877538 ], [ -58.29212597310292, -33.13870496730015 ], [ -58.291516107973308, -33.139752595145289 ], [ -58.291389451656585, -33.139946584740898 ], [ -58.291341144213213, -33.139925867805111 ], [ -58.290913130104222, -33.140643141620259 ], [ -58.290666831168465, -33.141068933946897 ], [ -58.290117462043256, -33.141982254793604 ], [ -58.289809746843879, -33.142467018067968 ], [ -58.289536761770727, -33.14289706924184 ], [ -58.289563504616474, -33.14294552874744 ], [ -58.291801306035829, -33.144853320403804 ], [ -58.293217946602496, -33.142966783224473 ], [ -58.29317720910359, -33.142550549778079 ], [ -58.292983305296772, -33.140586450199052 ], [ -58.291671594673119, -33.139840963320786 ] ] ], [ [ [ -58.297670574497701, -33.138254680390048 ], [ -58.296711743990286, -33.137034376407584 ], [ -58.295090645315803, -33.137768537065014 ], [ -58.294551555554222, -33.138105468384445 ], [ -58.29514840507025, -33.138745636923588 ], [ -58.295470895654795, -33.138928542327356 ], [ -58.295470895783822, -33.139491698365127 ], [ -58.295866559778517, -33.139839469122862 ], [ -58.296423929180925, -33.13943875170839 ], [ -58.29620733133688, -33.139149954152778 ], [ -58.297670574497701, -33.138254680390048 ] ] ] ] } },
{ "type": "Feature", "properties": { "codigo_ai": 12320003, "nombre_ai": "Padron 8744- Vecinos Ladrilleros", "nombre_dep": "Río Negro", "nombre_loc": "Fray Bentos", "fecha_desde": 2017, "footprints_all": 11, "footprints_min6": 11, "footprints_min10": 11, "oai_viviendas": null, "oai_personas": null, "est_dwellings": 10.0, "est_population": 34.0, "meets_definition": true }, "geometry": { "type": "Polygon", "coordinates": [ [ [ -58.296905749262258, -33.135921910069648 ], [ -58.298252130910953, -33.135004632809554 ], [ -58.297903915561825, -33.134515900991168 ], [ -58.29655967268755, -33.135578381025695 ], [ -58.296905749262258, -33.135921910069648 ] ] ] } },
{ "type": "Feature", "properties": { "codigo_ai": 12900001, "nombre_ai": "Valle De Soba", "nombre_dep": "Río Negro", "nombre_loc": "Rural", "fecha_desde": 2014, "footprints_all": 46, "footprints_min6": 46, "footprints_min10": 37, "oai_viviendas": null, "oai_personas": null, "est_dwellings": 41.0, "est_population": 139.0, "meets_definition": true }, "geometry": { "type": "MultiPolygon", "coordinates": [ [ [ [ -57.557984010583752, -32.645249094713058 ], [ -57.558564511864503, -32.644745778979583 ], [ -57.557866521773775, -32.644168906843738 ], [ -57.557351817763589, -32.643457651946001 ], [ -57.55670635723957, -32.642275954474414 ], [ -57.556278492364392, -32.642468588670312 ], [ -57.557458218298066, -32.644521176128535 ], [ -57.557762930419209, -32.644985498832291 ], [ -57.557984010583752, -32.645249094713058 ] ] ], [ [ [ -57.562392344113775, -32.647515459512626 ], [ -57.561136523443238, -32.646639647303935 ], [ -57.560657691272027, -32.64716926532175 ], [ -57.561585892368242, -32.647665373058736 ], [ -57.563254995004129, -32.648569488414317 ], [ -57.563402822973849, -32.648249202609655 ], [ -57.562392344113775, -32.647515459512626 ] ] ], [ [ [ -57.559648268730157, -32.645461835937333 ], [ -57.559286621794683, -32.645220123047793 ], [ -57.558625043490487, -32.645890396435838 ], [ -57.559453354357196, -32.646501801880405 ], [ -57.559648268730157, -32.645461835937333 ] ] ] ] } },
{ "type": "Feature", "properties": { "codigo_ai": 15120024, "nombre_ai": "Andresito 2 Y 3", "nombre_dep": "Salto", "nombre_loc": "Salto", "fecha_desde": 2010, "footprints_all": 441, "footprints_min6": 441, "footprints_min10": 392, "oai_viviendas": null, "oai_personas": null, "est_dwellings": 397.0, "est_population": 1350.0, "meets_definition": true }, "geometry": { "type": "MultiPolygon", "coordinates": [ [ [ [ -57.892093885775502, -31.376340802496987 ], [ -57.892119328349807, -31.376884350638292 ], [ -57.892151709897483, -31.376972243330002 ], [ -57.892336445768926, -31.377155843577636 ], [ -57.892364990290147, -31.37735698147673 ], [ -57.89226763505841, -31.37825090259129 ], [ -57.892384163629565, -31.378368698417663 ], [ -57.892468376902549, -31.378409897781463 ], [ -57.892631359951942, -31.378443302239194 ], [ -57.892792881240986, -31.37845223044371 ], [ -57.893350984934429, -31.378507187639297 ], [ -57.894502776393196, -31.37855805164704 ], [ -57.894457508105866, -31.378199948363886 ], [ -57.894243347608338, -31.376201605984051 ], [ -57.894133331134093, -31.375186463477633 ], [ -57.894040848243201, -31.374253756052127 ], [ -57.893454155395688, -31.374277034544633 ], [ -57.893088995236901, -31.374305658214233 ], [ -57.892974477923332, -31.374258859889345 ], [ -57.89272496117205, -31.374279354007555 ], [ -57.892681479814996, -31.37482240208465 ], [ -57.892008423744116, -31.374849896584131 ], [ -57.892014000599545, -31.374951219447382 ], [ -57.892039964683832, -31.375023645878507 ], [ -57.892060633635637, -31.375155004212044 ], [ -57.89216995627114, -31.375364766762914 ], [ -57.892171322491677, -31.375419428144443 ], [ -57.892168590014769, -31.375500054136875 ], [ -57.892139893058264, -31.375639440939622 ], [ -57.892128666285039, -31.375762395892888 ], [ -57.89213860524945, -31.37584323688441 ], [ -57.892050401201175, -31.375993864212408 ], [ -57.891941061476295, -31.376028219699283 ], [ -57.892082746767812, -31.37627719412334 ], [ -57.892093885775502, -31.376340802496987 ] ] ], [ [ [ -57.892307204708615, -31.379093824838648 ], [ -57.892304205854607, -31.37892887859374 ], [ -57.892343718348705, -31.378443637554369 ], [ -57.892336585645239, -31.378400623370851 ], [ -57.892097952301562, -31.378281110106979 ], [ -57.892078232111608, -31.378344605607158 ], [ -57.892063950102994, -31.37834937934641 ], [ -57.891990014069542, -31.378398399604162 ], [ -57.891982003891584, -31.378418425031001 ], [ -57.891983685482792, -31.378473855593654 ], [ -57.89194667809754, -31.378530488131929 ], [ -57.891943454209105, -31.378582834742463 ], [ -57.891916219289847, -31.378633780285902 ], [ -57.891909731308886, -31.378705952399212 ], [ -57.891909891787869, -31.378936967147595 ], [ -57.891918542595135, -31.37902235613732 ], [ -57.891938007677254, -31.379105903369339 ], [ -57.891977738406496, -31.379173188800596 ], [ -57.891988231876198, -31.379201946220441 ], [ -57.891992716905612, -31.379241997001284 ], [ -57.891969647473744, -31.379276601463552 ], [ -57.891976696427037, -31.379292621857171 ], [ -57.892018990813256, -31.379318254748533 ], [ -57.8920170684193, -31.379344848389312 ], [ -57.892026360869366, -31.379378491553641 ], [ -57.892162202530407, -31.379533559205104 ], [ -57.892171721916064, -31.379572624015612 ], [ -57.892220142932864, -31.379674882061661 ], [ -57.892247553566754, -31.379717721781848 ], [ -57.892272010483047, -31.379718870668235 ], [ -57.892304838315233, -31.379713454505467 ], [ -57.892332248876315, -31.379706888707901 ], [ -57.892355720705979, -31.379722974348617 ], [ -57.892370820961489, -31.379749892533496 ], [ -57.892370164503916, -31.379771558471361 ], [ -57.892339431675794, -31.379804582403136 ], [ -57.892550678955217, -31.379799908577436 ], [ -57.892307204708615, -31.379093824838648 ] ] ] ] } },
{ "type": "Feature", "properties": { "codigo_ai": 15975001, "nombre_ai": "Barrio Fernandez", "nombre_dep": "Salto", "nombre_loc": "Barrio Fernández", "fecha_desde": 2007, "footprints_all": 50, "footprints_min6": 50, "footprints_min10": 47, "oai_viviendas": null, "oai_personas": null, "est_dwellings": 45.0, "est_population": 153.0, "meets_definition": true }, "geometry": { "type": "Polygon", "coordinates": [ [ [ -57.783800806203466, -31.375783482931734 ], [ -57.783330055701953, -31.376071783250705 ], [ -57.78326055479485, -31.376126944252388 ], [ -57.782889944768861, -31.376369832004638 ], [ -57.783917797127955, -31.3773029770657 ], [ -57.784231167329928, -31.37707735140209 ], [ -57.784579355294589, -31.377380971569107 ], [ -57.784894117463821, -31.377148381393514 ], [ -57.783800806203466, -31.375783482931734 ] ] ] } },
{ "type": "Feature", "properties": { "codigo_ai": 15523001, "nombre_ai": "Barrio Hipico", "nombre_dep": "Salto", "nombre_loc": "Constitución", "fecha_desde": 2009, "footprints_all": 118, "footprints_min6": 118, "footprints_min10": 101, "oai_viviendas": null, "oai_personas": null, "est_dwellings": 106.0, "est_population": 360.0, "meets_definition": true }, "geometry": { "type": "Polygon", "coordinates": [ [ [ -57.837780522496153, -31.077995337515386 ], [ -57.830774039878634, -31.079658093425749 ], [ -57.831785391297359, -31.082685360442664 ], [ -57.838731265333664, -31.081019427924112 ], [ -57.837780522496153, -31.077995337515386 ] ] ] } },
{ "type": "Feature", "properties": { "codigo_ai": 15120003, "nombre_ai": "Caballero Viejo", "nombre_dep": "Salto", "nombre_loc": "Salto", "fecha_desde": 1985, "footprints_all": 447, "footprints_min6": 447, "footprints_min10": 394, "oai_viviendas": null, "oai_personas": null, "est_dwellings": 402.0, "est_population": 1367.0, "meets_definition": true }, "geometry": { "type": "Polygon", "coordinates": [ [ [ -57.928320910427999, -31.379836761944105 ], [ -57.927523728167053, -31.379882663236437 ], [ -57.924759077602836, -31.380098772051323 ], [ -57.924698500746274, -31.380196765358622 ], [ -57.924819654717197, -31.381151748700201 ], [ -57.924851725423324, -31.381196291631348 ], [ -57.924948022939894, -31.381986367591931 ], [ -57.925068934321736, -31.382927862216736 ], [ -57.928765964054634, -31.382848523340009 ], [ -57.928750562908235, -31.382784540688416 ], [ -57.928678292811163, -31.382694499821888 ], [ -57.928563373393416, -31.382579579724212 ], [ -57.928483995455899, -31.382474137083364 ], [ -57.928428312266874, -31.382337890867454 ], [ -57.928312046416963, -31.382228315070058 ], [ -57.92826718653663, -31.38218150451717 ], [ -57.928252969565257, -31.382110420013319 ], [ -57.92826837093812, -31.38205118281892 ], [ -57.928291672521233, -31.382007050146367 ], [ -57.929113003544273, -31.381916413069717 ], [ -57.929070815992127, -31.38153672953478 ], [ -57.929271204260424, -31.381503770487775 ], [ -57.929211560912719, -31.381209937361298 ], [ -57.929187052161808, -31.3811136483864 ], [ -57.929175805811624, -31.380996761394201 ], [ -57.929178253566924, -31.380962744613964 ], [ -57.92921430189061, -31.380916962195666 ], [ -57.929224242838082, -31.380918657603083 ], [ -57.929212048035609, -31.380763434275224 ], [ -57.928775533384972, -31.380795335549958 ], [ -57.928743221368983, -31.380492481449135 ], [ -57.928670859877208, -31.380489913586558 ], [ -57.928599731522745, -31.380463571522583 ], [ -57.928539107335638, -31.380397616520646 ], [ -57.928469819380922, -31.380228007437395 ], [ -57.928446268928454, -31.380216637712177 ], [ -57.928373326312673, -31.380120960834301 ], [ -57.928363833605928, -31.380038980356947 ], [ -57.928329326646129, -31.379987221088935 ], [ -57.928320910427999, -31.379836761944105 ] ] ] } },
{ "type": "Feature", "properties": { "codigo_ai": 15120030, "nombre_ai": "Ceibal Sur", "nombre_dep": "Salto", "nombre_loc": "Salto", "fecha_desde": 2015, "footprints_all": 12, "footprints_min6": 12, "footprints_min10": 8, "oai_viviendas": null, "oai_personas": null, "est_dwellings": 11.0, "est_population": 37.0, "meets_definition": true }, "geometry": { "type": "Polygon", "coordinates": [ [ [ -57.948346380783022, -31.410329870090752 ], [ -57.948160715213056, -31.410292294451907 ], [ -57.947835545973895, -31.411381470374351 ], [ -57.947851826727934, -31.411435402156535 ], [ -57.947892212306002, -31.411415984803195 ], [ -57.948049511775324, -31.411379209448597 ], [ -57.948075122877491, -31.411302831255256 ], [ -57.94808526621037, -31.41123444374735 ], [ -57.948106105342653, -31.411141624723438 ], [ -57.948346380783022, -31.410329870090752 ] ] ] } },
{ "type": "Feature", "properties": { "codigo_ai": 15120019, "nombre_ai": "Chinchurreta", "nombre_dep": "Salto", "nombre_loc": "Salto", "fecha_desde": 1985, "footprints_all": 84, "footprints_min6": 84, "footprints_min10": 75, "oai_viviendas": null, "oai_personas": null, "est_dwellings": 76.0, "est_population": 258.0, "meets_definition": true }, "geometry": { "type": "Polygon", "coordinates": [ [ [ -57.931490537548939, -31.389232714438645 ], [ -57.930351758492378, -31.389363747220102 ], [ -57.930394046242711, -31.389634555396821 ], [ -57.930550413871075, -31.390206337628378 ], [ -57.930588839947426, -31.390317865481542 ], [ -57.93060078217561, -31.390485685134621 ], [ -57.93060451294312, -31.390518340718096 ], [ -57.930553918345886, -31.390758853520442 ], [ -57.930453680234876, -31.39101665748391 ], [ -57.930381893725396, -31.391215077878204 ], [ -57.930387671972149, -31.39130391834426 ], [ -57.930423879768206, -31.391336372546437 ], [ -57.930461201048793, -31.391347035632609 ], [ -57.931397782446972, -31.391260233656912 ], [ -57.931487450098345, -31.390531854791938 ], [ -57.931479540711209, -31.390348689980808 ], [ -57.931462213821227, -31.390284710026815 ], [ -57.931463921662044, -31.390220982450408 ], [ -57.931483621833941, -31.390194572312645 ], [ -57.931489779248921, -31.389817493743539 ], [ -57.931495613545017, -31.389489505099821 ], [ -57.931493944221458, -31.3893562044438 ], [ -57.931490537548939, -31.389232714438645 ] ] ] } },
{ "type": "Feature", "properties": { "codigo_ai": 15120026, "nombre_ai": "Cien Manzanas 2", "nombre_dep": "Salto", "nombre_loc": "Salto", "fecha_desde": 2004, "footprints_all": 35, "footprints_min6": 35, "footprints_min10": 28, "oai_viviendas": null, "oai_personas": null, "est_dwellings": 32.0, "est_population": 109.0, "meets_definition": true }, "geometry": { "type": "Polygon", "coordinates": [ [ [ -57.974874379957434, -31.393854261261858 ], [ -57.974792409829178, -31.39344848532205 ], [ -57.974684354221189, -31.393473190949859 ], [ -57.974103847001707, -31.393515505355456 ], [ -57.974032657633643, -31.393503840243383 ], [ -57.97400042489204, -31.39356717646346 ], [ -57.973944262823025, -31.393789496453213 ], [ -57.973897521665634, -31.393913745306016 ], [ -57.973818321950034, -31.394002566508959 ], [ -57.973787871923044, -31.394028431297127 ], [ -57.973714129714175, -31.394071809214193 ], [ -57.973659183371012, -31.394128201238019 ], [ -57.97362158934019, -31.394209173823963 ], [ -57.973620143664427, -31.394320510850218 ], [ -57.973669076154486, -31.394432066165439 ], [ -57.973804531709071, -31.394545606873866 ], [ -57.974212654695535, -31.394404078025598 ], [ -57.974385732239682, -31.394211548099211 ], [ -57.97439346560202, -31.393909688423339 ], [ -57.974874379957434, -31.393854261261858 ] ] ] } },
{ "type": "Feature", "properties": { "codigo_ai": 15120036, "nombre_ai": "Diagonal Ceibal", "nombre_dep": "Salto", "nombre_loc": "Salto", "fecha_desde": 2015, "footprints_all": 63, "footprints_min6": 63, "footprints_min10": 57, "oai_viviendas": null, "oai_personas": null, "est_dwellings": 57.0, "est_population": 194.0, "meets_definition": true }, "geometry": { "type": "MultiPolygon", "coordinates": [ [ [ [ -57.9606933588936, -31.400151185752769 ], [ -57.961035584835372, -31.399579860694477 ], [ -57.960801762913817, -31.399484371537895 ], [ -57.960652901838507, -31.399426013557534 ], [ -57.960537099700943, -31.399288501494297 ], [ -57.96046905747373, -31.399207604147946 ], [ -57.960407983824965, -31.399275568515964 ], [ -57.960283769540581, -31.39942669681097 ], [ -57.960079382903544, -31.399765277227672 ], [ -57.959952086488563, -31.400064693548799 ], [ -57.960114014635522, -31.40097998796389 ], [ -57.960146829398511, -31.401035071897418 ], [ -57.960276914551656, -31.401098132633248 ], [ -57.960422896466078, -31.401151579302951 ], [ -57.961681179591658, -31.401557795962024 ], [ -57.962298342641787, -31.401785621134774 ], [ -57.963084084768447, -31.402181375069663 ], [ -57.963208349791536, -31.402257361824439 ], [ -57.963300672905284, -31.402343536225167 ], [ -57.963348037496537, -31.40243704504028 ], [ -57.963612651322961, -31.402392538801163 ], [ -57.963664737761647, -31.402132105857792 ], [ -57.962268165852244, -31.401298719634788 ], [ -57.961926347478908, -31.401194546596571 ], [ -57.961736119776532, -31.401374039873616 ], [ -57.9604720219155, -31.40098453196131 ], [ -57.960393637677257, -31.40090042715627 ], [ -57.96039143803295, -31.40089885574935 ], [ -57.960239115306209, -31.400792860518212 ], [ -57.960233573799378, -31.400620498213549 ], [ -57.960445137888406, -31.400568503384047 ], [ -57.960402108253973, -31.400269086114996 ], [ -57.9606933588936, -31.400151185752769 ] ] ], [ [ [ -57.959746850545656, -31.399408349981289 ], [ -57.959567792565103, -31.399540275965165 ], [ -57.959423200301984, -31.399654377776184 ], [ -57.959273388668343, -31.399720719493367 ], [ -57.959127049005808, -31.399772689951543 ], [ -57.95900659104462, -31.39981806997816 ], [ -57.958870172897235, -31.39981135848128 ], [ -57.958712200950529, -31.399815869100998 ], [ -57.958599103168581, -31.399823752063444 ], [ -57.958428091039856, -31.399852746529756 ], [ -57.958441019463351, -31.399639439114704 ], [ -57.958182464516874, -31.399579109574759 ], [ -57.958099665816079, -31.399877094457374 ], [ -57.958160647358795, -31.400216294837872 ], [ -57.959826399220979, -31.39997512693618 ], [ -57.959921065293898, -31.4000394492837 ], [ -57.960059661398631, -31.39974196931594 ], [ -57.960170050835551, -31.399526960183508 ], [ -57.959746850545656, -31.399408349981289 ] ] ] ] } },
{ "type": "Feature", "properties": { "codigo_ai": 15120028, "nombre_ai": "Don Atilio Ii", "nombre_dep": "Salto", "nombre_loc": "Salto", "fecha_desde": 2014, "footprints_all": 153, "footprints_min6": 153, "footprints_min10": 133, "oai_viviendas": null, "oai_personas": null, "est_dwellings": 138.0, "est_population": 469.0, "meets_definition": true }, "geometry": { "type": "MultiPolygon", "coordinates": [ [ [ [ -57.964102684406051, -31.40802486547879 ], [ -57.964135201003955, -31.408032516108445 ], [ -57.964170108814351, -31.408053556432709 ], [ -57.964203102945319, -31.408133413348089 ], [ -57.964230360051836, -31.408155887972885 ], [ -57.964306962610813, -31.408178707719713 ], [ -57.965435578158925, -31.408592126945198 ], [ -57.965538488952191, -31.408384204331888 ], [ -57.965605639829548, -31.408349655533964 ], [ -57.965833043069054, -31.408322796845056 ], [ -57.965939135483673, -31.408323691729681 ], [ -57.966198768807494, -31.408341597864801 ], [ -57.966264572779409, -31.408356817350526 ], [ -57.9663156045454, -31.408359727496705 ], [ -57.966264702922906, -31.408095656559414 ], [ -57.965536817557158, -31.408181543509773 ], [ -57.965330975695238, -31.408161313737718 ], [ -57.965221243405928, -31.408105099009322 ], [ -57.965087189384633, -31.408040850015659 ], [ -57.964617815532115, -31.407799679539728 ], [ -57.964654120399935, -31.407690764429493 ], [ -57.964584103390955, -31.407670018218546 ], [ -57.963585710529053, -31.407799679931721 ], [ -57.963474851021211, -31.407868548662563 ], [ -57.963412721776578, -31.40744127409776 ], [ -57.961598476746715, -31.407710742357757 ], [ -57.961656049569619, -31.407942375158726 ], [ -57.962721430085814, -31.407801961818919 ], [ -57.96274657286942, -31.40797242535923 ], [ -57.962767884641849, -31.40906603553281 ], [ -57.96313125991837, -31.409031317882906 ], [ -57.963081352645872, -31.408430816154254 ], [ -57.963151931466633, -31.40824909118685 ], [ -57.963174035841554, -31.408201630521013 ], [ -57.963208717636867, -31.408180275415589 ], [ -57.964054626978537, -31.408024865150658 ], [ -57.964102684406051, -31.40802486547879 ] ] ], [ [ [ -57.963627924616404, -31.409551088353798 ], [ -57.963471239101992, -31.409254611215012 ], [ -57.963066454033459, -31.409480330420159 ], [ -57.962962301732468, -31.409739553563121 ], [ -57.963013472374584, -31.40984847772733 ], [ -57.963091700564469, -31.41035141578978 ], [ -57.963161718271607, -31.410330670316441 ], [ -57.963467718413092, -31.411567639935786 ], [ -57.963781498859667, -31.411541708008148 ], [ -57.963228293411483, -31.410130509071038 ], [ -57.963167200771977, -31.409911756400174 ], [ -57.963169592826048, -31.409828032626468 ], [ -57.963214408723111, -31.409760864917434 ], [ -57.963627924616404, -31.409551088353798 ] ] ] ] } },
{ "type": "Feature", "properties": { "codigo_ai": 15120029, "nombre_ai": "La Amarilla", "nombre_dep": "Salto", "nombre_loc": "Salto", "fecha_desde": 2014, "footprints_all": 198, "footprints_min6": 198, "footprints_min10": 177, "oai_viviendas": null, "oai_personas": null, "est_dwellings": 178.0, "est_population": 605.0, "meets_definition": true }, "geometry": { "type": "Polygon", "coordinates": [ [ [ -57.932315359224503, -31.385286117272127 ], [ -57.93229505353473, -31.385136454175548 ], [ -57.931836056996666, -31.385203281896246 ], [ -57.931731497178156, -31.385208107042761 ], [ -57.931643023551132, -31.385175935454296 ], [ -57.931519213120062, -31.385066792836039 ], [ -57.931313495354495, -31.384866442052076 ], [ -57.931914904116972, -31.384791496249907 ], [ -57.931858996220271, -31.384543351739865 ], [ -57.931853476742027, -31.384483142931561 ], [ -57.931753552447432, -31.383975594372263 ], [ -57.931345693987971, -31.38401852618966 ], [ -57.9313164680296, -31.383503226171207 ], [ -57.930828366878615, -31.383536072189514 ], [ -57.930559888167608, -31.383594946804408 ], [ -57.930247339962932, -31.382853984194124 ], [ -57.926361530313841, -31.382959676757256 ], [ -57.926386113673409, -31.38317973511203 ], [ -57.92638826397215, -31.383221164599188 ], [ -57.927071271193242, -31.383199876066044 ], [ -57.927072924764488, -31.383258691189088 ], [ -57.927281365044173, -31.383264299885724 ], [ -57.927297525245535, -31.383209966269153 ], [ -57.927877113214144, -31.383202810102077 ], [ -57.928649896801495, -31.383183133512198 ], [ -57.92908637566682, -31.383156300535845 ], [ -57.929101122594318, -31.383171957175975 ], [ -57.929168274427774, -31.383310646165231 ], [ -57.930082765746889, -31.383236799088166 ], [ -57.930431591320271, -31.383988116096479 ], [ -57.930701542600204, -31.384559191848563 ], [ -57.930855549705356, -31.384717967000039 ], [ -57.930624787200074, -31.384866442001897 ], [ -57.930918158633894, -31.385149080055157 ], [ -57.931001638301652, -31.385321405775787 ], [ -57.930999253860143, -31.385543223256793 ], [ -57.93113759145367, -31.385550379328254 ], [ -57.931151902259629, -31.385980299210232 ], [ -57.930911003530248, -31.385993417979453 ], [ -57.93102370104161, -31.386274267199227 ], [ -57.931193642056506, -31.386297521989899 ], [ -57.931224052748519, -31.386488929457361 ], [ -57.931341284491054, -31.386469577257724 ], [ -57.931328801962202, -31.385487254969846 ], [ -57.931371561573847, -31.38544178050109 ], [ -57.931416739889954, -31.385405670567735 ], [ -57.931793243734838, -31.385353212472104 ], [ -57.932315359224503, -31.385286117272127 ] ] ] } },
{ "type": "Feature", "properties": { "codigo_ai": 15120031, "nombre_ai": "La Esperanza", "nombre_dep": "Salto", "nombre_loc": "Salto", "fecha_desde": 2014, "footprints_all": 419, "footprints_min6": 419, "footprints_min10": 376, "oai_viviendas": null, "oai_personas": null, "est_dwellings": 377.0, "est_population": 1282.0, "meets_definition": true }, "geometry": { "type": "MultiPolygon", "coordinates": [ [ [ [ -57.974731458449703, -31.406673492124686 ], [ -57.974760394033282, -31.407156581654682 ], [ -57.974680474991914, -31.407162124443424 ], [ -57.974413257450664, -31.407173662613236 ], [ -57.974270605471183, -31.407231572357727 ], [ -57.97424984297654, -31.407148526086505 ], [ -57.973693231388602, -31.407243436120844 ], [ -57.973621058790947, -31.40685291799495 ], [ -57.973511318083951, -31.406871702681826 ], [ -57.973565694914129, -31.407192026422148 ], [ -57.973596535631756, -31.407383503600517 ], [ -57.973626002748816, -31.407496037404012 ], [ -57.973728983130265, -31.407986117082718 ], [ -57.973780133414969, -31.408273983076587 ], [ -57.973990888998401, -31.409322737100929 ], [ -57.974083737033126, -31.40962873792807 ], [ -57.974833805155349, -31.409522196044886 ], [ -57.975774875253535, -31.409405304644302 ], [ -57.975979207418867, -31.409382285488814 ], [ -57.976105167234351, -31.409338299270765 ], [ -57.976168821457051, -31.409484715996367 ], [ -57.976578124262502, -31.40957567192541 ], [ -57.976672703112754, -31.409338505987819 ], [ -57.976691494725308, -31.409274502943514 ], [ -57.97666794093093, -31.409173890813353 ], [ -57.976291436710952, -31.408703349700037 ], [ -57.976169091437498, -31.408562133721823 ], [ -57.975498523233462, -31.408397420422375 ], [ -57.975316876858223, -31.408353110541992 ], [ -57.975293657310424, -31.40832501842932 ], [ -57.975186099048713, -31.407657682643155 ], [ -57.975344283576781, -31.407628022630615 ], [ -57.975322532925375, -31.407418428146734 ], [ -57.975599356389075, -31.407368995425397 ], [ -57.97555980994057, -31.407102058738715 ], [ -57.975495974764314, -31.406637637317374 ], [ -57.975451058039205, -31.4060975861447 ], [ -57.975762484765276, -31.406078802042167 ], [ -57.975806443798021, -31.405941867212199 ], [ -57.975794685526928, -31.405819371381565 ], [ -57.97575325360858, -31.405639690496034 ], [ -57.974673798156381, -31.405792739354364 ], [ -57.974708220000657, -31.406351050126123 ], [ -57.974731458449703, -31.406673492124686 ] ] ], [ [ [ -57.976041797709208, -31.405599963801713 ], [ -57.975764929907129, -31.405638082300303 ], [ -57.975807087718415, -31.405816955595395 ], [ -57.975817235456937, -31.405940256723611 ], [ -57.97578832255747, -31.406067907005539 ], [ -57.975792671068092, -31.40624365235854 ], [ -57.975802013623102, -31.406768106207636 ], [ -57.975774704372512, -31.407119865558073 ], [ -57.975992403157782, -31.408000757750695 ], [ -57.975922174111069, -31.408137225897935 ], [ -57.975951055614928, -31.408217586433913 ], [ -57.97606569565491, -31.408426265042589 ], [ -57.976173730609858, -31.40854609417838 ], [ -57.976302915487111, -31.408695329181434 ], [ -57.976685125636976, -31.409162536442224 ], [ -57.976717835155547, -31.409278748293254 ], [ -57.976543910832909, -31.409776462925812 ], [ -57.976522838336294, -31.409880881341902 ], [ -57.976522523446661, -31.409941581363832 ], [ -57.976534947209757, -31.409978064793357 ], [ -57.976581494896536, -31.410003855135145 ], [ -57.976670972750647, -31.41001360464611 ], [ -57.976710759111086, -31.410083112261599 ], [ -57.976706041201119, -31.410207815747416 ], [ -57.97667333223243, -31.410273863674792 ], [ -57.976559478747767, -31.410388974641538 ], [ -57.976537463399595, -31.410710405694697 ], [ -57.976105826801444, -31.410769617631352 ], [ -57.976161634771671, -31.411046416616028 ], [ -57.97616890391236, -31.411076090697911 ], [ -57.976167153921764, -31.411098487720714 ], [ -57.975817122403832, -31.41115587001892 ], [ -57.975529334627737, -31.411203543571524 ], [ -57.975629032009799, -31.411716437746122 ], [ -57.977234440341164, -31.411471437735479 ], [ -57.977280063314517, -31.411382056741317 ], [ -57.976995116519383, -31.411197835464488 ], [ -57.976933606794496, -31.411148666828144 ], [ -57.97691446300027, -31.411076572330025 ], [ -57.976936206871727, -31.411023968670882 ], [ -57.977009876697096, -31.410898798261471 ], [ -57.977229181350779, -31.41057925450016 ], [ -57.977252713875707, -31.410513212347073 ], [ -57.977248306966032, -31.410396884122637 ], [ -57.977081912906456, -31.409375334153886 ], [ -57.977089397375124, -31.409310258818032 ], [ -57.977124385187899, -31.409229279967228 ], [ -57.977232398175055, -31.409061783213346 ], [ -57.976452145610736, -31.408557939654575 ], [ -57.976325028447306, -31.408482220552308 ], [ -57.976162287997887, -31.408387521372912 ], [ -57.976123776963369, -31.408349133521394 ], [ -57.976116249528374, -31.408325883283446 ], [ -57.976127752106194, -31.408251985399563 ], [ -57.97616456213639, -31.408171496345734 ], [ -57.976493043149347, -31.407719818963386 ], [ -57.976340358541712, -31.407190965473493 ], [ -57.976041797709208, -31.405599963801713 ] ] ] ] } },
{ "type": "Feature", "properties": { "codigo_ai": 15120015, "nombre_ai": "La Humedad", "nombre_dep": "Salto", "nombre_loc": "Salto", "fecha_desde": 1985, "footprints_all": 153, "footprints_min6": 153, "footprints_min10": 131, "oai_viviendas": null, "oai_personas": null, "est_dwellings": 138.0, "est_population": 469.0, "meets_definition": true }, "geometry": { "type": "MultiPolygon", "coordinates": [ [ [ [ -57.974340953877793, -31.367327416036268 ], [ -57.974053436393731, -31.365826234833925 ], [ -57.972534945272088, -31.366044307768206 ], [ -57.97283811932148, -31.367506828730487 ], [ -57.974340953877793, -31.367327416036268 ] ] ], [ [ [ -57.974557170244402, -31.368365837428456 ], [ -57.974358913091827, -31.367416388267213 ], [ -57.972854365574449, -31.367585921436543 ], [ -57.973035252250845, -31.368555277712993 ], [ -57.974557170244402, -31.368365837428456 ] ] ] ] } },
{ "type": "Feature", "properties": { "codigo_ai": 15120034, "nombre_ai": "La Union", "nombre_dep": "Salto", "nombre_loc": "Salto", "fecha_desde": 2017, "footprints_all": 79, "footprints_min6": 79, "footprints_min10": 70, "oai_viviendas": null, "oai_personas": null, "est_dwellings": 71.0, "est_population": 241.0, "meets_definition": true }, "geometry": { "type": "Polygon", "coordinates": [ [ [ -57.975219014746877, -31.402800208827678 ], [ -57.974919272545421, -31.402824098420854 ], [ -57.974913478700607, -31.402823575898982 ], [ -57.974073093941541, -31.402946071113412 ], [ -57.974288168304177, -31.403798994292096 ], [ -57.974266281958862, -31.403873232631991 ], [ -57.974431960671666, -31.404736461393956 ], [ -57.97565331914727, -31.404549349190265 ], [ -57.975609628908451, -31.404391246309174 ], [ -57.975491429086155, -31.403709817691357 ], [ -57.975477833788503, -31.403646082881597 ], [ -57.975475431683307, -31.403636663187616 ], [ -57.975853958267123, -31.40359258655111 ], [ -57.97573054801731, -31.403403529581578 ], [ -57.975469846435814, -31.403296427091863 ], [ -57.975394121198214, -31.403263407873919 ], [ -57.975369484461595, -31.403210652096679 ], [ -57.975293317038869, -31.403118999124455 ], [ -57.975205871813777, -31.403093485992596 ], [ -57.975236459794381, -31.402881154639438 ], [ -57.975213650909318, -31.402825401326421 ], [ -57.975219014746877, -31.402800208827678 ] ] ] } },
{ "type": "Feature", "properties": { "codigo_ai": 15120027, "nombre_ai": "Magallanes", "nombre_dep": "Salto", "nombre_loc": "Salto", "fecha_desde": 2012, "footprints_all": 67, "footprints_min6": 67, "footprints_min10": 46, "oai_viviendas": null, "oai_personas": null, "est_dwellings": 60.0, "est_population": 204.0, "meets_definition": true }, "geometry": { "type": "Polygon", "coordinates": [ [ [ -57.922452997628454, -31.390262815596959 ], [ -57.92031624305983, -31.390507068197632 ], [ -57.918831902507485, -31.390654294448929 ], [ -57.917613306009443, -31.390784053259218 ], [ -57.917636637218941, -31.390879147488103 ], [ -57.917992789005702, -31.390844376414591 ], [ -57.918261156068539, -31.391922301372521 ], [ -57.917702267676738, -31.392062484800054 ], [ -57.917701556119916, -31.392371568607281 ], [ -57.918740989774534, -31.392143952881792 ], [ -57.919044076142043, -31.392023119753528 ], [ -57.919151037392091, -31.391988962081481 ], [ -57.919808525963532, -31.391800094347541 ], [ -57.91971182750089, -31.391156597286869 ], [ -57.922494601522466, -31.390790813892437 ], [ -57.922452997628454, -31.390262815596959 ] ] ] } },
{ "type": "Feature", "properties": { "codigo_ai": 15120013, "nombre_ai": "Malvasio", "nombre_dep": "Salto", "nombre_loc": "Salto", "fecha_desde": 2000, "footprints_all": 92, "footprints_min6": 92, "footprints_min10": 83, "oai_viviendas": null, "oai_personas": null, "est_dwellings": 83.0, "est_population": 282.0, "meets_definition": true }, "geometry": { "type": "Polygon", "coordinates": [ [ [ -57.940009571225346, -31.395183159245668 ], [ -57.940000701512794, -31.395288822672679 ], [ -57.940011240338791, -31.395354992057065 ], [ -57.940055259526552, -31.395422606701423 ], [ -57.940086129029361, -31.395457585532732 ], [ -57.940768663892058, -31.395351378029044 ], [ -57.941825315660829, -31.395226391403515 ], [ -57.941795315349943, -31.395005876863959 ], [ -57.941673074146003, -31.394285545498693 ], [ -57.940618425352937, -31.394415129971112 ], [ -57.940586813480891, -31.394396188998936 ], [ -57.940564311916987, -31.394399589403406 ], [ -57.94000451195172, -31.394483944802555 ], [ -57.940059899391237, -31.395035920192583 ], [ -57.940088626036335, -31.395164071644238 ], [ -57.940009571225346, -31.395183159245668 ] ] ] } },
{ "type": "Feature", "properties": { "codigo_ai": 15120011, "nombre_ai": "Martinez Mendez", "nombre_dep": "Salto", "nombre_loc": "Salto", "fecha_desde": 1985, "footprints_all": 30, "footprints_min6": 30, "footprints_min10": 26, "oai_viviendas": null, "oai_personas": null, "est_dwellings": 27.0, "est_population": 92.0, "meets_definition": true }, "geometry": { "type": "Polygon", "coordinates": [ [ [ -57.919637965409336, -31.390352594786332 ], [ -57.919622656839799, -31.390223698782556 ], [ -57.919412431863158, -31.390233793656797 ], [ -57.919251532735366, -31.390238212403279 ], [ -57.919106230543356, -31.390151471294402 ], [ -57.918870346121743, -31.389955473245273 ], [ -57.918681358267115, -31.38994979648939 ], [ -57.918657205848326, -31.390003229050951 ], [ -57.918598891102789, -31.390068672134309 ], [ -57.918599045988792, -31.390251704144802 ], [ -57.918542826102815, -31.390272526719404 ], [ -57.918341893349378, -31.390398499541739 ], [ -57.918291920749112, -31.390416198005582 ], [ -57.91816907053007, -31.390446390722097 ], [ -57.917987918412187, -31.390475540962413 ], [ -57.917787557355503, -31.39047486680834 ], [ -57.917793434883052, -31.390684668066509 ], [ -57.91849802173553, -31.390620927364527 ], [ -57.919634277690399, -31.390488309734032 ], [ -57.919637965409336, -31.390352594786332 ] ] ] } },
{ "type": "Feature", "properties": { "codigo_ai": 15969001, "nombre_ai": "Parque Jose Luis", "nombre_dep": "Salto", "nombre_loc": "Salto", "fecha_desde": 1960, "footprints_all": 97, "footprints_min6": 97, "footprints_min10": 95, "oai_viviendas": null, "oai_personas": null, "est_dwellings": 87.0, "est_population": 296.0, "meets_definition": true }, "geometry": { "type": "Polygon", "coordinates": [ [ [ -57.945152813900123, -31.289987953759752 ], [ -57.945142199272368, -31.289980981877402 ], [ -57.945012484152741, -31.289932390575903 ], [ -57.944720658071617, -31.289917439142044 ], [ -57.944609355169042, -31.289884214040622 ], [ -57.944552042402194, -31.289811673464861 ], [ -57.944535153319883, -31.289771803826227 ], [ -57.944472579110673, -31.289718643800619 ], [ -57.944459843118715, -31.289688464186494 ], [ -57.944421357893489, -31.289646933530616 ], [ -57.944333311884002, -31.289604017811882 ], [ -57.944295933094345, -31.289604017424018 ], [ -57.944234744505721, -31.289551134901675 ], [ -57.944194044117971, -31.289495206510406 ], [ -57.94405699051044, -31.289426264346645 ], [ -57.944014075984761, -31.28938376464658 ], [ -57.943909970533994, -31.289355800135919 ], [ -57.943906786836308, -31.289353446167549 ], [ -57.943866640276347, -31.289300563118587 ], [ -57.943845873961294, -31.289282012580269 ], [ -57.943794929487332, -31.289259308883942 ], [ -57.943767625062549, -31.289243271249767 ], [ -57.943728690445361, -31.289203089799098 ], [ -57.943702837061707, -31.289122416002382 ], [ -57.94368041035947, -31.289071332566987 ], [ -57.943659815333994, -31.288927060166465 ], [ -57.943620498687025, -31.288878884160912 ], [ -57.943577306125988, -31.288856734234031 ], [ -57.94354273424149, -31.288846441170175 ], [ -57.943419211077959, -31.28883956764798 ], [ -57.943377126318261, -31.288814925690453 ], [ -57.943333795926108, -31.288707499261136 ], [ -57.943337256489684, -31.288608100949073 ], [ -57.943326735353722, -31.288558263500651 ], [ -57.943287141674645, -31.28851008761626 ], [ -57.943268315035191, -31.28846135773329 ], [ -57.943282989299483, -31.288430070873147 ], [ -57.943277451422311, -31.288398507488186 ], [ -57.943232597757174, -31.288309630224301 ], [ -57.943138460738162, -31.288234597655016 ], [ -57.94308613087518, -31.288090069123534 ], [ -57.943013312973747, -31.28800617616594 ], [ -57.942923328863237, -31.287974889822877 ], [ -57.942794859696463, -31.287886843578722 ], [ -57.942771048524399, -31.287835068194891 ], [ -57.942772986411889, -31.287783292394245 ], [ -57.942750005918391, -31.287744253039261 ], [ -57.942728686951881, -31.287748129374972 ], [ -57.942712007511787, -31.287763101512411 ], [ -57.942640363548698, -31.287764188457039 ], [ -57.942607969065506, -31.287731517495963 ], [ -57.942583881252318, -31.287626581367697 ], [ -57.942532051676793, -31.287597899182305 ], [ -57.941852181626025, -31.287668627413929 ], [ -57.941603694648435, -31.287863281784777 ], [ -57.941328421757461, -31.287659971675993 ], [ -57.941267198904463, -31.287813028166148 ], [ -57.941072052190052, -31.288033684367178 ], [ -57.941209802679424, -31.288142098853452 ], [ -57.941387905496661, -31.288249511025889 ], [ -57.941607748832979, -31.288430354972842 ], [ -57.941677900328173, -31.288536218525199 ], [ -57.941716163661852, -31.288579584980113 ], [ -57.941836057848846, -31.288839780239162 ], [ -57.942001869474524, -31.289097425484133 ], [ -57.942365377359096, -31.28957827709214 ], [ -57.94266638845594, -31.289915001056379 ], [ -57.943022244059584, -31.2903091208867 ], [ -57.943616612228844, -31.290898387496544 ], [ -57.943809208605003, -31.291060371739171 ], [ -57.944060475919471, -31.291270824162009 ], [ -57.944179094722799, -31.29134862719518 ], [ -57.944313018366003, -31.291439186031294 ], [ -57.944545815695029, -31.291543349526798 ], [ -57.945483862665021, -31.290373174582648 ], [ -57.945413536587019, -31.290255225584417 ], [ -57.945152813900123, -31.289987953759752 ] ] ] } },
{ "type": "Feature", "properties": { "codigo_ai": 15120025, "nombre_ai": "Paso Del Bote", "nombre_dep": "Salto", "nombre_loc": "Salto", "fecha_desde": 2010, "footprints_all": 8, "footprints_min6": 8, "footprints_min10": 7, "oai_viviendas": null, "oai_personas": null, "est_dwellings": 7.0, "est_population": 24.0, "meets_definition": false }, "geometry": { "type": "MultiPolygon", "coordinates": [ [ [ [ -57.969558901043804, -31.392251511523966 ], [ -57.969472247225973, -31.391781514641064 ], [ -57.969025222115533, -31.391840847969469 ], [ -57.969108309551686, -31.392283215851233 ], [ -57.969558901043804, -31.392251511523966 ] ] ], [ [ [ -57.970705531968719, -31.391621819774091 ], [ -57.970481795948679, -31.391651864430457 ], [ -57.970590894597422, -31.392155066045213 ], [ -57.970811297093292, -31.39211402415377 ], [ -57.970705531968719, -31.391621819774091 ] ] ] ] } },
{ "type": "Feature", "properties": { "codigo_ai": 15120033, "nombre_ai": "Patule", "nombre_dep": "Salto", "nombre_loc": "Salto", "fecha_desde": 2012, "footprints_all": 36, "footprints_min6": 36, "footprints_min10": 35, "oai_viviendas": null, "oai_personas": null, "est_dwellings": 32.0, "est_population": 109.0, "meets_definition": true }, "geometry": { "type": "Polygon", "coordinates": [ [ [ -57.978280975472522, -31.404572848637525 ], [ -57.977278396739777, -31.404706861677063 ], [ -57.977381719342418, -31.405308639641937 ], [ -57.978399377707341, -31.405150473177979 ], [ -57.978280975472522, -31.404572848637525 ] ] ] } },
{ "type": "Feature", "properties": { "codigo_ai": 15972001, "nombre_ai": "Pueblo Russo", "nombre_dep": "Salto", "nombre_loc": "Pueblo Ruso", "fecha_desde": 2018, "footprints_all": 37, "footprints_min6": 37, "footprints_min10": 36, "oai_viviendas": null, "oai_personas": null, "est_dwellings": 33.0, "est_population": 112.0, "meets_definition": true }, "geometry": { "type": "Polygon", "coordinates": [ [ [ -56.661801812225086, -31.073283689932595 ], [ -56.665217681993205, -31.074311304568724 ], [ -56.664605995381677, -31.070546654451526 ], [ -56.664427838418554, -31.069859023200056 ], [ -56.663875475940998, -31.070184807736933 ], [ -56.66353505678758, -31.069697176872012 ], [ -56.662488523874806, -31.07039717235229 ], [ -56.663063205718387, -31.071446586108017 ], [ -56.661801812225086, -31.073283689932595 ] ] ] } },
{ "type": "Feature", "properties": { "codigo_ai": 15120012, "nombre_ai": "Puente Blanco", "nombre_dep": "Salto", "nombre_loc": "Salto", "fecha_desde": 2000, "footprints_all": 76, "footprints_min6": 76, "footprints_min10": 68, "oai_viviendas": null, "oai_personas": null, "est_dwellings": 68.0, "est_population": 231.0, "meets_definition": true }, "geometry": { "type": "MultiPolygon", "coordinates": [ [ [ [ -57.939380685932051, -31.396056244242221 ], [ -57.939660574707631, -31.396017341461487 ], [ -57.939598555483656, -31.395499290784603 ], [ -57.940083051734959, -31.395458138597032 ], [ -57.940077595971175, -31.395452216790435 ], [ -57.940052088948391, -31.395426569904572 ], [ -57.940008582061466, -31.395355690912183 ], [ -57.939997390545024, -31.395289568716876 ], [ -57.940008722042428, -31.395181431422003 ], [ -57.939983007409438, -31.395026849246655 ], [ -57.939973542333185, -31.39482311816527 ], [ -57.939920609594125, -31.394423498269184 ], [ -57.939175476656835, -31.394497109958692 ], [ -57.939308021931282, -31.395455059566672 ], [ -57.939380685932051, -31.396056244242221 ] ] ], [ [ [ -57.938835010879792, -31.395043664890501 ], [ -57.938864162075454, -31.395115616594115 ], [ -57.938872553950759, -31.395199597922637 ], [ -57.938891158379448, -31.395324758069854 ], [ -57.938944441806299, -31.395412008652777 ], [ -57.938959078475278, -31.395597558477 ], [ -57.938986580395742, -31.395925929726708 ], [ -57.939028718314518, -31.396014867826132 ], [ -57.939164103467625, -31.396063320927691 ], [ -57.939234451462681, -31.396079845643381 ], [ -57.939274543851184, -31.396072649106266 ], [ -57.939089165960766, -31.394684512547197 ], [ -57.938814709815304, -31.394731833394808 ], [ -57.938590044690237, -31.394654281289533 ], [ -57.938655435320221, -31.394954397724835 ], [ -57.938740353138193, -31.394996004892327 ], [ -57.938835010879792, -31.395043664890501 ] ] ] ] } },
{ "type": "Feature", "properties": { "codigo_ai": 15120032, "nombre_ai": "Ramirez Y Boicua", "nombre_dep": "Salto", "nombre_loc": "Salto", "fecha_desde": 2016, "footprints_all": 130, "footprints_min6": 130, "footprints_min10": 112, "oai_viviendas": null, "oai_personas": null, "est_dwellings": 117.0, "est_population": 398.0, "meets_definition": true }, "geometry": { "type": "Polygon", "coordinates": [ [ [ -57.977022274665131, -31.404454036698318 ], [ -57.977726934992262, -31.404363676200401 ], [ -57.978451788243611, -31.40425630632437 ], [ -57.978059218678759, -31.402417274012855 ], [ -57.976673076848577, -31.402612518417435 ], [ -57.976865367352595, -31.403503757661305 ], [ -57.977022274665131, -31.404454036698318 ] ] ] } },
{ "type": "Feature", "properties": { "codigo_ai": 15120014, "nombre_ai": "Santa Rosa", "nombre_dep": "Salto", "nombre_loc": "Salto", "fecha_desde": 2003, "footprints_all": 65, "footprints_min6": 65, "footprints_min10": 63, "oai_viviendas": null, "oai_personas": null, "est_dwellings": 58.0, "est_population": 197.0, "meets_definition": true }, "geometry": { "type": "Polygon", "coordinates": [ [ [ -57.940326792491064, -31.377643466733787 ], [ -57.939811734162348, -31.377712663432849 ], [ -57.93940193191164, -31.377760669135434 ], [ -57.938731531615623, -31.377845118915758 ], [ -57.938672172078377, -31.377823329162684 ], [ -57.937482469650142, -31.377990388724701 ], [ -57.937423535148845, -31.378091651828704 ], [ -57.937416855797593, -31.378139135441213 ], [ -57.937367567735137, -31.378213525043094 ], [ -57.937342292442786, -31.378343042118097 ], [ -57.938648608757561, -31.37819907150136 ], [ -57.938632895003288, -31.378137868464488 ], [ -57.940371821176825, -31.377940785811806 ], [ -57.940340606954578, -31.377787957782818 ], [ -57.940338800592379, -31.377711870224616 ], [ -57.940326792491064, -31.377643466733787 ] ] ] } },
{ "type": "Feature", "properties": { "codigo_ai": 15120035, "nombre_ai": "Sin Nombre", "nombre_dep": "Salto", "nombre_loc": "Salto", "fecha_desde": 2017, "footprints_all": 44, "footprints_min6": 44, "footprints_min10": 37, "oai_viviendas": null, "oai_personas": null, "est_dwellings": 40.0, "est_population": 136.0, "meets_definition": true }, "geometry": { "type": "Polygon", "coordinates": [ [ [ -57.893017700141066, -31.380344334780006 ], [ -57.892801240018628, -31.380464997011398 ], [ -57.892705099117684, -31.380835762666308 ], [ -57.892474984824077, -31.380831379880672 ], [ -57.892400471981247, -31.38102423698022 ], [ -57.892486413814225, -31.381099513684791 ], [ -57.892853945083523, -31.38138435075556 ], [ -57.893010141483785, -31.381491849679165 ], [ -57.893016300362987, -31.381346397146103 ], [ -57.893065611223165, -31.381219286651032 ], [ -57.893091223101401, -31.381226200629104 ], [ -57.893283258440022, -31.381267807826141 ], [ -57.89330147783847, -31.381180660142103 ], [ -57.893429684456606, -31.381211889608853 ], [ -57.89361213175016, -31.380748374915377 ], [ -57.893409960233484, -31.380659616694544 ], [ -57.893470775592235, -31.380548668534203 ], [ -57.893531591624459, -31.380447582490834 ], [ -57.893605522162254, -31.380366131143209 ], [ -57.893424999344063, -31.380267934643339 ], [ -57.893388780283274, -31.380268615515444 ], [ -57.893284414783281, -31.380241986345812 ], [ -57.893181423885878, -31.380197470957437 ], [ -57.893017700141066, -31.380344334780006 ] ] ] } },
{ "type": "Feature", "properties": { "codigo_ai": 15120023, "nombre_ai": "Sin Nombre", "nombre_dep": "Salto", "nombre_loc": "Salto", "fecha_desde": 2017, "footprints_all": 25, "footprints_min6": 25, "footprints_min10": 23, "oai_viviendas": null, "oai_personas": null, "est_dwellings": 22.0, "est_population": 75.0, "meets_definition": true }, "geometry": { "type": "MultiPolygon", "coordinates": [ [ [ [ -57.973570543064916, -31.376718265570521 ], [ -57.974596660896985, -31.376603286839352 ], [ -57.974401952308568, -31.375837390192817 ], [ -57.974325862918512, -31.375792362469372 ], [ -57.974203053566391, -31.375778833867571 ], [ -57.973550255319765, -31.375861029018409 ], [ -57.973614895229794, -31.376242675540077 ], [ -57.973485685628567, -31.376265361723163 ], [ -57.973570543064916, -31.376718265570521 ] ] ], [ [ [ -57.973399503384279, -31.37420899016961 ], [ -57.973518097731194, -31.37480887069573 ], [ -57.974229191745195, -31.37471734351282 ], [ -57.974103624201788, -31.374119380619984 ], [ -57.973399503384279, -31.37420899016961 ] ] ], [ [ [ -57.974768802131621, -31.377554995883202 ], [ -57.974364867802649, -31.377606227142156 ], [ -57.974539918228707, -31.378438213646433 ], [ -57.974936684699244, -31.378396407534858 ], [ -57.974768802131621, -31.377554995883202 ] ] ], [ [ [ -57.974288911966489, -31.375621088922145 ], [ -57.974143918897006, -31.374885401653668 ], [ -57.973545942265304, -31.374953095913011 ], [ -57.973494574364238, -31.374730344070123 ], [ -57.972940759095906, -31.374797699393181 ], [ -57.972992170180163, -31.375024661757912 ], [ -57.973281366804407, -31.374992995874877 ], [ -57.973396998553916, -31.375737326459145 ], [ -57.974288911966489, -31.375621088922145 ] ] ] ] } },
{ "type": "Feature", "properties": { "codigo_ai": 16900001, "nombre_ai": "Arazati", "nombre_dep": "San José", "nombre_loc": "Rural", "fecha_desde": 2006, "footprints_all": 20, "footprints_min6": 20, "footprints_min10": 16, "oai_viviendas": null, "oai_personas": null, "est_dwellings": 18.0, "est_population": 61.0, "meets_definition": true }, "geometry": { "type": "Polygon", "coordinates": [ [ [ -56.96430118219039, -34.586979006775188 ], [ -56.96492969453292, -34.586491470067209 ], [ -56.965354231680919, -34.586113266772706 ], [ -56.965933146479649, -34.585580128969063 ], [ -56.966354114173392, -34.585167069056247 ], [ -56.966649888201111, -34.584919399859636 ], [ -56.967294920920821, -34.584390831262603 ], [ -56.966876165358073, -34.584130905367516 ], [ -56.966463520199568, -34.584366252376363 ], [ -56.966084741011073, -34.584524423642861 ], [ -56.965560278110452, -34.584998937721977 ], [ -56.965439569205486, -34.585315280482533 ], [ -56.964711147982712, -34.585860555322085 ], [ -56.964373993785415, -34.58595212771057 ], [ -56.964035915125187, -34.586231337571867 ], [ -56.963667499773486, -34.586668867442036 ], [ -56.96430118219039, -34.586979006775188 ] ] ] } },
{ "type": "Feature", "properties": { "codigo_ai": 16521007, "nombre_ai": "Autodromo", "nombre_dep": "San José", "nombre_loc": "Ciudad Del Plata", "fecha_desde": 2007, "footprints_all": 25, "footprints_min6": 25, "footprints_min10": 23, "oai_viviendas": null, "oai_personas": null, "est_dwellings": 22.0, "est_population": 75.0, "meets_definition": true }, "geometry": { "type": "Polygon", "coordinates": [ [ [ -56.407719090431783, -34.768439427154014 ], [ -56.407547422351236, -34.76853163117476 ], [ -56.407243210666429, -34.768640287120348 ], [ -56.406824221891434, -34.768769876640299 ], [ -56.406527848343529, -34.768849027266562 ], [ -56.406236385118362, -34.76901028124302 ], [ -56.405922137650265, -34.769090644455289 ], [ -56.40581589877592, -34.769123445200734 ], [ -56.405733253838477, -34.769182828615698 ], [ -56.40523198979956, -34.769358484171946 ], [ -56.405154857626947, -34.76936071523842 ], [ -56.404598029592599, -34.769574211422253 ], [ -56.404685383395162, -34.769781008445847 ], [ -56.404861874339936, -34.769723961096453 ], [ -56.405090063816225, -34.77015716513008 ], [ -56.405427001254438, -34.770009198058936 ], [ -56.405501454051745, -34.769960394905716 ], [ -56.405654311198028, -34.770218218004793 ], [ -56.406637487405291, -34.769693543595878 ], [ -56.406510753801875, -34.769231131173825 ], [ -56.40811222769306, -34.768620548790096 ], [ -56.407941691497051, -34.768358696607521 ], [ -56.407719090431783, -34.768439427154014 ] ] ] } },
{ "type": "Feature", "properties": { "codigo_ai": 16521001, "nombre_ai": "Barrio 7 De Mayo", "nombre_dep": "San José", "nombre_loc": "Ciudad Del Plata", "fecha_desde": 2003, "footprints_all": 124, "footprints_min6": 124, "footprints_min10": 116, "oai_viviendas": null, "oai_personas": null, "est_dwellings": 112.0, "est_population": 381.0, "meets_definition": true }, "geometry": { "type": "Polygon", "coordinates": [ [ [ -56.377354505763023, -34.761737964771456 ], [ -56.377002655729093, -34.761764084442071 ], [ -56.376784093526418, -34.761798270799432 ], [ -56.37660548077001, -34.761802111453107 ], [ -56.37633583084169, -34.76178367379665 ], [ -56.375788851142723, -34.761764468805076 ], [ -56.375574514955481, -34.761700705569424 ], [ -56.375370164692178, -34.761593921487851 ], [ -56.375249552451315, -34.761490978106693 ], [ -56.375043666865366, -34.761363452319046 ], [ -56.37496607517955, -34.761338100525251 ], [ -56.374894630452722, -34.761339636476769 ], [ -56.374829726526947, -34.761373785681236 ], [ -56.374718568679725, -34.761467127869899 ], [ -56.374306845689183, -34.761877116559887 ], [ -56.373913453938968, -34.762219243199155 ], [ -56.374850521366433, -34.762838476974721 ], [ -56.374951234679408, -34.762857050875603 ], [ -56.375005318274638, -34.762898779723265 ], [ -56.374944880569629, -34.762936931367975 ], [ -56.374154203849812, -34.763445039986991 ], [ -56.374042446862163, -34.763523912388479 ], [ -56.37384480700284, -34.763655563143786 ], [ -56.373625983398568, -34.763798603842829 ], [ -56.373570980144372, -34.763826410703231 ], [ -56.373551342014856, -34.763833907898103 ], [ -56.373533821400748, -34.763861531550525 ], [ -56.373546179686102, -34.763876620264483 ], [ -56.373861689130486, -34.764105801468396 ], [ -56.374004150761373, -34.76419593089463 ], [ -56.374044912024964, -34.764244929289752 ], [ -56.374047082204456, -34.764265190374047 ], [ -56.374108890138281, -34.764312206666062 ], [ -56.375058847753877, -34.763586899297117 ], [ -56.375119219653271, -34.763641058670892 ], [ -56.375542037884586, -34.763290069657003 ], [ -56.37556114391591, -34.763271496693214 ], [ -56.375630376292371, -34.762937505094754 ], [ -56.376310215515694, -34.76246222209744 ], [ -56.376700839619595, -34.76210947421572 ], [ -56.377068306226299, -34.761934490601817 ], [ -56.377370486690779, -34.761857839999969 ], [ -56.377354505763023, -34.761737964771456 ] ] ] } },
{ "type": "Feature", "properties": { "codigo_ai": 16021002, "nombre_ai": "El Tanque", "nombre_dep": "San José", "nombre_loc": "Ciudad Del Plata", "fecha_desde": 2013, "footprints_all": 76, "footprints_min6": 76, "footprints_min10": 68, "oai_viviendas": null, "oai_personas": null, "est_dwellings": 68.0, "est_population": 231.0, "meets_definition": true }, "geometry": { "type": "Polygon", "coordinates": [ [ [ -56.374889818280792, -34.761256428855965 ], [ -56.375009096671633, -34.761278178426743 ], [ -56.37512586804575, -34.761341173272989 ], [ -56.375313316493198, -34.761490209618742 ], [ -56.375522274664931, -34.761630028181983 ], [ -56.375673730880621, -34.761699142989926 ], [ -56.376323539246997, -34.76172336781157 ], [ -56.376566300068276, -34.761763316391864 ], [ -56.376781405448796, -34.761751024616593 ], [ -56.376993437314034, -34.761732586565266 ], [ -56.377349380504796, -34.761705729470791 ], [ -56.378219443039555, -34.761637403486965 ], [ -56.378404808182395, -34.761611844462074 ], [ -56.378619871753848, -34.761550799125871 ], [ -56.37870539240145, -34.761499265244055 ], [ -56.378652008936697, -34.761405088871278 ], [ -56.376790831986632, -34.761518107479255 ], [ -56.376780774886072, -34.761243596987626 ], [ -56.376112693512226, -34.761233368305646 ], [ -56.376118805878832, -34.760966276431496 ], [ -56.375528805171058, -34.761169089707955 ], [ -56.375480405830814, -34.761187526861988 ], [ -56.375392443199459, -34.761055007396301 ], [ -56.375318694085792, -34.76095052799522 ], [ -56.375244213784271, -34.760880182755152 ], [ -56.375135086197488, -34.760852578073738 ], [ -56.374459043334497, -34.760791120047259 ], [ -56.37362628068729, -34.76076039035383 ], [ -56.373630160132471, -34.761136903508479 ], [ -56.374473639797941, -34.761124531787758 ], [ -56.374889818280792, -34.761256428855965 ] ] ] } },
{ "type": "Feature", "properties": { "codigo_ai": 16521003, "nombre_ai": "Linea De Alta Tension", "nombre_dep": "San José", "nombre_loc": "Ciudad Del Plata", "fecha_desde": 2003, "footprints_all": 128, "footprints_min6": 128, "footprints_min10": 123, "oai_viviendas": null, "oai_personas": null, "est_dwellings": 115.0, "est_population": 391.0, "meets_definition": true }, "geometry": { "type": "Polygon", "coordinates": [ [ [ -56.386677139773795, -34.763008639568028 ], [ -56.386700631795087, -34.762952952409158 ], [ -56.386669521456064, -34.762913048776632 ], [ -56.386619102356505, -34.762906180376291 ], [ -56.386566152628632, -34.762932242344533 ], [ -56.38642811727285, -34.763012919957937 ], [ -56.386229375775692, -34.763133077117949 ], [ -56.384992488577581, -34.763903746253341 ], [ -56.384460571663652, -34.764223165531149 ], [ -56.383679039167468, -34.764691923140617 ], [ -56.383173197705986, -34.765008573132597 ], [ -56.382924312412037, -34.765192256800887 ], [ -56.382232375580884, -34.76562626599604 ], [ -56.381035251023036, -34.766366092528472 ], [ -56.380997067701031, -34.766425135044827 ], [ -56.381004592035708, -34.766459140806141 ], [ -56.381085811021485, -34.766556760750547 ], [ -56.381438746400825, -34.766953410806259 ], [ -56.381479398831601, -34.766971040241899 ], [ -56.383763270829014, -34.765577387003624 ], [ -56.384017783419957, -34.765419983055054 ], [ -56.384132678903875, -34.765348408994328 ], [ -56.385426434176694, -34.764559879940983 ], [ -56.385604175927099, -34.764420694728315 ], [ -56.385687382741324, -34.764319939698979 ], [ -56.386164346323966, -34.763695949582768 ], [ -56.386548941131359, -34.763185894082802 ], [ -56.386677139773795, -34.763008639568028 ] ] ] } },
{ "type": "Feature", "properties": { "codigo_ai": 16021001, "nombre_ai": "Padron Quincemil", "nombre_dep": "San José", "nombre_loc": "Ciudad Del Plata", "fecha_desde": 2005, "footprints_all": 56, "footprints_min6": 56, "footprints_min10": 55, "oai_viviendas": null, "oai_personas": null, "est_dwellings": 50.0, "est_population": 170.0, "meets_definition": true }, "geometry": { "type": "Polygon", "coordinates": [ [ [ -56.375233419854531, -34.760809173226001 ], [ -56.375324455525565, -34.760877161439375 ], [ -56.375416642653803, -34.760978568433416 ], [ -56.375509214748071, -34.761127988878428 ], [ -56.375674769032933, -34.761069219743781 ], [ -56.375837633934523, -34.761009297672373 ], [ -56.376449145387191, -34.760806484831015 ], [ -56.376739550856101, -34.760656124139295 ], [ -56.376883267949211, -34.760582438261146 ], [ -56.376981301442335, -34.760541881824892 ], [ -56.377086819802386, -34.7605205079849 ], [ -56.377136125624595, -34.760512359406746 ], [ -56.377094144030515, -34.760221260906967 ], [ -56.375913999019744, -34.760480648556751 ], [ -56.372796084452524, -34.760320192185468 ], [ -56.371468891938683, -34.760187792854452 ], [ -56.371202871585638, -34.760537875187012 ], [ -56.371480174233106, -34.760561431583575 ], [ -56.371594496301846, -34.760569799324465 ], [ -56.371844326314921, -34.76060630576913 ], [ -56.37196159028391, -34.760619392827678 ], [ -56.372125034444316, -34.760644112558744 ], [ -56.372297829924889, -34.760677913214515 ], [ -56.372809816244555, -34.760805331711147 ], [ -56.372921181277043, -34.760819287419537 ], [ -56.372996916685253, -34.760816140727762 ], [ -56.373071140876611, -34.760794642592522 ], [ -56.373186953747719, -34.760752570220603 ], [ -56.373326400127816, -34.760716986705752 ], [ -56.373623208152928, -34.760706998430038 ], [ -56.37438222020392, -34.760723515322489 ], [ -56.375148146691139, -34.760789967311858 ], [ -56.375233419854531, -34.760809173226001 ] ] ] } },
{ "type": "Feature", "properties": { "codigo_ai": 16924001, "nombre_ai": "Pescadores Boca Del Cufre", "nombre_dep": "San José", "nombre_loc": "Boca Del Cufré", "fecha_desde": 2019, "footprints_all": 12, "footprints_min6": 12, "footprints_min10": 10, "oai_viviendas": null, "oai_personas": null, "est_dwellings": 11.0, "est_population": 37.0, "meets_definition": true }, "geometry": { "type": "Polygon", "coordinates": [ [ [ -57.144263484890701, -34.439856501085615 ], [ -57.143839477762718, -34.439761807407336 ], [ -57.14368826240878, -34.440169049687889 ], [ -57.14351456383875, -34.440877003193229 ], [ -57.143928120744526, -34.440829978390973 ], [ -57.144011316898343, -34.440795579484373 ], [ -57.144063260742534, -34.44072193470263 ], [ -57.144263484890701, -34.439856501085615 ] ] ] } },
{ "type": "Feature", "properties": { "codigo_ai": 16021003, "nombre_ai": "Renacer- Santa Monica", "nombre_dep": "San José", "nombre_loc": "Ciudad Del Plata", "fecha_desde": 2017, "footprints_all": 53, "footprints_min6": 53, "footprints_min10": 50, "oai_viviendas": null, "oai_personas": null, "est_dwellings": 48.0, "est_population": 163.0, "meets_definition": true }, "geometry": { "type": "Polygon", "coordinates": [ [ [ -56.429256739083641, -34.730900680727608 ], [ -56.430358346460636, -34.732574854341848 ], [ -56.430936230145505, -34.732319641651003 ], [ -56.431496910026929, -34.733190216104553 ], [ -56.431793121021265, -34.733052394086172 ], [ -56.431741118563004, -34.732973487554048 ], [ -56.432201144427133, -34.732773587131405 ], [ -56.43061013271025, -34.73032089388569 ], [ -56.429256739083641, -34.730900680727608 ] ] ] } },
{ "type": "Feature", "properties": { "codigo_ai": 16021004, "nombre_ai": "Santa Monica", "nombre_dep": "San José", "nombre_loc": "Ciudad Del Plata", "fecha_desde": 2018, "footprints_all": 19, "footprints_min6": 19, "footprints_min10": 18, "oai_viviendas": null, "oai_personas": null, "est_dwellings": 17.0, "est_population": 58.0, "meets_definition": true }, "geometry": { "type": "Polygon", "coordinates": [ [ [ -56.430325106923249, -34.733686329105517 ], [ -56.429783508022595, -34.73282972773 ], [ -56.429006869196826, -34.733144343359164 ], [ -56.429519952228276, -34.733950725866023 ], [ -56.429870895996729, -34.733789974133082 ], [ -56.429928909782632, -34.733876928101125 ], [ -56.430325106923249, -34.733686329105517 ] ] ] } },
{ "type": "Feature", "properties": { "codigo_ai": 16521009, "nombre_ai": "Sin Nombre", "nombre_dep": "San José", "nombre_loc": "Ciudad Del Plata", "fecha_desde": 2010, "footprints_all": 393, "footprints_min6": 393, "footprints_min10": 371, "oai_viviendas": null, "oai_personas": null, "est_dwellings": 354.0, "est_population": 1204.0, "meets_definition": true }, "geometry": { "type": "Polygon", "coordinates": [ [ [ -56.415120967004086, -34.759703723953081 ], [ -56.415205758591675, -34.759686884982266 ], [ -56.415321719881447, -34.75952771250946 ], [ -56.415445425210123, -34.75911775161206 ], [ -56.415565677495785, -34.758934035449109 ], [ -56.415823161071089, -34.758463325869997 ], [ -56.416133592783559, -34.758659641675692 ], [ -56.416415955360243, -34.758428190576304 ], [ -56.416814141015678, -34.758754622237568 ], [ -56.416906566780384, -34.75869612830342 ], [ -56.417046901124614, -34.758617382813 ], [ -56.417110516587798, -34.75857460018667 ], [ -56.417191879395624, -34.758536088457497 ], [ -56.417680629236294, -34.758209953939861 ], [ -56.418065040308811, -34.757963032938513 ], [ -56.418727730831478, -34.757537357178244 ], [ -56.419463543349657, -34.757055944777377 ], [ -56.419792864320868, -34.756840272216763 ], [ -56.419585625776577, -34.756431925332976 ], [ -56.419541412270448, -34.756323801383104 ], [ -56.419396028379474, -34.756137537862273 ], [ -56.419289797924527, -34.756026502088353 ], [ -56.419192310985714, -34.755975367926261 ], [ -56.419021702851524, -34.755910529716914 ], [ -56.418797129659829, -34.75581543652963 ], [ -56.418754560945295, -34.75576809994152 ], [ -56.418941331552901, -34.755343976343696 ], [ -56.419000250019749, -34.755231572118198 ], [ -56.418827601132477, -34.755209511708856 ], [ -56.418751457520514, -34.75521790982198 ], [ -56.41868516509404, -34.755246383097017 ], [ -56.418555086463748, -34.75531487596961 ], [ -56.418327661530753, -34.755371072598635 ], [ -56.418173558291912, -34.755430504798454 ], [ -56.417995600780245, -34.755513788075405 ], [ -56.417940096462402, -34.755476842626706 ], [ -56.417896026631745, -34.755388012005682 ], [ -56.417323788181484, -34.754358603219934 ], [ -56.417090687295556, -34.753948287768097 ], [ -56.416932373091022, -34.753621096593797 ], [ -56.41662648807106, -34.753082197212557 ], [ -56.415741338373962, -34.753418578862885 ], [ -56.41593041387118, -34.753770723041114 ], [ -56.416888637579468, -34.755469803976176 ], [ -56.417061869803064, -34.755831270449562 ], [ -56.417080155569543, -34.755884009277771 ], [ -56.413416073714856, -34.757212465984139 ], [ -56.412796035057134, -34.75745139727443 ], [ -56.412376295870793, -34.757622098927698 ], [ -56.411446877986869, -34.757947955028797 ], [ -56.412069521987753, -34.75907445177593 ], [ -56.413088611987341, -34.758672190343525 ], [ -56.413989905393016, -34.758347169332758 ], [ -56.414017289459601, -34.758396329993957 ], [ -56.414414212913876, -34.759054914393914 ], [ -56.414363161732794, -34.759133839185871 ], [ -56.414570250366161, -34.759454047499588 ], [ -56.41464742145898, -34.759531042230343 ], [ -56.414655591935855, -34.759534358515047 ], [ -56.414688956571403, -34.759562978548487 ], [ -56.414826217553518, -34.759622830910878 ], [ -56.415120967004086, -34.759703723953081 ] ] ] } },
{ "type": "Feature", "properties": { "codigo_ai": 16521004, "nombre_ai": "Sin Nombre", "nombre_dep": "San José", "nombre_loc": "Ciudad Del Plata", "fecha_desde": 2003, "footprints_all": 43, "footprints_min6": 43, "footprints_min10": 39, "oai_viviendas": null, "oai_personas": null, "est_dwellings": 39.0, "est_population": 133.0, "meets_definition": true }, "geometry": { "type": "Polygon", "coordinates": [ [ [ -56.387056813079695, -34.766220245089229 ], [ -56.387060476180906, -34.766176019542513 ], [ -56.387036652402479, -34.766147002684036 ], [ -56.386964401512678, -34.766117811435564 ], [ -56.386316237099692, -34.765951676498808 ], [ -56.386206329982357, -34.766309466844042 ], [ -56.385851124977307, -34.766545487058288 ], [ -56.385513431981011, -34.766146401660066 ], [ -56.385501957750861, -34.766153234102958 ], [ -56.385085478307374, -34.76635010849369 ], [ -56.384700114535768, -34.766574171670264 ], [ -56.385123184196921, -34.766912480783809 ], [ -56.38555106327162, -34.767236782207938 ], [ -56.385611582983017, -34.767248389380626 ], [ -56.385678194181651, -34.767246815566139 ], [ -56.385808796962614, -34.767181304187481 ], [ -56.386365943962609, -34.766781471073806 ], [ -56.386679110733553, -34.766537709711308 ], [ -56.387056813079695, -34.766220245089229 ] ] ] } },
{ "type": "Feature", "properties": { "codigo_ai": 16521008, "nombre_ai": "Sin Nombre", "nombre_dep": "San José", "nombre_loc": "Ciudad Del Plata", "fecha_desde": 2010, "footprints_all": 53, "footprints_min6": 53, "footprints_min10": 49, "oai_viviendas": null, "oai_personas": null, "est_dwellings": 48.0, "est_population": 163.0, "meets_definition": true }, "geometry": { "type": "MultiPolygon", "coordinates": [ [ [ [ -56.364454094655265, -34.770962063850654 ], [ -56.364703971212542, -34.771211899902021 ], [ -56.364720383641973, -34.771203414328291 ], [ -56.364758193898453, -34.771245342302322 ], [ -56.36495007574311, -34.771413665555876 ], [ -56.365263403227928, -34.771201926295994 ], [ -56.365156868195456, -34.771078049911353 ], [ -56.36622510812704, -34.770445136932267 ], [ -56.366079045900285, -34.769977278935549 ], [ -56.364454094655265, -34.770962063850654 ] ] ], [ [ [ -56.364564007106146, -34.771323645813922 ], [ -56.364251691572498, -34.771301114370424 ], [ -56.364146505316434, -34.771403635154869 ], [ -56.363568635110155, -34.771806879540399 ], [ -56.362116691234, -34.772811848937557 ], [ -56.362313812035062, -34.773013190059267 ], [ -56.364774585535592, -34.771362075716219 ], [ -56.364702266408329, -34.771338386097717 ], [ -56.364609408690228, -34.771328703573467 ], [ -56.364564007106146, -34.771323645813922 ] ] ] ] } },
{ "type": "Feature", "properties": { "codigo_ai": 16521005, "nombre_ai": "Sin Nombre", "nombre_dep": "San José", "nombre_loc": "Ciudad Del Plata", "fecha_desde": 2005, "footprints_all": 83, "footprints_min6": 83, "footprints_min10": 80, "oai_viviendas": null, "oai_personas": null, "est_dwellings": 75.0, "est_population": 255.0, "meets_definition": true }, "geometry": { "type": "Polygon", "coordinates": [ [ [ -56.416828538462774, -34.755491420021677 ], [ -56.415681382269533, -34.753440847017245 ], [ -56.41483735725825, -34.753753268313027 ], [ -56.415362009179852, -34.754714064150832 ], [ -56.415482553488864, -34.754908198362969 ], [ -56.415521908702218, -34.754998026214153 ], [ -56.415523099818003, -34.755027462803071 ], [ -56.415489723572797, -34.755097458036772 ], [ -56.414609425798943, -34.755420117931955 ], [ -56.415194939136285, -34.756518959368179 ], [ -56.416251267337415, -34.756133742627327 ], [ -56.417001858279058, -34.755854850137666 ], [ -56.416828538462774, -34.755491420021677 ] ] ] } },
{ "type": "Feature", "properties": { "codigo_ai": 17220002, "nombre_ai": "Borderre", "nombre_dep": "Soriano", "nombre_loc": "Mercedes", "fecha_desde": 2012, "footprints_all": 52, "footprints_min6": 52, "footprints_min10": 48, "oai_viviendas": null, "oai_personas": null, "est_dwellings": 47.0, "est_population": 160.0, "meets_definition": true }, "geometry": { "type": "Polygon", "coordinates": [ [ [ -58.019845530646769, -33.263069004433909 ], [ -58.019872675601356, -33.263091707340131 ], [ -58.019934367597244, -33.263080355417955 ], [ -58.019961512468555, -33.263081343142559 ], [ -58.020027841090759, -33.26350894647161 ], [ -58.020161841333966, -33.263480685050347 ], [ -58.020470465132618, -33.263374595844709 ], [ -58.020543929382654, -33.263329638039217 ], [ -58.020584459498004, -33.263302783739633 ], [ -58.020857996235797, -33.263213285098587 ], [ -58.020935279501892, -33.2631696630514 ], [ -58.021166177987233, -33.263072133004883 ], [ -58.02057672897071, -33.262637927260734 ], [ -58.02004292366663, -33.262212088540984 ], [ -58.019962065309386, -33.262113155796499 ], [ -58.019943310922777, -33.262126670119116 ], [ -58.019909806143502, -33.262222101694398 ], [ -58.019903178215053, -33.262315439457517 ], [ -58.019881377839248, -33.262316934218255 ], [ -58.019785318835154, -33.262352452331911 ], [ -58.019846148514873, -33.262567449072137 ], [ -58.019903521214644, -33.262820756170647 ], [ -58.019844543547585, -33.262835809029468 ], [ -58.019803086948691, -33.262876525425369 ], [ -58.019845530646769, -33.263069004433909 ] ] ] } },
{ "type": "Feature", "properties": { "codigo_ai": 17220008, "nombre_ai": "Calmer- La Via", "nombre_dep": "Soriano", "nombre_loc": "Mercedes", "fecha_desde": 2011, "footprints_all": 58, "footprints_min6": 58, "footprints_min10": 53, "oai_viviendas": null, "oai_personas": null, "est_dwellings": 52.0, "est_population": 177.0, "meets_definition": true }, "geometry": { "type": "Polygon", "coordinates": [ [ [ -58.017747550614907, -33.259571252505495 ], [ -58.015570974185842, -33.257653715194792 ], [ -58.015483127898456, -33.257581420324293 ], [ -58.015536205875343, -33.257370414574702 ], [ -58.015487889324994, -33.257224586983838 ], [ -58.015446601140773, -33.257112141532588 ], [ -58.015190085532637, -33.256932932800368 ], [ -58.014910729078871, -33.256620194087105 ], [ -58.014698137400174, -33.256242448875511 ], [ -58.014566366147903, -33.255855918234829 ], [ -58.014369586805266, -33.255228684706609 ], [ -58.014388034667718, -33.254983589663901 ], [ -58.014395063050287, -33.254849182347748 ], [ -58.01435992395762, -33.254724437902581 ], [ -58.014314242971885, -33.254572461352168 ], [ -58.014330055199061, -33.254402036297492 ], [ -58.014308971976789, -33.254094569550809 ], [ -58.014263290788335, -33.253806428247792 ], [ -58.014121416321508, -33.250514330817857 ], [ -58.014003700524235, -33.250519602035858 ], [ -58.014026101772032, -33.251629559000378 ], [ -58.014161494381433, -33.253687427106058 ], [ -58.013985692148857, -33.253794129404909 ], [ -58.014006775124983, -33.254159576818182 ], [ -58.014163144546188, -33.254068214504862 ], [ -58.014140303681749, -33.25441433516886 ], [ -58.014122734114352, -33.254693691505082 ], [ -58.014166658679514, -33.255125902948144 ], [ -58.014289519033312, -33.255748130618869 ], [ -58.014446014310707, -33.256201160423892 ], [ -58.014597660816165, -33.256583497309599 ], [ -58.014704287321443, -33.256923268845988 ], [ -58.015167050418576, -33.257573435016688 ], [ -58.015187449801175, -33.257601454205329 ], [ -58.015329763854815, -33.257561044126589 ], [ -58.015410583179609, -33.257703357548209 ], [ -58.015566952519258, -33.25793351919959 ], [ -58.015793599805932, -33.258156652218211 ], [ -58.015953483518651, -33.258263827201141 ], [ -58.015820191188574, -33.258363078337275 ], [ -58.01619945707025, -33.258717121788855 ], [ -58.016571931438307, -33.258963095502345 ], [ -58.017246603473872, -33.259497210269828 ], [ -58.017728008702257, -33.259820490339351 ], [ -58.017747550614907, -33.259571252505495 ] ] ] } },
{ "type": "Feature", "properties": { "codigo_ai": 17220012, "nombre_ai": "Detomasi Y Pedro Gonzalez", "nombre_dep": "Soriano", "nombre_loc": "Mercedes", "fecha_desde": 2012, "footprints_all": 7, "footprints_min6": 7, "footprints_min10": 6, "oai_viviendas": null, "oai_personas": null, "est_dwellings": 6.0, "est_population": 20.0, "meets_definition": false }, "geometry": { "type": "Polygon", "coordinates": [ [ [ -58.04302109447675, -33.247811479144787 ], [ -58.042388512720862, -33.247708473403826 ], [ -58.042343389140612, -33.248117777639578 ], [ -58.042962663824582, -33.248207633023043 ], [ -58.04302109447675, -33.247811479144787 ] ] ] } },
{ "type": "Feature", "properties": { "codigo_ai": 17220007, "nombre_ai": "El Cerro - La Humedad", "nombre_dep": "Soriano", "nombre_loc": "Mercedes", "fecha_desde": 2005, "footprints_all": 582, "footprints_min6": 582, "footprints_min10": 517, "oai_viviendas": null, "oai_personas": null, "est_dwellings": 524.0, "est_population": 1782.0, "meets_definition": true }, "geometry": { "type": "MultiPolygon", "coordinates": [ [ [ [ -58.036154904948212, -33.257492375738835 ], [ -58.036280230579898, -33.257509324144642 ], [ -58.036191353220474, -33.257924882923668 ], [ -58.037103415844342, -33.258064893292193 ], [ -58.037159060463452, -33.25783881942332 ], [ -58.037257625966042, -33.257564225633992 ], [ -58.037270757981631, -33.257532925158401 ], [ -58.037320728675255, -33.257469389546024 ], [ -58.037376657526202, -33.257420756584956 ], [ -58.037428813078662, -33.257369148009481 ], [ -58.03749471588911, -33.257325677468579 ], [ -58.037637730967667, -33.257289477042896 ], [ -58.037678816725368, -33.257195619116267 ], [ -58.037750273297732, -33.257122963983818 ], [ -58.037778348104212, -33.257042312600646 ], [ -58.037851128717826, -33.256877557269206 ], [ -58.037693547627207, -33.256842661319801 ], [ -58.037709436719112, -33.256759011671754 ], [ -58.037575187328571, -33.25671715448776 ], [ -58.037591011504006, -33.25659821965025 ], [ -58.037625212098277, -33.256470095814933 ], [ -58.037586927736655, -33.256460907923604 ], [ -58.037403429285952, -33.25642818958233 ], [ -58.037262027419921, -33.256415201531908 ], [ -58.037051464281873, -33.256383829549698 ], [ -58.036720691108968, -33.256333294822028 ], [ -58.036676651946941, -33.256544901161917 ], [ -58.036431915323107, -33.256661922629775 ], [ -58.036427068114016, -33.2567065423843 ], [ -58.035935616703355, -33.256637013202912 ], [ -58.035860591668289, -33.256989104943436 ], [ -58.035864149067088, -33.25705357132906 ], [ -58.035825870268788, -33.257255171048328 ], [ -58.036115296156161, -33.257300090830817 ], [ -58.035968867355265, -33.257888429561888 ], [ -58.036068570651473, -33.257903331384455 ], [ -58.036154904948212, -33.257492375738835 ] ] ], [ [ [ -58.039047956788544, -33.255285536481402 ], [ -58.039140661693168, -33.255122360961501 ], [ -58.039170810047217, -33.255138941941269 ], [ -58.039364886759579, -33.254921877680388 ], [ -58.039386717354887, -33.254873351154146 ], [ -58.039394981138145, -33.25479737289956 ], [ -58.038658926433023, -33.254727265067196 ], [ -58.038645697624418, -33.254849470462581 ], [ -58.038643761769151, -33.254989338045363 ], [ -58.038586312119428, -33.254987006549328 ], [ -58.038587357220536, -33.255068891385235 ], [ -58.03855362297287, -33.255061704166806 ], [ -58.038549537808088, -33.255151126081259 ], [ -58.038617445884825, -33.255156374604255 ], [ -58.038606003280897, -33.25533373952215 ], [ -58.038585978440075, -33.255581192913809 ], [ -58.038873991127694, -33.255625071882214 ], [ -58.03888515934613, -33.255635627793296 ], [ -58.039047956788544, -33.255285536481402 ] ] ], [ [ [ -58.041596885680086, -33.25519313730365 ], [ -58.041737103607751, -33.254775789978233 ], [ -58.04177015889713, -33.254737155300312 ], [ -58.041816327280969, -33.254570015840379 ], [ -58.041796164731146, -33.254543425079255 ], [ -58.041756134093866, -33.254534951197648 ], [ -58.041778689466099, -33.25445607599432 ], [ -58.041758247732787, -33.254401073716878 ], [ -58.041777281116843, -33.254347813380562 ], [ -58.041798947877382, -33.254297817651526 ], [ -58.041848691779158, -33.254284250579744 ], [ -58.041894667329657, -33.254260886611469 ], [ -58.041904037192047, -33.254227000645976 ], [ -58.040973514677006, -33.254080680208986 ], [ -58.04096257643868, -33.254137588659447 ], [ -58.040168721908096, -33.254018868273256 ], [ -58.040032643692108, -33.254007680562687 ], [ -58.03996809790857, -33.2550646614445 ], [ -58.040558861576379, -33.255157650139495 ], [ -58.041265703737558, -33.255213122790849 ], [ -58.041596885680086, -33.25519313730365 ] ] ], [ [ [ -58.042013411158415, -33.257766514687077 ], [ -58.041945362425636, -33.257712075583967 ], [ -58.041773419067461, -33.2577227142975 ], [ -58.040803654281071, -33.257847295043788 ], [ -58.040698382555455, -33.257841960911897 ], [ -58.040568953944664, -33.257756130417022 ], [ -58.039774945642705, -33.257643656071551 ], [ -58.039690283260988, -33.25845441143894 ], [ -58.041111943715499, -33.258635780014416 ], [ -58.041476311514437, -33.258383663115232 ], [ -58.041949999250413, -33.2580664777064 ], [ -58.042013411158415, -33.257766514687077 ] ] ] ] } },
{ "type": "Feature", "properties": { "codigo_ai": 17220004, "nombre_ai": "El Trebol", "nombre_dep": "Soriano", "nombre_loc": "Mercedes", "fecha_desde": 2005, "footprints_all": 90, "footprints_min6": 90, "footprints_min10": 82, "oai_viviendas": null, "oai_personas": null, "est_dwellings": 81.0, "est_population": 275.0, "meets_definition": true }, "geometry": { "type": "Polygon", "coordinates": [ [ [ -58.015792654664679, -33.24683593375029 ], [ -58.015708899641055, -33.246905175581411 ], [ -58.015123825408018, -33.247392889293508 ], [ -58.015004106390272, -33.247519413612174 ], [ -58.014872516147342, -33.247678543500136 ], [ -58.014698655487834, -33.247939793632966 ], [ -58.014775455561754, -33.247969476830576 ], [ -58.014791516194997, -33.248022601117057 ], [ -58.014736027404759, -33.24820918738493 ], [ -58.014784874032472, -33.248213474405226 ], [ -58.014930245434023, -33.248169173302387 ], [ -58.015022501520171, -33.247969925706968 ], [ -58.015132141594904, -33.247693642623432 ], [ -58.01516373395846, -33.247683837648538 ], [ -58.015958888081478, -33.247711134661287 ], [ -58.015981292824591, -33.248251136324356 ], [ -58.016562444756751, -33.248234144114839 ], [ -58.016606521288949, -33.24819904269954 ], [ -58.016665245457716, -33.248088266510891 ], [ -58.016677257525906, -33.247901416132002 ], [ -58.016663879472503, -33.24779815090065 ], [ -58.016617634605211, -33.247706501717033 ], [ -58.016562317107798, -33.247628931174454 ], [ -58.016468793019193, -33.247525273870657 ], [ -58.015792654664679, -33.24683593375029 ] ] ] } },
{ "type": "Feature", "properties": { "codigo_ai": 17220011, "nombre_ai": "Olazagasti", "nombre_dep": "Soriano", "nombre_loc": "Mercedes", "fecha_desde": 2012, "footprints_all": 38, "footprints_min6": 38, "footprints_min10": 37, "oai_viviendas": null, "oai_personas": null, "est_dwellings": 34.0, "est_population": 116.0, "meets_definition": true }, "geometry": { "type": "Polygon", "coordinates": [ [ [ -58.042171920447664, -33.258683203766147 ], [ -58.041923468224034, -33.258726569585356 ], [ -58.04165965066322, -33.258855381788266 ], [ -58.042161711898423, -33.259478679840626 ], [ -58.042370140246604, -33.259375100918241 ], [ -58.042171920447664, -33.258683203766147 ] ] ] } },
{ "type": "Feature", "properties": { "codigo_ai": 18220005, "nombre_ai": "El Pozo", "nombre_dep": "Tacuarembó", "nombre_loc": "Tacuarembó", "fecha_desde": 2011, "footprints_all": 46, "footprints_min6": 46, "footprints_min10": 42, "oai_viviendas": null, "oai_personas": null, "est_dwellings": 41.0, "est_population": 139.0, "meets_definition": true }, "geometry": { "type": "Polygon", "coordinates": [ [ [ -55.999285670222157, -31.715369366149929 ], [ -55.999242722063919, -31.715378251798999 ], [ -55.999119655920722, -31.715514811821407 ], [ -55.999139259518742, -31.715579067783622 ], [ -55.999135448421157, -31.715680353108436 ], [ -55.999173565900101, -31.715716293076156 ], [ -55.999181189662771, -31.715726639351217 ], [ -55.999187179535134, -31.71574515358359 ], [ -55.99917411027026, -31.715806687438683 ], [ -55.999166487088637, -31.715845894094333 ], [ -55.999145794830667, -31.715881289369889 ], [ -55.999130002725224, -31.715891635855236 ], [ -55.99910876506037, -31.715902254439307 ], [ -55.999095424460819, -31.715911239862663 ], [ -55.99911638924398, -31.715920223970784 ], [ -55.999131635987752, -31.715931659460178 ], [ -55.999133204513328, -31.715928888611749 ], [ -55.999165943059609, -31.715949085165228 ], [ -55.999134358824698, -31.716157100768857 ], [ -56.000094319934476, -31.716208497557933 ], [ -56.000092344669831, -31.716392517243651 ], [ -56.000168678010269, -31.71640235675212 ], [ -56.00017110054393, -31.716401827238307 ], [ -56.000322120972534, -31.716421495913046 ], [ -56.000361379174286, -31.716314719189917 ], [ -56.000410500444012, -31.715938893780862 ], [ -56.000418981794098, -31.715880938772116 ], [ -56.000447490547337, -31.715388100338803 ], [ -56.000171147081531, -31.715382417672032 ], [ -56.000199407010903, -31.715064401485176 ], [ -56.000075018285614, -31.715113836819775 ], [ -55.999665972313451, -31.715246446252308 ], [ -55.999383297571413, -31.715338087725829 ], [ -55.999307430946338, -31.715364863771967 ], [ -55.999285670222157, -31.715369366149929 ] ] ] } },
{ "type": "Feature", "properties": { "codigo_ai": 18220004, "nombre_ai": "Inia", "nombre_dep": "Tacuarembó", "nombre_loc": "Tacuarembó", "fecha_desde": 2018, "footprints_all": 26, "footprints_min6": 26, "footprints_min10": 22, "oai_viviendas": null, "oai_personas": null, "est_dwellings": 23.0, "est_population": 78.0, "meets_definition": true }, "geometry": { "type": "MultiPolygon", "coordinates": [ [ [ [ -55.978954467335647, -31.749110196016403 ], [ -55.979152870707978, -31.749030192421603 ], [ -55.979128371769541, -31.748911082486199 ], [ -55.978762808225817, -31.747224993959648 ], [ -55.978607597454683, -31.746452474096007 ], [ -55.97844411707603, -31.746505209694988 ], [ -55.978569843212931, -31.747259333941013 ], [ -55.978934566780737, -31.749008276428299 ], [ -55.978954467335647, -31.749110196016403 ] ] ], [ [ [ -55.974923893739302, -31.741851896699508 ], [ -55.974793937128531, -31.74188720888661 ], [ -55.974945850189137, -31.742477780523043 ], [ -55.976660994371493, -31.742393996395997 ], [ -55.976641620776761, -31.74220158743935 ], [ -55.975067391480643, -31.742258452402684 ], [ -55.974923893739302, -31.741851896699508 ] ] ], [ [ [ -55.955775697533795, -31.749472485284194 ], [ -55.955701144709707, -31.749425383771325 ], [ -55.955470669075979, -31.749648975064652 ], [ -55.95498662979265, -31.750310754305389 ], [ -55.955068621034769, -31.750373724702275 ], [ -55.955775697533795, -31.749472485284194 ] ] ] ] } },
{ "type": "Feature", "properties": { "codigo_ai": 18321004, "nombre_ai": "La Balanza", "nombre_dep": "Tacuarembó", "nombre_loc": "Paso De Los Toros", "fecha_desde": 2018, "footprints_all": 39, "footprints_min6": 39, "footprints_min10": 29, "oai_viviendas": null, "oai_personas": null, "est_dwellings": 35.0, "est_population": 119.0, "meets_definition": true }, "geometry": { "type": "Polygon", "coordinates": [ [ [ -56.519422771960393, -32.791583501799693 ], [ -56.519141609249878, -32.791372569549509 ], [ -56.518377698795803, -32.792154936080046 ], [ -56.517903820845078, -32.792728288148993 ], [ -56.517700559487068, -32.793071532009861 ], [ -56.517622358566683, -32.793175620187924 ], [ -56.517416041132165, -32.793075846568371 ], [ -56.517304342029952, -32.793292531594233 ], [ -56.517135117727847, -32.793701451634355 ], [ -56.516706542211708, -32.794957456930689 ], [ -56.516900216054879, -32.79501690081112 ], [ -56.517195221245224, -32.794556775730499 ], [ -56.517298290647794, -32.794275852083054 ], [ -56.517329117305863, -32.794122430435209 ], [ -56.517395606815974, -32.793868849493521 ], [ -56.517435875942454, -32.793815157429272 ], [ -56.517789965292778, -32.793943065027314 ], [ -56.518067054261017, -32.793394641555594 ], [ -56.518149509044648, -32.793219184489779 ], [ -56.518824491504915, -32.792312176611546 ], [ -56.519117878951846, -32.7919574266297 ], [ -56.519422771960393, -32.791583501799693 ] ] ] } },
{ "type": "Feature", "properties": { "codigo_ai": 18937001, "nombre_ai": "La Pedrera", "nombre_dep": "Tacuarembó", "nombre_loc": "Tacuarembó", "fecha_desde": 2002, "footprints_all": 166, "footprints_min6": 166, "footprints_min10": 153, "oai_viviendas": null, "oai_personas": null, "est_dwellings": 149.0, "est_population": 507.0, "meets_definition": true }, "geometry": { "type": "Polygon", "coordinates": [ [ [ -56.027429389042041, -31.740013602811711 ], [ -56.027431359128492, -31.73993478712033 ], [ -56.027464856468917, -31.739907201211359 ], [ -56.027505748414001, -31.739965617787721 ], [ -56.027807686822342, -31.740388801768336 ], [ -56.027757262793777, -31.740408405322658 ], [ -56.027645592726564, -31.74044440561574 ], [ -56.02747694633014, -31.740473600846851 ], [ -56.027587712738345, -31.740880036413387 ], [ -56.029301136979683, -31.74087530650614 ], [ -56.029037413573825, -31.740408846457225 ], [ -56.028952082614012, -31.740316182253647 ], [ -56.028097821113022, -31.739011914538761 ], [ -56.027747063452587, -31.738371615689296 ], [ -56.027609031345399, -31.738216215566119 ], [ -56.02714625016992, -31.739087827451854 ], [ -56.026445701855799, -31.740335204788948 ], [ -56.026135735143967, -31.740883031905192 ], [ -56.026451400622989, -31.740895967604896 ], [ -56.027180626846068, -31.740922132055662 ], [ -56.027181611927872, -31.740924138761685 ], [ -56.02729089157544, -31.74048474066824 ], [ -56.027211250706337, -31.740427078346144 ], [ -56.027198347068428, -31.740395586487043 ], [ -56.027216197905084, -31.740359884460055 ], [ -56.027343998922873, -31.740206888381184 ], [ -56.027408090185581, -31.740100555516666 ], [ -56.027429389042041, -31.740013602811711 ] ] ] } },
{ "type": "Feature", "properties": { "codigo_ai": 18321003, "nombre_ai": "Ruta 5", "nombre_dep": "Tacuarembó", "nombre_loc": "Paso De Los Toros", "fecha_desde": 2013, "footprints_all": 17, "footprints_min6": 17, "footprints_min10": 16, "oai_viviendas": null, "oai_personas": null, "est_dwellings": 15.0, "est_population": 51.0, "meets_definition": true }, "geometry": { "type": "Polygon", "coordinates": [ [ [ -56.521892357862775, -32.785098100882749 ], [ -56.522099867294209, -32.786519459984461 ], [ -56.521864379849298, -32.78651945974584 ], [ -56.521861386872089, -32.786750143618626 ], [ -56.522160105337072, -32.786775358508613 ], [ -56.522194285758886, -32.787161277301969 ], [ -56.522080318800263, -32.787911063079385 ], [ -56.521918364497523, -32.788300952004612 ], [ -56.522285558735547, -32.788349424060485 ], [ -56.522293032535337, -32.788318171089919 ], [ -56.522312338224239, -32.788202337821978 ], [ -56.522335610507525, -32.7881062124465 ], [ -56.522525415253689, -32.787736857976896 ], [ -56.52260335265597, -32.787533791158175 ], [ -56.522634813860698, -32.787370766211474 ], [ -56.52275565168646, -32.786860955509816 ], [ -56.522772813136967, -32.786507734426458 ], [ -56.522766377814534, -32.78634756887201 ], [ -56.52277424288792, -32.785834183017158 ], [ -56.522792833279425, -32.785543883902236 ], [ -56.522820719731442, -32.784337640171778 ], [ -56.522797838574398, -32.784201786367738 ], [ -56.522807119180939, -32.783971018072101 ], [ -56.522823710970492, -32.783423489063814 ], [ -56.52168652331833, -32.783548721447978 ], [ -56.52186519434494, -32.78488964305717 ], [ -56.521552468238895, -32.784923914180681 ], [ -56.521588458788649, -32.785133854484357 ], [ -56.521892357862775, -32.785098100882749 ] ] ] } },
{ "type": "Feature", "properties": { "codigo_ai": 18220001, "nombre_ai": "Santa Isabel", "nombre_dep": "Tacuarembó", "nombre_loc": "Tacuarembó", "fecha_desde": 2002, "footprints_all": 75, "footprints_min6": 75, "footprints_min10": 70, "oai_viviendas": null, "oai_personas": null, "est_dwellings": 68.0, "est_population": 231.0, "meets_definition": true }, "geometry": { "type": "Polygon", "coordinates": [ [ [ -55.965769180911273, -31.714851209009076 ], [ -55.966047041745313, -31.715323911736149 ], [ -55.966759903833768, -31.714903244969022 ], [ -55.966724129707735, -31.71484912339309 ], [ -55.967123593144152, -31.714631682249731 ], [ -55.967759499798333, -31.714293099487357 ], [ -55.967758731219483, -31.714245214944864 ], [ -55.967176738163658, -31.714344690458944 ], [ -55.967173510776682, -31.714333084239904 ], [ -55.967130731343033, -31.71433139074361 ], [ -55.967104309800803, -31.714305543727324 ], [ -55.966716154305395, -31.714371372674641 ], [ -55.966533785373336, -31.714397794527869 ], [ -55.966385611679669, -31.714428362708141 ], [ -55.966233411758765, -31.714464914543896 ], [ -55.966200911765824, -31.714472141605366 ], [ -55.966054127457106, -31.714451674888192 ], [ -55.965980302434332, -31.71445462792332 ], [ -55.965889473774986, -31.714469997391859 ], [ -55.965716658251338, -31.714437805823259 ], [ -55.965687855315899, -31.714486939911318 ], [ -55.965731906695218, -31.714605539228405 ], [ -55.965384579675984, -31.714791909348349 ], [ -55.965515039395953, -31.714979974048227 ], [ -55.965580893607004, -31.714946608100039 ], [ -55.965769180911273, -31.714851209009076 ] ] ] } },
{ "type": "Feature", "properties": { "codigo_ai": 18321001, "nombre_ai": "Santa Isabel", "nombre_dep": "Tacuarembó", "nombre_loc": "Paso De Los Toros", "fecha_desde": 2014, "footprints_all": 28, "footprints_min6": 28, "footprints_min10": 28, "oai_viviendas": null, "oai_personas": null, "est_dwellings": 25.0, "est_population": 85.0, "meets_definition": true }, "geometry": { "type": "Polygon", "coordinates": [ [ [ -56.519674014026585, -32.818186235289232 ], [ -56.519583966715096, -32.817364419017203 ], [ -56.518409969554753, -32.817426647691065 ], [ -56.518421993289117, -32.817873115339047 ], [ -56.518483008211732, -32.818486394611689 ], [ -56.518507018482104, -32.818587886487791 ], [ -56.518840580182022, -32.818570021978886 ], [ -56.518812864382333, -32.818133678251776 ], [ -56.519405329769405, -32.818105049722121 ], [ -56.519420793832424, -32.81819976579655 ], [ -56.519674014026585, -32.818186235289232 ] ] ] } },
{ "type": "Feature", "properties": { "codigo_ai": 18900001, "nombre_ai": "Sauce Solo", "nombre_dep": "Tacuarembó", "nombre_loc": "Rural", "fecha_desde": 2010, "footprints_all": 30, "footprints_min6": 30, "footprints_min10": 26, "oai_viviendas": null, "oai_personas": null, "est_dwellings": 27.0, "est_population": 92.0, "meets_definition": true }, "geometry": { "type": "Polygon", "coordinates": [ [ [ -55.912250337722305, -31.695549671510385 ], [ -55.912880285030489, -31.695209160042605 ], [ -55.912578043727841, -31.694878133386879 ], [ -55.911858420912935, -31.695367476594612 ], [ -55.912048570576012, -31.695469242203192 ], [ -55.911908521125191, -31.695598913412468 ], [ -55.911778773640243, -31.695547985925465 ], [ -55.911709070506411, -31.695629365083722 ], [ -55.913921338782401, -31.696605226952975 ], [ -55.91400769365864, -31.696446910377844 ], [ -55.914211045744004, -31.696515612228346 ], [ -55.914298191273225, -31.696395269219789 ], [ -55.914939330136029, -31.696619356051777 ], [ -55.915228775886057, -31.696716875475943 ], [ -55.915291022353934, -31.696536361182922 ], [ -55.915176904424037, -31.696284262163918 ], [ -55.914806537253781, -31.695825713090599 ], [ -55.914330351494847, -31.695638973542341 ], [ -55.914031567873366, -31.695532117433711 ], [ -55.913940273196033, -31.695770728576765 ], [ -55.913687656614321, -31.695631711593116 ], [ -55.913396654093923, -31.69579510830998 ], [ -55.913185226749121, -31.695785082655433 ], [ -55.913132301138624, -31.696022522588933 ], [ -55.912630034421937, -31.695882118082096 ], [ -55.912698820086817, -31.695728449330641 ], [ -55.912250337722305, -31.695549671510385 ] ] ] } },
{ "type": "Feature", "properties": { "codigo_ai": 18321002, "nombre_ai": "Sin Nombre", "nombre_dep": "Tacuarembó", "nombre_loc": "Paso De Los Toros", "fecha_desde": 2003, "footprints_all": 633, "footprints_min6": 633, "footprints_min10": 584, "oai_viviendas": null, "oai_personas": null, "est_dwellings": 570.0, "est_population": 1938.0, "meets_definition": true }, "geometry": { "type": "MultiPolygon", "coordinates": [ [ [ [ -56.50930130191621, -32.816109204681993 ], [ -56.509628059144006, -32.816397748369482 ], [ -56.509397132779966, -32.816607829700374 ], [ -56.509655506133448, -32.816795621393481 ], [ -56.509957576293907, -32.81652971684408 ], [ -56.510326131147252, -32.816218576668973 ], [ -56.510334467497408, -32.816204419114179 ], [ -56.510334310339005, -32.816186329677038 ], [ -56.510318108052722, -32.816166667451853 ], [ -56.509426881159158, -32.815414346514324 ], [ -56.509718922788004, -32.815185219466727 ], [ -56.509421653363489, -32.814910819322037 ], [ -56.509463608096475, -32.814875709911156 ], [ -56.508976604725767, -32.814450147311319 ], [ -56.508887214637745, -32.814357154278042 ], [ -56.509118435690439, -32.814151878363475 ], [ -56.508860906803193, -32.813931974929332 ], [ -56.508273993594734, -32.814436280155171 ], [ -56.507975901649488, -32.814180773122409 ], [ -56.508277706230231, -32.813879935921449 ], [ -56.508049095829584, -32.813678677030246 ], [ -56.507180236825945, -32.814422187942938 ], [ -56.507820999814371, -32.814937948288538 ], [ -56.506994689049861, -32.815578701872468 ], [ -56.506559832754789, -32.815233314708458 ], [ -56.50630314653651, -32.815445185832445 ], [ -56.506258635615431, -32.815486566874185 ], [ -56.506218524614333, -32.815523340439483 ], [ -56.505934306253465, -32.815726248574208 ], [ -56.505937599013031, -32.815774816240712 ], [ -56.506148599598447, -32.815972629479873 ], [ -56.504829845019643, -32.81712214432801 ], [ -56.505317783924383, -32.817530958334885 ], [ -56.503850175949303, -32.818796133038212 ], [ -56.503044030831376, -32.818135387233269 ], [ -56.502745113258243, -32.818407930104925 ], [ -56.501978658710676, -32.817766916803009 ], [ -56.501585101438685, -32.81809992366847 ], [ -56.501621686878387, -32.818158265064291 ], [ -56.501692761905304, -32.818234574551717 ], [ -56.501741749797205, -32.818275765890647 ], [ -56.501837229816516, -32.818182494127193 ], [ -56.5019313020954, -32.818256284453838 ], [ -56.502041733868374, -32.818163910921619 ], [ -56.502624226582036, -32.818662889692014 ], [ -56.502495236734724, -32.818766339321073 ], [ -56.502925342397695, -32.819113464316906 ], [ -56.503405728057771, -32.818738104611249 ], [ -56.503694717069529, -32.818978777313411 ], [ -56.504469054199767, -32.819630105506739 ], [ -56.504500513698524, -32.819645835487357 ], [ -56.504547074747073, -32.819642689395153 ], [ -56.504586714569776, -32.819622555555235 ], [ -56.505008233210525, -32.819220018826371 ], [ -56.505239621609114, -32.818999050835792 ], [ -56.506046776005739, -32.818356288129543 ], [ -56.506173874568432, -32.818227930763264 ], [ -56.506285872643701, -32.818346220828403 ], [ -56.506494265064404, -32.818512885288136 ], [ -56.506777154817847, -32.818255627668364 ], [ -56.506465765802787, -32.817992282774142 ], [ -56.506991413281902, -32.817544449941998 ], [ -56.506573727842927, -32.817204783645465 ], [ -56.506418815181192, -32.817336135752505 ], [ -56.50592001587389, -32.81690235137382 ], [ -56.506809367991039, -32.816155342065748 ], [ -56.506976105464076, -32.815974131860351 ], [ -56.507843199443158, -32.815247314465338 ], [ -56.508134127030601, -32.815514179326115 ], [ -56.508412462013958, -32.815300063943916 ], [ -56.50905205876284, -32.815889108637151 ], [ -56.50883446398165, -32.816075932235741 ], [ -56.509071839704816, -32.816293526791554 ], [ -56.50930130191621, -32.816109204681993 ] ] ], [ [ [ -56.522500189730003, -32.816083756812503 ], [ -56.522142293335065, -32.816102449327992 ], [ -56.521985662867969, -32.816123110050633 ], [ -56.521647945086414, -32.816146082653468 ], [ -56.521654891591851, -32.816457158131726 ], [ -56.522531864057626, -32.816405221680967 ], [ -56.522500189730003, -32.816083756812503 ] ] ], [ [ [ -56.524199466720184, -32.815977553636969 ], [ -56.523669469038992, -32.816014414056966 ], [ -56.523709440247593, -32.81654094559925 ], [ -56.524317450271027, -32.816489552633008 ], [ -56.524280005444467, -32.816032922712182 ], [ -56.524257353853685, -32.815988878770064 ], [ -56.524199466720184, -32.815977553636969 ] ] ], [ [ [ -56.518779600232762, -32.817160894114423 ], [ -56.518780003321439, -32.81720997445548 ], [ -56.518406749032913, -32.81723313003365 ], [ -56.518271684473923, -32.817237689859368 ], [ -56.518240136674621, -32.816942291994508 ], [ -56.518200977314009, -32.816447251739135 ], [ -56.518192168392147, -32.816398174223721 ], [ -56.518167000290184, -32.816376781743323 ], [ -56.517738533188499, -32.816404675109467 ], [ -56.517710561381406, -32.816063677741084 ], [ -56.51787321855204, -32.816058674517897 ], [ -56.517754187544377, -32.814525788904795 ], [ -56.517357545627519, -32.814543599596533 ], [ -56.517347741181524, -32.814409661302193 ], [ -56.517081462286164, -32.81441515184239 ], [ -56.517145492720722, -32.815190107488114 ], [ -56.517137312605463, -32.815432350654092 ], [ -56.517138571239073, -32.815512887930716 ], [ -56.51719108667136, -32.816223909443345 ], [ -56.51723074899941, -32.816434667855937 ], [ -56.517310028660937, -32.817303594507003 ], [ -56.517332050260698, -32.817347009423976 ], [ -56.51736036450793, -32.817385390796083 ], [ -56.517424542908401, -32.817419997309777 ], [ -56.517669931046754, -32.817417479954145 ], [ -56.517854917024835, -32.817390424656722 ], [ -56.518029060197712, -32.817380139769682 ], [ -56.518113916518011, -32.817377704333012 ], [ -56.518266414137507, -32.817379728175318 ], [ -56.518494185045398, -32.817370919066583 ], [ -56.519070059671741, -32.817318659495363 ], [ -56.519059898376184, -32.817135032330484 ], [ -56.518779600232762, -32.817160894114423 ] ] ], [ [ [ -56.514087671328411, -32.815104974776915 ], [ -56.51452979683576, -32.815069474889334 ], [ -56.5154011407638, -32.815043657429236 ], [ -56.515443696245633, -32.815597511022972 ], [ -56.515808324625851, -32.815574760257363 ], [ -56.515796799078153, -32.815426687295115 ], [ -56.515685816625499, -32.81462605025439 ], [ -56.51537913185723, -32.814634316137237 ], [ -56.515357374654577, -32.814392543534609 ], [ -56.514524554326037, -32.814450796325247 ], [ -56.514398713990374, -32.814450796322831 ], [ -56.513316487653498, -32.814515603815032 ], [ -56.513076132999046, -32.814531333774966 ], [ -56.512391777795528, -32.814576310401975 ], [ -56.51241397728932, -32.814829520492026 ], [ -56.511985247007217, -32.814865188704687 ], [ -56.512066579932068, -32.815515404530167 ], [ -56.512102444034618, -32.815706996474582 ], [ -56.512288590508511, -32.816631971109999 ], [ -56.513043104947791, -32.816555997559412 ], [ -56.512996878186634, -32.816192540241026 ], [ -56.512486716094635, -32.816241065993687 ], [ -56.512451787623959, -32.81588716188309 ], [ -56.513435777315735, -32.815814957769661 ], [ -56.513393823858827, -32.815572917879692 ], [ -56.513238618380889, -32.815578317707207 ], [ -56.51324916344899, -32.815490866077042 ], [ -56.513252938957692, -32.815430462284198 ], [ -56.513180393554975, -32.814920276055545 ], [ -56.51407476200157, -32.814869389217158 ], [ -56.514087671328411, -32.815104974776915 ] ] ], [ [ [ -56.501806904654245, -32.812706394926764 ], [ -56.501641264369219, -32.812568564492082 ], [ -56.500603756631392, -32.813485033658715 ], [ -56.500585328245435, -32.813507650331807 ], [ -56.500582815878595, -32.813537805781927 ], [ -56.500599568546548, -32.813557909852456 ], [ -56.500689356391256, -32.813632715989655 ], [ -56.5009268565803, -32.813419536859385 ], [ -56.501127683231836, -32.813578837412649 ], [ -56.501166099818825, -32.813547860712269 ], [ -56.501242919535208, -32.813485816114543 ], [ -56.501371182729031, -32.813581547449282 ], [ -56.501574139400795, -32.813721734104149 ], [ -56.501582701240899, -32.813689395397653 ], [ -56.501582701461153, -32.813481934592147 ], [ -56.501589331817115, -32.813279695082549 ], [ -56.501629116635087, -32.813147078814794 ], [ -56.501708687161646, -32.812931577190191 ], [ -56.501806904654245, -32.812706394926764 ] ] ], [ [ [ -56.503520530657752, -32.812384281505537 ], [ -56.503101158485805, -32.812043048044309 ], [ -56.502688214960664, -32.812420957258269 ], [ -56.503076001776932, -32.812721791064313 ], [ -56.5031168999136, -32.812723049368351 ], [ -56.503520530657752, -32.812384281505537 ] ] ], [ [ [ -56.508288535971765, -32.808556799707354 ], [ -56.508265583812452, -32.808331489818627 ], [ -56.507907650698236, -32.80835405748131 ], [ -56.507825040604502, -32.807497535960792 ], [ -56.507773977240404, -32.807539649587788 ], [ -56.507668187030191, -32.80762689867958 ], [ -56.507577445141386, -32.807694323834845 ], [ -56.50751587810548, -32.807757985753199 ], [ -56.507549383799223, -32.808217858105735 ], [ -56.507566346159145, -32.808403817817783 ], [ -56.507649460597627, -32.809330894417904 ], [ -56.50816592933473, -32.809299661019658 ], [ -56.50813713575149, -32.808933516131141 ], [ -56.508318391075136, -32.808924634688566 ], [ -56.508288535971765, -32.808556799707354 ] ] ], [ [ [ -56.508498294929971, -32.805811583392611 ], [ -56.508399192905301, -32.80489213403817 ], [ -56.508376568042443, -32.804881059120348 ], [ -56.507896591702256, -32.804896974891761 ], [ -56.507813471889165, -32.804896723986154 ], [ -56.507908437992285, -32.805497573475044 ], [ -56.507250217274809, -32.805536182677379 ], [ -56.507286127011021, -32.805814336413974 ], [ -56.507317325743259, -32.805894168094106 ], [ -56.507351277285338, -32.805925367442633 ], [ -56.507364589660121, -32.805992130169507 ], [ -56.507334734867342, -32.806030740509158 ], [ -56.507312955693891, -32.806122883318103 ], [ -56.507367060925475, -32.80664823203383 ], [ -56.507723468336806, -32.806623936053803 ], [ -56.507686653095874, -32.806216969497015 ], [ -56.507918433844694, -32.806211283853017 ], [ -56.507890941364927, -32.805914653275828 ], [ -56.508444155375813, -32.805888662305563 ], [ -56.508484531125468, -32.805859299338671 ], [ -56.508498294929971, -32.805811583392611 ] ] ], [ [ [ -56.5027198742984, -32.813059671794342 ], [ -56.502890388111275, -32.812916843465985 ], [ -56.502928139957803, -32.812874057537172 ], [ -56.502930027678659, -32.812848889697143 ], [ -56.50229955192178, -32.812266666844984 ], [ -56.502137108499753, -32.812589231223541 ], [ -56.502016013228236, -32.812931186139032 ], [ -56.501907744364111, -32.813311216982861 ], [ -56.501872952945774, -32.813490132910232 ], [ -56.502055437756141, -32.813625323871072 ], [ -56.502145873458552, -32.813549892313844 ], [ -56.5027198742984, -32.813059671794342 ] ] ] ] } },
{ "type": "Feature", "properties": { "codigo_ai": 19220003, "nombre_ai": "Caballeriza", "nombre_dep": "Treinta y Tres", "nombre_loc": "Treinta y Tres", "fecha_desde": 2013, "footprints_all": 10, "footprints_min6": 10, "footprints_min10": 9, "oai_viviendas": null, "oai_personas": null, "est_dwellings": 9.0, "est_population": 31.0, "meets_definition": true }, "geometry": { "type": "Polygon", "coordinates": [ [ [ -54.392518852482524, -33.238119346412716 ], [ -54.392493602635419, -33.238267639434753 ], [ -54.392581013615754, -33.238352146862411 ], [ -54.39268859170101, -33.238456156589962 ], [ -54.392792134813163, -33.238556262303206 ], [ -54.392879281394762, -33.238640515138712 ], [ -54.393371074474494, -33.238541240559876 ], [ -54.39347897926244, -33.237936299144515 ], [ -54.393475768603864, -33.237935845022562 ], [ -54.393158160706442, -33.237891055825287 ], [ -54.39315322665469, -33.237890358178824 ], [ -54.393133605886831, -33.238004170345214 ], [ -54.393016977648657, -33.237987588693585 ], [ -54.392905412562961, -33.237971730740028 ], [ -54.392898990553654, -33.237970809829136 ], [ -54.392884568000859, -33.238051414917464 ], [ -54.39286445414313, -33.238163789409377 ], [ -54.392835559030637, -33.238160070947416 ], [ -54.392522064345542, -33.2381197600115 ], [ -54.392518852482524, -33.238119346412716 ] ] ] } },
{ "type": "Feature", "properties": { "codigo_ai": 19220001, "nombre_ai": "El Palomar", "nombre_dep": "Treinta y Tres", "nombre_loc": "Treinta y Tres", "fecha_desde": 1975, "footprints_all": 114, "footprints_min6": 114, "footprints_min10": 102, "oai_viviendas": null, "oai_personas": null, "est_dwellings": 103.0, "est_population": 350.0, "meets_definition": true }, "geometry": { "type": "Polygon", "coordinates": [ [ [ -54.382779111578117, -33.221330603553298 ], [ -54.383036015444617, -33.219761986560698 ], [ -54.382448669034758, -33.21969748756046 ], [ -54.381543434947019, -33.219632807847994 ], [ -54.381373741378823, -33.219603166312389 ], [ -54.381352539619485, -33.219708450848472 ], [ -54.381040608504222, -33.221154285877041 ], [ -54.382779111578117, -33.221330603553298 ] ] ] } }
]
}
